$version Generated by VerilatedVcd $end
$timescale 1ps $end
 $scope module TOP $end
  $var wire 1 # clk $end
  $var wire 1 $ reset $end
  $var wire 8 % data_in [7:0] $end
  $var wire 1 & end_in $end
  $var wire 1 ' valid_in $end
  $var wire 1 ( ready_in $end
  $var wire 8 ) data_out [7:0] $end
  $var wire 1 * end_out $end
  $var wire 1 + valid_out $end
  $var wire 1 , ready_out $end
  $scope module adder_avst $end
   $var wire 1 # clk $end
   $var wire 1 $ reset $end
   $var wire 8 % data_in [7:0] $end
   $var wire 1 & end_in $end
   $var wire 1 ' valid_in $end
   $var wire 1 ( ready_in $end
   $var wire 8 ) data_out [7:0] $end
   $var wire 1 * end_out $end
   $var wire 1 + valid_out $end
   $var wire 1 , ready_out $end
   $var wire 3 - count_out [2:0] $end
   $var wire 32 . sum [31:0] $end
  $upscope $end
 $upscope $end
$enddefinitions $end


#2000
0#
1$
b00000000 %
0&
0'
0(
b00000000 )
0*
0+
1,
b000 -
b00000000000000000000000000000000 .
#12000
1#
1(
b111 -
#22000
0#
#32000
1#
#42000
0#
#52000
1#
#62000
0#
#72000
1#
#82000
0#
#92000
1#
#102000
0#
0$
#112000
1#
#122000
0#
b01010010 %
1'
#132000
1#
b00000000000000000000000001010010 .
#142000
0#
b00111001 %
#152000
1#
b00000000000000000000000010001011 .
#162000
0#
b01000010 %
0,
#172000
1#
b00000000000000000000000011001101 .
#182000
0#
b01010111 %
#192000
1#
b00000000000000000000000100100100 .
#202000
0#
b01011001 %
#212000
1#
b00000000000000000000000101111101 .
#222000
0#
b01110111 %
#232000
1#
b00000000000000000000000111110100 .
#242000
0#
b01101011 %
#252000
1#
b00000000000000000000001001011111 .
#262000
0#
b00111010 %
#272000
1#
b00000000000000000000001010011001 .
#282000
0#
b01000001 %
#292000
1#
b00000000000000000000001011011010 .
#302000
0#
b01100000 %
#312000
1#
b00000000000000000000001100111010 .
#322000
0#
b01100110 %
1,
#332000
1#
b00000000000000000000001110100000 .
#342000
0#
b01000011 %
#352000
1#
b00000000000000000000001111100011 .
#362000
0#
b00110011 %
0,
#372000
1#
b00000000000000000000010000010110 .
#382000
0#
b01101110 %
#392000
1#
b00000000000000000000010010000100 .
#402000
0#
b00110111 %
#412000
1#
b00000000000000000000010010111011 .
#422000
0#
b00111101 %
1,
#432000
1#
b00000000000000000000010011111000 .
#442000
0#
b01011010 %
#452000
1#
b00000000000000000000010101010010 .
#462000
0#
b01101110 %
#472000
1#
b00000000000000000000010111000000 .
#482000
0#
b01101111 %
#492000
1#
b00000000000000000000011000101111 .
#502000
0#
b00110011 %
#512000
1#
b00000000000000000000011001100010 .
#522000
0#
b00111011 %
#532000
1#
b00000000000000000000011010011101 .
#542000
0#
b01101100 %
0,
#552000
1#
b00000000000000000000011100001001 .
#562000
0#
b01100100 %
#572000
1#
b00000000000000000000011101101101 .
#582000
0#
b00110010 %
1,
#592000
1#
b00000000000000000000011110011111 .
#602000
0#
b01011011 %
#612000
1#
b00000000000000000000011111111010 .
#622000
0#
b01100001 %
#632000
1#
b00000000000000000000100001011011 .
#642000
0#
b01100011 %
#652000
1#
b00000000000000000000100010111110 .
#662000
0#
b01101101 %
#672000
1#
b00000000000000000000100100101011 .
#682000
0#
b01110100 %
#692000
1#
b00000000000000000000100110011111 .
#702000
0#
b00111111 %
#712000
1#
b00000000000000000000100111011110 .
#722000
0#
b01110111 %
#732000
1#
b00000000000000000000101001010101 .
#742000
0#
b00111101 %
1&
#752000
1#
0(
b100 -
b00000000000000000000101010010010 .
#762000
0#
b01111000 %
0&
#772000
1#
1+
b011 -
#782000
0#
0'
#792000
1#
b010 -
#802000
0#
#812000
1#
b00001010 )
b001 -
#822000
0#
#832000
1#
b10010010 )
1*
b000 -
#842000
0#
#852000
1#
1(
b00000000 )
0*
0+
b111 -
b00000000000000000000000000000000 .
#862000
0#
#872000
1#
#882000
0#
b00110010 %
1'
#892000
1#
b00000000000000000000000000110010 .
#902000
0#
b00110100 %
#912000
1#
b00000000000000000000000001100110 .
#922000
0#
b01100000 %
#932000
1#
b00000000000000000000000011000110 .
#942000
0#
b01111001 %
#952000
1#
b00000000000000000000000100111111 .
#962000
0#
b01011110 %
#972000
1#
b00000000000000000000000110011101 .
#982000
0#
b01110010 %
#992000
1#
b00000000000000000000001000001111 .
#1002000
0#
b01000000 %
#1012000
1#
b00000000000000000000001001001111 .
#1022000
0#
b01101110 %
#1032000
1#
b00000000000000000000001010111101 .
#1042000
0#
b01110111 %
#1052000
1#
b00000000000000000000001100110100 .
#1062000
0#
b01101000 %
#1072000
1#
b00000000000000000000001110011100 .
#1082000
0#
b00110110 %
#1092000
1#
b00000000000000000000001111010010 .
#1102000
0#
b01110101 %
#1112000
1#
b00000000000000000000010001000111 .
#1122000
0#
b01001000 %
#1132000
1#
b00000000000000000000010010001111 .
#1142000
0#
b01010001 %
#1152000
1#
b00000000000000000000010011100000 .
#1162000
0#
b01110111 %
#1172000
1#
b00000000000000000000010101010111 .
#1182000
0#
b00111001 %
#1192000
1#
b00000000000000000000010110010000 .
#1202000
0#
b01110111 %
#1212000
1#
b00000000000000000000011000000111 .
#1222000
0#
b01100001 %
0,
#1232000
1#
b00000000000000000000011001101000 .
#1242000
0#
b01100101 %
#1252000
1#
b00000000000000000000011011001101 .
#1262000
0#
b00110111 %
#1272000
1#
b00000000000000000000011100000100 .
#1282000
0#
b01101001 %
1,
#1292000
1#
b00000000000000000000011101101101 .
#1302000
0#
b01001111 %
#1312000
1#
b00000000000000000000011110111100 .
#1322000
0#
b01101001 %
#1332000
1#
b00000000000000000000100000100101 .
#1342000
0#
b01011010 %
#1352000
1#
b00000000000000000000100001111111 .
#1362000
0#
b01101011 %
#1372000
1#
b00000000000000000000100011101010 .
#1382000
0#
b01010001 %
#1392000
1#
b00000000000000000000100100111011 .
#1402000
0#
b01000000 %
0,
#1412000
1#
b00000000000000000000100101111011 .
#1422000
0#
b01001010 %
1,
#1432000
1#
b00000000000000000000100111000101 .
#1442000
0#
b01000010 %
#1452000
1#
b00000000000000000000101000000111 .
#1462000
0#
b01110100 %
#1472000
1#
b00000000000000000000101001111011 .
#1482000
0#
b01101100 %
#1492000
1#
b00000000000000000000101011100111 .
#1502000
0#
b00110001 %
#1512000
1#
b00000000000000000000101100011000 .
#1522000
0#
b01100011 %
#1532000
1#
b00000000000000000000101101111011 .
#1542000
0#
b01000101 %
#1552000
1#
b00000000000000000000101111000000 .
#1562000
0#
b01010101 %
#1572000
1#
b00000000000000000000110000010101 .
#1582000
0#
b01001001 %
#1592000
1#
b00000000000000000000110001011110 .
#1602000
0#
b00111110 %
0,
#1612000
1#
b00000000000000000000110010011100 .
#1622000
0#
b00111001 %
#1632000
1#
b00000000000000000000110011010101 .
#1642000
0#
b00110011 %
#1652000
1#
b00000000000000000000110100001000 .
#1662000
0#
b01011101 %
#1672000
1#
b00000000000000000000110101100101 .
#1682000
0#
b01100000 %
1&
#1692000
1#
0(
b100 -
b00000000000000000000110111000101 .
#1702000
0#
b01001110 %
0&
#1712000
1#
1+
#1722000
0#
0'
1,
#1732000
1#
b011 -
#1742000
0#
#1752000
1#
b010 -
#1762000
0#
#1772000
1#
b00001101 )
b001 -
#1782000
0#
#1792000
1#
b11000101 )
1*
b000 -
#1802000
0#
#1812000
1#
1(
b00000000 )
0*
0+
b111 -
b00000000000000000000000000000000 .
#1822000
0#
#1832000
1#
#1842000
0#
b01100111 %
1'
#1852000
1#
b00000000000000000000000001100111 .
#1862000
0#
b01000110 %
#1872000
1#
b00000000000000000000000010101101 .
#1882000
0#
b01010001 %
#1892000
1#
b00000000000000000000000011111110 .
#1902000
0#
0'
#1912000
1#
#1922000
0#
#1932000
1#
#1942000
0#
#1952000
1#
#1962000
0#
#1972000
1#
#1982000
0#
#1992000
1#
#2002000
0#
b00110110 %
1'
#2012000
1#
b00000000000000000000000100110100 .
#2022000
0#
b01101110 %
#2032000
1#
b00000000000000000000000110100010 .
#2042000
0#
b01010110 %
#2052000
1#
b00000000000000000000000111111000 .
#2062000
0#
b01010011 %
#2072000
1#
b00000000000000000000001001001011 .
#2082000
0#
b01011011 %
#2092000
1#
b00000000000000000000001010100110 .
#2102000
0#
b01010110 %
#2112000
1#
b00000000000000000000001011111100 .
#2122000
0#
b01111010 %
#2132000
1#
b00000000000000000000001101110110 .
#2142000
0#
b01100101 %
0,
#2152000
1#
b00000000000000000000001111011011 .
#2162000
0#
b01100100 %
#2172000
1#
b00000000000000000000010000111111 .
#2182000
0#
b01111010 %
#2192000
1#
b00000000000000000000010010111001 .
#2202000
0#
b01100110 %
#2212000
1#
b00000000000000000000010100011111 .
#2222000
0#
b00110001 %
#2232000
1#
b00000000000000000000010101010000 .
#2242000
0#
b01010010 %
#2252000
1#
b00000000000000000000010110100010 .
#2262000
0#
b01101111 %
#2272000
1#
b00000000000000000000011000010001 .
#2282000
0#
b01101100 %
1,
#2292000
1#
b00000000000000000000011001111101 .
#2302000
0#
b01000001 %
0,
#2312000
1#
b00000000000000000000011010111110 .
#2322000
0#
b00111000 %
#2332000
1#
b00000000000000000000011011110110 .
#2342000
0#
b01000010 %
#2352000
1#
b00000000000000000000011100111000 .
#2362000
0#
0'
1,
#2372000
1#
#2382000
0#
#2392000
1#
#2402000
0#
#2412000
1#
#2422000
0#
#2432000
1#
#2442000
0#
#2452000
1#
#2462000
0#
#2472000
1#
#2482000
0#
0,
#2492000
1#
#2502000
0#
#2512000
1#
#2522000
0#
#2532000
1#
#2542000
0#
b01100001 %
1'
1,
#2552000
1#
b00000000000000000000011110011001 .
#2562000
0#
b01000111 %
#2572000
1#
b00000000000000000000011111100000 .
#2582000
0#
b01001011 %
0,
#2592000
1#
b00000000000000000000100000101011 .
#2602000
0#
b01010010 %
1,
#2612000
1#
b00000000000000000000100001111101 .
#2622000
0#
b01001000 %
#2632000
1#
b00000000000000000000100011000101 .
#2642000
0#
b00111010 %
0,
#2652000
1#
b00000000000000000000100011111111 .
#2662000
0#
b01001001 %
1,
#2672000
1#
b00000000000000000000100101001000 .
#2682000
0#
b01110111 %
#2692000
1#
b00000000000000000000100110111111 .
#2702000
0#
b00110011 %
#2712000
1#
b00000000000000000000100111110010 .
#2722000
0#
b01100100 %
#2732000
1#
b00000000000000000000101001010110 .
#2742000
0#
b01000111 %
#2752000
1#
b00000000000000000000101010011101 .
#2762000
0#
b01001110 %
#2772000
1#
b00000000000000000000101011101011 .
#2782000
0#
b01001111 %
#2792000
1#
b00000000000000000000101100111010 .
#2802000
0#
b01001010 %
#2812000
1#
b00000000000000000000101110000100 .
#2822000
0#
b01010110 %
#2832000
1#
b00000000000000000000101111011010 .
#2842000
0#
b01101010 %
#2852000
1#
b00000000000000000000110001000100 .
#2862000
0#
b00111110 %
#2872000
1#
b00000000000000000000110010000010 .
#2882000
0#
b01111000 %
#2892000
1#
b00000000000000000000110011111010 .
#2902000
0#
b01011000 %
#2912000
1#
b00000000000000000000110101010010 .
#2922000
0#
b01000111 %
#2932000
1#
b00000000000000000000110110011001 .
#2942000
0#
b01100001 %
#2952000
1#
b00000000000000000000110111111010 .
#2962000
0#
b00111011 %
#2972000
1#
b00000000000000000000111000110101 .
#2982000
0#
b01101011 %
0,
#2992000
1#
b00000000000000000000111010100000 .
#3002000
0#
b00110010 %
#3012000
1#
b00000000000000000000111011010010 .
#3022000
0#
b01011111 %
#3032000
1#
b00000000000000000000111100110001 .
#3042000
0#
b01001011 %
#3052000
1#
b00000000000000000000111101111100 .
#3062000
0#
b01010010 %
#3072000
1#
b00000000000000000000111111001110 .
#3082000
0#
b01110110 %
#3092000
1#
b00000000000000000001000001000100 .
#3102000
0#
b01100010 %
1,
#3112000
1#
b00000000000000000001000010100110 .
#3122000
0#
b01110001 %
#3132000
1#
b00000000000000000001000100010111 .
#3142000
0#
b01011100 %
0,
#3152000
1#
b00000000000000000001000101110011 .
#3162000
0#
b01110000 %
1&
#3172000
1#
0(
b100 -
b00000000000000000001000111100011 .
#3182000
0#
b01010100 %
0&
1,
#3192000
1#
1+
b011 -
#3202000
0#
0'
#3212000
1#
b010 -
#3222000
0#
#3232000
1#
b00010001 )
b001 -
#3242000
0#
#3252000
1#
b11100011 )
1*
b000 -
#3262000
0#
#3272000
1#
1(
b00000000 )
0*
0+
b111 -
b00000000000000000000000000000000 .
#3282000
0#
#3292000
1#
#3302000
0#
1'
#3312000
1#
b00000000000000000000000001010100 .
#3322000
0#
b00110111 %
#3332000
1#
b00000000000000000000000010001011 .
#3342000
0#
b00110000 %
#3352000
1#
b00000000000000000000000010111011 .
#3362000
0#
b00110011 %
#3372000
1#
b00000000000000000000000011101110 .
#3382000
0#
b01100110 %
#3392000
1#
b00000000000000000000000101010100 .
#3402000
0#
b00110010 %
#3412000
1#
b00000000000000000000000110000110 .
#3422000
0#
b01110111 %
#3432000
1#
b00000000000000000000000111111101 .
#3442000
0#
b01010010 %
#3452000
1#
b00000000000000000000001001001111 .
#3462000
0#
b01010111 %
#3472000
1#
b00000000000000000000001010100110 .
#3482000
0#
b01101001 %
#3492000
1#
b00000000000000000000001100001111 .
#3502000
0#
b00111011 %
#3512000
1#
b00000000000000000000001101001010 .
#3522000
0#
b00111010 %
#3532000
1#
b00000000000000000000001110000100 .
#3542000
0#
b01101110 %
#3552000
1#
b00000000000000000000001111110010 .
#3562000
0#
b00110111 %
#3572000
1#
b00000000000000000000010000101001 .
#3582000
0#
b01001010 %
#3592000
1#
b00000000000000000000010001110011 .
#3602000
0#
b00110001 %
#3612000
1#
b00000000000000000000010010100100 .
#3622000
0#
b01100110 %
#3632000
1#
b00000000000000000000010100001010 .
#3642000
0#
b01000101 %
#3652000
1#
b00000000000000000000010101001111 .
#3662000
0#
b00110101 %
#3672000
1#
b00000000000000000000010110000100 .
#3682000
0#
b01100000 %
#3692000
1#
b00000000000000000000010111100100 .
#3702000
0#
b01110111 %
#3712000
1#
b00000000000000000000011001011011 .
#3722000
0#
b01010011 %
#3732000
1#
b00000000000000000000011010101110 .
#3742000
0#
b01000110 %
#3752000
1#
b00000000000000000000011011110100 .
#3762000
0#
b01101111 %
#3772000
1#
b00000000000000000000011101100011 .
#3782000
0#
b01000000 %
#3792000
1#
b00000000000000000000011110100011 .
#3802000
0#
b01010001 %
#3812000
1#
b00000000000000000000011111110100 .
#3822000
0#
b00111110 %
#3832000
1#
b00000000000000000000100000110010 .
#3842000
0#
b01100000 %
#3852000
1#
b00000000000000000000100010010010 .
#3862000
0#
b01111001 %
#3872000
1#
b00000000000000000000100100001011 .
#3882000
0#
b00111101 %
#3892000
1#
b00000000000000000000100101001000 .
#3902000
0#
b01010101 %
#3912000
1#
b00000000000000000000100110011101 .
#3922000
0#
b01110010 %
#3932000
1#
b00000000000000000000101000001111 .
#3942000
0#
b01000111 %
#3952000
1#
b00000000000000000000101001010110 .
#3962000
0#
b01011100 %
#3972000
1#
b00000000000000000000101010110010 .
#3982000
0#
b01001010 %
#3992000
1#
b00000000000000000000101011111100 .
#4002000
0#
b00111000 %
#4012000
1#
b00000000000000000000101100110100 .
#4022000
0#
b00110010 %
#4032000
1#
b00000000000000000000101101100110 .
#4042000
0#
b01011000 %
0,
#4052000
1#
b00000000000000000000101110111110 .
#4062000
0#
b00110010 %
#4072000
1#
b00000000000000000000101111110000 .
#4082000
0#
b01101010 %
#4092000
1#
b00000000000000000000110001011010 .
#4102000
0#
b00110111 %
#4112000
1#
b00000000000000000000110010010001 .
#4122000
0#
b01000011 %
#4132000
1#
b00000000000000000000110011010100 .
#4142000
0#
b01001010 %
#4152000
1#
b00000000000000000000110100011110 .
#4162000
0#
b01011011 %
1&
#4172000
1#
0(
b100 -
b00000000000000000000110101111001 .
#4182000
0#
b01000001 %
0&
1,
#4192000
1#
1+
b011 -
#4202000
0#
0'
#4212000
1#
b010 -
#4222000
0#
#4232000
1#
b00001101 )
b001 -
#4242000
0#
#4252000
1#
b01111001 )
1*
b000 -
#4262000
0#
#4272000
1#
1(
b00000000 )
0*
0+
b111 -
b00000000000000000000000000000000 .
#4282000
0#
#4292000
1#
#4302000
0#
b00111011 %
1'
#4312000
1#
b00000000000000000000000000111011 .
#4322000
0#
b01000011 %
#4332000
1#
b00000000000000000000000001111110 .
#4342000
0#
b01010100 %
#4352000
1#
b00000000000000000000000011010010 .
#4362000
0#
b01100001 %
#4372000
1#
b00000000000000000000000100110011 .
#4382000
0#
b01001111 %
#4392000
1#
b00000000000000000000000110000010 .
#4402000
0#
b01100001 %
#4412000
1#
b00000000000000000000000111100011 .
#4422000
0#
b01100110 %
#4432000
1#
b00000000000000000000001001001001 .
#4442000
0#
b01010100 %
#4452000
1#
b00000000000000000000001010011101 .
#4462000
0#
b00111000 %
#4472000
1#
b00000000000000000000001011010101 .
#4482000
0#
b01101001 %
#4492000
1#
b00000000000000000000001100111110 .
#4502000
0#
b01100111 %
#4512000
1#
b00000000000000000000001110100101 .
#4522000
0#
b01100101 %
#4532000
1#
b00000000000000000000010000001010 .
#4542000
0#
b01010010 %
#4552000
1#
b00000000000000000000010001011100 .
#4562000
0#
b00110000 %
#4572000
1#
b00000000000000000000010010001100 .
#4582000
0#
b01101100 %
#4592000
1#
b00000000000000000000010011111000 .
#4602000
0#
b01011100 %
#4612000
1#
b00000000000000000000010101010100 .
#4622000
0#
b01111010 %
#4632000
1#
b00000000000000000000010111001110 .
#4642000
0#
b00110011 %
0,
#4652000
1#
b00000000000000000000011000000001 .
#4662000
0#
b00111101 %
#4672000
1#
b00000000000000000000011000111110 .
#4682000
0#
b00110010 %
#4692000
1#
b00000000000000000000011001110000 .
#4702000
0#
b01111010 %
#4712000
1#
b00000000000000000000011011101010 .
#4722000
0#
b01000000 %
1,
#4732000
1#
b00000000000000000000011100101010 .
#4742000
0#
b01101100 %
#4752000
1#
b00000000000000000000011110010110 .
#4762000
0#
b01111001 %
#4772000
1#
b00000000000000000000100000001111 .
#4782000
0#
b01010011 %
#4792000
1#
b00000000000000000000100001100010 .
#4802000
0#
b01000111 %
1&
#4812000
1#
0(
b100 -
b00000000000000000000100010101001 .
#4822000
0#
b01010101 %
0&
#4832000
1#
1+
b011 -
#4842000
0#
0'
#4852000
1#
b010 -
#4862000
0#
#4872000
1#
b00001000 )
b001 -
#4882000
0#
#4892000
1#
b10101001 )
1*
b000 -
#4902000
0#
#4912000
1#
1(
b00000000 )
0*
0+
b111 -
b00000000000000000000000000000000 .
#4922000
0#
#4932000
1#
#4942000
0#
b01100111 %
1'
#4952000
1#
b00000000000000000000000001100111 .
#4962000
0#
b01111010 %
#4972000
1#
b00000000000000000000000011100001 .
#4982000
0#
b01010000 %
#4992000
1#
b00000000000000000000000100110001 .
#5002000
0#
b01001100 %
#5012000
1#
b00000000000000000000000101111101 .
#5022000
0#
b00111100 %
0,
#5032000
1#
b00000000000000000000000110111001 .
#5042000
0#
b00110101 %
#5052000
1#
b00000000000000000000000111101110 .
#5062000
0#
b01001100 %
#5072000
1#
b00000000000000000000001000111010 .
#5082000
0#
b01010010 %
#5092000
1#
b00000000000000000000001010001100 .
#5102000
0#
b00110100 %
#5112000
1#
b00000000000000000000001011000000 .
#5122000
0#
b00110001 %
#5132000
1#
b00000000000000000000001011110001 .
#5142000
0#
b01010101 %
#5152000
1#
b00000000000000000000001101000110 .
#5162000
0#
b01111010 %
#5172000
1#
b00000000000000000000001111000000 .
#5182000
0#
b01000001 %
#5192000
1#
b00000000000000000000010000000001 .
#5202000
0#
b01000011 %
#5212000
1#
b00000000000000000000010001000100 .
#5222000
0#
b01000101 %
#5232000
1#
b00000000000000000000010010001001 .
#5242000
0#
b01111001 %
#5252000
1#
b00000000000000000000010100000010 .
#5262000
0#
b01110100 %
#5272000
1#
b00000000000000000000010101110110 .
#5282000
0#
b01100100 %
#5292000
1#
b00000000000000000000010111011010 .
#5302000
0#
b01011001 %
#5312000
1#
b00000000000000000000011000110011 .
#5322000
0#
b01000110 %
#5332000
1#
b00000000000000000000011001111001 .
#5342000
0#
b01100101 %
#5352000
1#
b00000000000000000000011011011110 .
#5362000
0#
b00110111 %
#5372000
1#
b00000000000000000000011100010101 .
#5382000
0#
b01110101 %
1,
#5392000
1#
b00000000000000000000011110001010 .
#5402000
0#
b01100011 %
0,
#5412000
1#
b00000000000000000000011111101101 .
#5422000
0#
b01101111 %
#5432000
1#
b00000000000000000000100001011100 .
#5442000
0#
b01101110 %
#5452000
1#
b00000000000000000000100011001010 .
#5462000
0#
b01101000 %
#5472000
1#
b00000000000000000000100100110010 .
#5482000
0#
b01000110 %
#5492000
1#
b00000000000000000000100101111000 .
#5502000
0#
b01001100 %
1,
#5512000
1#
b00000000000000000000100111000100 .
#5522000
0#
b01111010 %
#5532000
1#
b00000000000000000000101000111110 .
#5542000
0#
b01000100 %
#5552000
1#
b00000000000000000000101010000010 .
#5562000
0#
b00110000 %
#5572000
1#
b00000000000000000000101010110010 .
#5582000
0#
b01101111 %
#5592000
1#
b00000000000000000000101100100001 .
#5602000
0#
b01001011 %
#5612000
1#
b00000000000000000000101101101100 .
#5622000
0#
b01110001 %
#5632000
1#
b00000000000000000000101111011101 .
#5642000
0#
b01010011 %
#5652000
1#
b00000000000000000000110000110000 .
#5662000
0#
b01000000 %
0,
#5672000
1#
b00000000000000000000110001110000 .
#5682000
0#
b00110100 %
#5692000
1#
b00000000000000000000110010100100 .
#5702000
0#
b01010100 %
#5712000
1#
b00000000000000000000110011111000 .
#5722000
0#
b01101101 %
#5732000
1#
b00000000000000000000110101100101 .
#5742000
0#
b01001001 %
1,
#5752000
1#
b00000000000000000000110110101110 .
#5762000
0#
b01010101 %
#5772000
1#
b00000000000000000000111000000011 .
#5782000
0#
b01101010 %
#5792000
1#
b00000000000000000000111001101101 .
#5802000
0#
b01101110 %
#5812000
1#
b00000000000000000000111011011011 .
#5822000
0#
b01110010 %
#5832000
1#
b00000000000000000000111101001101 .
#5842000
0#
b01010111 %
#5852000
1#
b00000000000000000000111110100100 .
#5862000
0#
b01111010 %
#5872000
1#
b00000000000000000001000000011110 .
#5882000
0#
b01001010 %
#5892000
1#
b00000000000000000001000001101000 .
#5902000
0#
b01101000 %
0,
#5912000
1#
b00000000000000000001000011010000 .
#5922000
0#
b01101110 %
#5932000
1#
b00000000000000000001000100111110 .
#5942000
0#
b01101100 %
1&
#5952000
1#
0(
b100 -
b00000000000000000001000110101010 .
#5962000
0#
b00111111 %
0&
#5972000
1#
1+
#5982000
0#
0'
#5992000
1#
#6002000
0#
#6012000
1#
#6022000
0#
#6032000
1#
#6042000
0#
#6052000
1#
#6062000
0#
1,
#6072000
1#
b011 -
#6082000
0#
#6092000
1#
b010 -
#6102000
0#
0,
#6112000
1#
b00010001 )
#6122000
0#
#6132000
1#
#6142000
0#
#6152000
1#
#6162000
0#
#6172000
1#
#6182000
0#
#6192000
1#
#6202000
0#
#6212000
1#
#6222000
0#
#6232000
1#
#6242000
0#
#6252000
1#
#6262000
0#
1,
#6272000
1#
b001 -
#6282000
0#
#6292000
1#
b10101010 )
1*
b000 -
#6302000
0#
#6312000
1#
1(
b00000000 )
0*
0+
b111 -
b00000000000000000000000000000000 .
#6322000
0#
#6332000
1#
#6342000
0#
b01011101 %
1'
#6352000
1#
b00000000000000000000000001011101 .
#6362000
0#
b01111000 %
#6372000
1#
b00000000000000000000000011010101 .
#6382000
0#
b01110010 %
#6392000
1#
b00000000000000000000000101000111 .
#6402000
0#
b01111001 %
#6412000
1#
b00000000000000000000000111000000 .
#6422000
0#
b01011010 %
#6432000
1#
b00000000000000000000001000011010 .
#6442000
0#
b00111010 %
#6452000
1#
b00000000000000000000001001010100 .
#6462000
0#
b00111101 %
#6472000
1#
b00000000000000000000001010010001 .
#6482000
0#
b01100101 %
#6492000
1#
b00000000000000000000001011110110 .
#6502000
0#
b01001110 %
#6512000
1#
b00000000000000000000001101000100 .
#6522000
0#
b01100000 %
#6532000
1#
b00000000000000000000001110100100 .
#6542000
0#
b01101010 %
#6552000
1#
b00000000000000000000010000001110 .
#6562000
0#
b01100011 %
#6572000
1#
b00000000000000000000010001110001 .
#6582000
0#
b01011110 %
#6592000
1#
b00000000000000000000010011001111 .
#6602000
0#
b01110001 %
#6612000
1#
b00000000000000000000010101000000 .
#6622000
0#
b01010000 %
#6632000
1#
b00000000000000000000010110010000 .
#6642000
0#
b01110110 %
#6652000
1#
b00000000000000000000011000000110 .
#6662000
0#
b01011101 %
#6672000
1#
b00000000000000000000011001100011 .
#6682000
0#
b01100101 %
#6692000
1#
b00000000000000000000011011001000 .
#6702000
0#
b00110001 %
#6712000
1#
b00000000000000000000011011111001 .
#6722000
0#
b00110100 %
#6732000
1#
b00000000000000000000011100101101 .
#6742000
0#
b01101111 %
#6752000
1#
b00000000000000000000011110011100 .
#6762000
0#
b01011011 %
#6772000
1#
b00000000000000000000011111110111 .
#6782000
0#
b01101110 %
#6792000
1#
b00000000000000000000100001100101 .
#6802000
0#
b01001100 %
#6812000
1#
b00000000000000000000100010110001 .
#6822000
0#
b01101111 %
#6832000
1#
b00000000000000000000100100100000 .
#6842000
0#
b01010001 %
#6852000
1#
b00000000000000000000100101110001 .
#6862000
0#
b00111110 %
#6872000
1#
b00000000000000000000100110101111 .
#6882000
0#
b01110001 %
#6892000
1#
b00000000000000000000101000100000 .
#6902000
0#
b00110111 %
0,
#6912000
1#
b00000000000000000000101001010111 .
#6922000
0#
b01111001 %
#6932000
1#
b00000000000000000000101011010000 .
#6942000
0#
b01110001 %
1&
#6952000
1#
0(
b100 -
b00000000000000000000101101000001 .
#6962000
0#
b00111000 %
0&
#6972000
1#
1+
#6982000
0#
0'
#6992000
1#
#7002000
0#
#7012000
1#
#7022000
0#
#7032000
1#
#7042000
0#
1,
#7052000
1#
b011 -
#7062000
0#
#7072000
1#
b010 -
#7082000
0#
#7092000
1#
b00001011 )
b001 -
#7102000
0#
0,
#7112000
1#
b01000001 )
1*
#7122000
0#
#7132000
1#
#7142000
0#
#7152000
1#
#7162000
0#
#7172000
1#
#7182000
0#
#7192000
1#
#7202000
0#
#7212000
1#
#7222000
0#
1,
#7232000
1#
b000 -
#7242000
0#
#7252000
1#
1(
b00000000 )
0*
0+
b111 -
b00000000000000000000000000000000 .
#7262000
0#
#7272000
1#
#7282000
0#
b01110010 %
1'
#7292000
1#
b00000000000000000000000001110010 .
#7302000
0#
b01100001 %
#7312000
1#
b00000000000000000000000011010011 .
#7322000
0#
b01111010 %
#7332000
1#
b00000000000000000000000101001101 .
#7342000
0#
b01100010 %
#7352000
1#
b00000000000000000000000110101111 .
#7362000
0#
b01011001 %
#7372000
1#
b00000000000000000000001000001000 .
#7382000
0#
b01000011 %
#7392000
1#
b00000000000000000000001001001011 .
#7402000
0#
b00111101 %
#7412000
1#
b00000000000000000000001010001000 .
#7422000
0#
b00111001 %
#7432000
1#
b00000000000000000000001011000001 .
#7442000
0#
b01100101 %
#7452000
1#
b00000000000000000000001100100110 .
#7462000
0#
b01011101 %
#7472000
1#
b00000000000000000000001110000011 .
#7482000
0#
b01100011 %
#7492000
1#
b00000000000000000000001111100110 .
#7502000
0#
b00110001 %
#7512000
1#
b00000000000000000000010000010111 .
#7522000
0#
b01100111 %
#7532000
1#
b00000000000000000000010001111110 .
#7542000
0#
b01000000 %
#7552000
1#
b00000000000000000000010010111110 .
#7562000
0#
b01101010 %
#7572000
1#
b00000000000000000000010100101000 .
#7582000
0#
b01010111 %
#7592000
1#
b00000000000000000000010101111111 .
#7602000
0#
b01011001 %
#7612000
1#
b00000000000000000000010111011000 .
#7622000
0#
b01111001 %
#7632000
1#
b00000000000000000000011001010001 .
#7642000
0#
b01011101 %
#7652000
1#
b00000000000000000000011010101110 .
#7662000
0#
b01010110 %
#7672000
1#
b00000000000000000000011100000100 .
#7682000
0#
b01111010 %
#7692000
1#
b00000000000000000000011101111110 .
#7702000
0#
b01010111 %
#7712000
1#
b00000000000000000000011111010101 .
#7722000
0#
0'
#7732000
1#
#7742000
0#
#7752000
1#
#7762000
0#
#7772000
1#
#7782000
0#
#7792000
1#
#7802000
0#
#7812000
1#
#7822000
0#
#7832000
1#
#7842000
0#
#7852000
1#
#7862000
0#
#7872000
1#
#7882000
0#
#7892000
1#
#7902000
0#
b01010110 %
1'
#7912000
1#
b00000000000000000000100000101011 .
#7922000
0#
b01101001 %
#7932000
1#
b00000000000000000000100010010100 .
#7942000
0#
b01001110 %
#7952000
1#
b00000000000000000000100011100010 .
#7962000
0#
b01000001 %
#7972000
1#
b00000000000000000000100100100011 .
#7982000
0#
b01101000 %
0,
#7992000
1#
b00000000000000000000100110001011 .
#8002000
0#
b00110100 %
#8012000
1#
b00000000000000000000100110111111 .
#8022000
0#
b01100110 %
#8032000
1#
b00000000000000000000101000100101 .
#8042000
0#
b01100101 %
#8052000
1#
b00000000000000000000101010001010 .
#8062000
0#
b01010010 %
#8072000
1#
b00000000000000000000101011011100 .
#8082000
0#
b01011010 %
1,
#8092000
1#
b00000000000000000000101100110110 .
#8102000
0#
b01110110 %
#8112000
1#
b00000000000000000000101110101100 .
#8122000
0#
b00110111 %
1&
#8132000
1#
0(
b100 -
b00000000000000000000101111100011 .
#8142000
0#
b01101110 %
0&
0,
#8152000
1#
1+
#8162000
0#
0'
#8172000
1#
#8182000
0#
#8192000
1#
#8202000
0#
#8212000
1#
#8222000
0#
#8232000
1#
#8242000
0#
1,
#8252000
1#
b011 -
#8262000
0#
#8272000
1#
b010 -
#8282000
0#
#8292000
1#
b00001011 )
b001 -
#8302000
0#
#8312000
1#
b11100011 )
1*
b000 -
#8322000
0#
#8332000
1#
1(
b00000000 )
0*
0+
b111 -
b00000000000000000000000000000000 .
#8342000
0#
#8352000
1#
#8362000
0#
b01101010 %
1'
#8372000
1#
b00000000000000000000000001101010 .
#8382000
0#
b01001001 %
#8392000
1#
b00000000000000000000000010110011 .
#8402000
0#
b00110100 %
#8412000
1#
b00000000000000000000000011100111 .
#8422000
0#
b00110011 %
0,
#8432000
1#
b00000000000000000000000100011010 .
#8442000
0#
b00111110 %
#8452000
1#
b00000000000000000000000101011000 .
#8462000
0#
#8472000
1#
b00000000000000000000000110010110 .
#8482000
0#
b01001110 %
#8492000
1#
b00000000000000000000000111100100 .
#8502000
0#
b01010101 %
1,
#8512000
1#
b00000000000000000000001000111001 .
#8522000
0#
b01011010 %
#8532000
1#
b00000000000000000000001010010011 .
#8542000
0#
b00111000 %
#8552000
1#
b00000000000000000000001011001011 .
#8562000
0#
b01000100 %
#8572000
1#
b00000000000000000000001100001111 .
#8582000
0#
0,
#8592000
1#
b00000000000000000000001101010011 .
#8602000
0#
b01000110 %
#8612000
1#
b00000000000000000000001110011001 .
#8622000
0#
b01000100 %
#8632000
1#
b00000000000000000000001111011101 .
#8642000
0#
b00110100 %
#8652000
1#
b00000000000000000000010000010001 .
#8662000
0#
b01111000 %
#8672000
1#
b00000000000000000000010010001001 .
#8682000
0#
b01101011 %
#8692000
1#
b00000000000000000000010011110100 .
#8702000
0#
b00111100 %
#8712000
1#
b00000000000000000000010100110000 .
#8722000
0#
b01010001 %
#8732000
1#
b00000000000000000000010110000001 .
#8742000
0#
b01001010 %
1,
#8752000
1#
b00000000000000000000010111001011 .
#8762000
0#
b01000001 %
0,
#8772000
1#
b00000000000000000000011000001100 .
#8782000
0#
b01011011 %
#8792000
1#
b00000000000000000000011001100111 .
#8802000
0#
0'
#8812000
1#
#8822000
0#
#8832000
1#
#8842000
0#
#8852000
1#
#8862000
0#
b00110000 %
1'
1,
#8872000
1#
b00000000000000000000011010010111 .
#8882000
0#
b01001011 %
#8892000
1#
b00000000000000000000011011100010 .
#8902000
0#
b01011001 %
#8912000
1#
b00000000000000000000011100111011 .
#8922000
0#
b01001101 %
#8932000
1#
b00000000000000000000011110001000 .
#8942000
0#
b01100001 %
0,
#8952000
1#
b00000000000000000000011111101001 .
#8962000
0#
b01110100 %
#8972000
1#
b00000000000000000000100001011101 .
#8982000
0#
b01110000 %
#8992000
1#
b00000000000000000000100011001101 .
#9002000
0#
0'
#9012000
1#
#9022000
0#
1,
#9032000
1#
#9042000
0#
b01000000 %
1'
#9052000
1#
b00000000000000000000100100001101 .
#9062000
0#
b01001110 %
0,
#9072000
1#
b00000000000000000000100101011011 .
#9082000
0#
b01001000 %
#9092000
1#
b00000000000000000000100110100011 .
#9102000
0#
b01000111 %
1,
#9112000
1#
b00000000000000000000100111101010 .
#9122000
0#
b01100011 %
#9132000
1#
b00000000000000000000101001001101 .
#9142000
0#
b01011100 %
#9152000
1#
b00000000000000000000101010101001 .
#9162000
0#
b01000101 %
0,
#9172000
1#
b00000000000000000000101011101110 .
#9182000
0#
b01001010 %
#9192000
1#
b00000000000000000000101100111000 .
#9202000
0#
b01101101 %
#9212000
1#
b00000000000000000000101110100101 .
#9222000
0#
b01001001 %
#9232000
1#
b00000000000000000000101111101110 .
#9242000
0#
b01011000 %
#9252000
1#
b00000000000000000000110001000110 .
#9262000
0#
b00110011 %
1,
#9272000
1#
b00000000000000000000110001111001 .
#9282000
0#
b00110000 %
#9292000
1#
b00000000000000000000110010101001 .
#9302000
0#
b01011100 %
#9312000
1#
b00000000000000000000110100000101 .
#9322000
0#
b01100111 %
0,
#9332000
1#
b00000000000000000000110101101100 .
#9342000
0#
b01001000 %
#9352000
1#
b00000000000000000000110110110100 .
#9362000
0#
b01100110 %
#9372000
1#
b00000000000000000000111000011010 .
#9382000
0#
b01110010 %
#9392000
1#
b00000000000000000000111010001100 .
#9402000
0#
b01001111 %
#9412000
1#
b00000000000000000000111011011011 .
#9422000
0#
b00111111 %
#9432000
1#
b00000000000000000000111100011010 .
#9442000
0#
b01101100 %
#9452000
1#
b00000000000000000000111110000110 .
#9462000
0#
b01110011 %
#9472000
1#
b00000000000000000000111111111001 .
#9482000
0#
b01110010 %
#9492000
1#
b00000000000000000001000001101011 .
#9502000
0#
b01100011 %
1,
#9512000
1#
b00000000000000000001000011001110 .
#9522000
0#
b01100101 %
#9532000
1#
b00000000000000000001000100110011 .
#9542000
0#
b01110000 %
#9552000
1#
b00000000000000000001000110100011 .
#9562000
0#
b00111000 %
1&
#9572000
1#
0(
b100 -
b00000000000000000001000111011011 .
#9582000
0#
b01011110 %
0&
#9592000
1#
1+
b011 -
#9602000
0#
0'
#9612000
1#
b010 -
#9622000
0#
#9632000
1#
b00010001 )
b001 -
#9642000
0#
#9652000
1#
b11011011 )
1*
b000 -
#9662000
0#
#9672000
1#
1(
b00000000 )
0*
0+
b111 -
b00000000000000000000000000000000 .
#9682000
0#
#9692000
1#
#9702000
0#
b01100110 %
1'
#9712000
1#
b00000000000000000000000001100110 .
#9722000
0#
b00110110 %
0,
#9732000
1#
b00000000000000000000000010011100 .
#9742000
0#
b00110001 %
#9752000
1#
b00000000000000000000000011001101 .
#9762000
0#
b01110101 %
#9772000
1#
b00000000000000000000000101000010 .
#9782000
0#
b00111110 %
#9792000
1#
b00000000000000000000000110000000 .
#9802000
0#
b01010101 %
1,
#9812000
1#
b00000000000000000000000111010101 .
#9822000
0#
b00110111 %
#9832000
1#
b00000000000000000000001000001100 .
#9842000
0#
b01110011 %
#9852000
1#
b00000000000000000000001001111111 .
#9862000
0#
b01001011 %
#9872000
1#
b00000000000000000000001011001010 .
#9882000
0#
b00111010 %
#9892000
1#
b00000000000000000000001100000100 .
#9902000
0#
b00110100 %
#9912000
1#
b00000000000000000000001100111000 .
#9922000
0#
b01000100 %
#9932000
1#
b00000000000000000000001101111100 .
#9942000
0#
b01110101 %
#9952000
1#
b00000000000000000000001111110001 .
#9962000
0#
b01110100 %
#9972000
1#
b00000000000000000000010001100101 .
#9982000
0#
b01001110 %
0,
#9992000
1#
b00000000000000000000010010110011 .
#10002000
0#
b01110101 %
#10012000
1#
b00000000000000000000010100101000 .
#10022000
0#
b01000010 %
1,
#10032000
1#
b00000000000000000000010101101010 .
#10042000
0#
b01100101 %
#10052000
1#
b00000000000000000000010111001111 .
#10062000
0#
b01000111 %
0,
#10072000
1#
b00000000000000000000011000010110 .
#10082000
0#
b01000110 %
#10092000
1#
b00000000000000000000011001011100 .
#10102000
0#
b01000010 %
#10112000
1#
b00000000000000000000011010011110 .
#10122000
0#
b01100001 %
#10132000
1#
b00000000000000000000011011111111 .
#10142000
0#
b01011110 %
#10152000
1#
b00000000000000000000011101011101 .
#10162000
0#
b01100000 %
1,
#10172000
1#
b00000000000000000000011110111101 .
#10182000
0#
#10192000
1#
b00000000000000000000100000011101 .
#10202000
0#
b01110000 %
#10212000
1#
b00000000000000000000100010001101 .
#10222000
0#
b01000100 %
#10232000
1#
b00000000000000000000100011010001 .
#10242000
0#
b01100101 %
#10252000
1#
b00000000000000000000100100110110 .
#10262000
0#
#10272000
1#
b00000000000000000000100110011011 .
#10282000
0#
b00110001 %
1&
#10292000
1#
0(
b100 -
b00000000000000000000100111001100 .
#10302000
0#
b01010000 %
0&
#10312000
1#
1+
b011 -
#10322000
0#
0'
#10332000
1#
b010 -
#10342000
0#
0,
#10352000
1#
b00001001 )
#10362000
0#
#10372000
1#
#10382000
0#
#10392000
1#
#10402000
0#
1,
#10412000
1#
b001 -
#10422000
0#
#10432000
1#
b11001100 )
1*
b000 -
#10442000
0#
#10452000
1#
1(
b00000000 )
0*
0+
b111 -
b00000000000000000000000000000000 .
#10462000
0#
0,
#10472000
1#
#10482000
0#
b01011110 %
1'
#10492000
1#
b00000000000000000000000001011110 .
#10502000
0#
#10512000
1#
b00000000000000000000000010111100 .
#10522000
0#
b01110111 %
#10532000
1#
b00000000000000000000000100110011 .
#10542000
0#
b01101101 %
1,
#10552000
1#
b00000000000000000000000110100000 .
#10562000
0#
b01100000 %
#10572000
1#
b00000000000000000000001000000000 .
#10582000
0#
b01000111 %
#10592000
1#
b00000000000000000000001001000111 .
#10602000
0#
b01101110 %
#10612000
1#
b00000000000000000000001010110101 .
#10622000
0#
b01000110 %
0,
#10632000
1#
b00000000000000000000001011111011 .
#10642000
0#
b01011100 %
#10652000
1#
b00000000000000000000001101010111 .
#10662000
0#
b01100010 %
#10672000
1#
b00000000000000000000001110111001 .
#10682000
0#
b00111101 %
#10692000
1#
b00000000000000000000001111110110 .
#10702000
0#
b00111111 %
#10712000
1#
b00000000000000000000010000110101 .
#10722000
0#
b00111001 %
#10732000
1#
b00000000000000000000010001101110 .
#10742000
0#
b01010000 %
#10752000
1#
b00000000000000000000010010111110 .
#10762000
0#
b00111000 %
1,
#10772000
1#
b00000000000000000000010011110110 .
#10782000
0#
b01100001 %
#10792000
1#
b00000000000000000000010101010111 .
#10802000
0#
b01110001 %
#10812000
1#
b00000000000000000000010111001000 .
#10822000
0#
b00110001 %
#10832000
1#
b00000000000000000000010111111001 .
#10842000
0#
b00110011 %
#10852000
1#
b00000000000000000000011000101100 .
#10862000
0#
b01010000 %
#10872000
1#
b00000000000000000000011001111100 .
#10882000
0#
b01000000 %
#10892000
1#
b00000000000000000000011010111100 .
#10902000
0#
b00111110 %
#10912000
1#
b00000000000000000000011011111010 .
#10922000
0#
b01000010 %
#10932000
1#
b00000000000000000000011100111100 .
#10942000
0#
b01010110 %
#10952000
1#
b00000000000000000000011110010010 .
#10962000
0#
b01110110 %
#10972000
1#
b00000000000000000000100000001000 .
#10982000
0#
b00111100 %
#10992000
1#
b00000000000000000000100001000100 .
#11002000
0#
b01000101 %
#11012000
1#
b00000000000000000000100010001001 .
#11022000
0#
b01110110 %
#11032000
1#
b00000000000000000000100011111111 .
#11042000
0#
b00110111 %
#11052000
1#
b00000000000000000000100100110110 .
#11062000
0#
b01011111 %
#11072000
1#
b00000000000000000000100110010101 .
#11082000
0#
b01010010 %
#11092000
1#
b00000000000000000000100111100111 .
#11102000
0#
b01010110 %
#11112000
1#
b00000000000000000000101000111101 .
#11122000
0#
b01000101 %
#11132000
1#
b00000000000000000000101010000010 .
#11142000
0#
b01011011 %
#11152000
1#
b00000000000000000000101011011101 .
#11162000
0#
b01001011 %
#11172000
1#
b00000000000000000000101100101000 .
#11182000
0#
b01110110 %
#11192000
1#
b00000000000000000000101110011110 .
#11202000
0#
b01100001 %
#11212000
1#
b00000000000000000000101111111111 .
#11222000
0#
b01011001 %
#11232000
1#
b00000000000000000000110001011000 .
#11242000
0#
b01011100 %
#11252000
1#
b00000000000000000000110010110100 .
#11262000
0#
b01100000 %
#11272000
1#
b00000000000000000000110100010100 .
#11282000
0#
b01000101 %
#11292000
1#
b00000000000000000000110101011001 .
#11302000
0#
#11312000
1#
b00000000000000000000110110011110 .
#11322000
0#
b01101110 %
#11332000
1#
b00000000000000000000111000001100 .
#11342000
0#
b01100101 %
#11352000
1#
b00000000000000000000111001110001 .
#11362000
0#
b00110011 %
#11372000
1#
b00000000000000000000111010100100 .
#11382000
0#
b01101001 %
#11392000
1#
b00000000000000000000111100001101 .
#11402000
0#
b01101011 %
#11412000
1#
b00000000000000000000111101111000 .
#11422000
0#
b01111000 %
#11432000
1#
b00000000000000000000111111110000 .
#11442000
0#
b01010100 %
#11452000
1#
b00000000000000000001000001000100 .
#11462000
0#
b00111010 %
#11472000
1#
b00000000000000000001000001111110 .
#11482000
0#
b01101110 %
#11492000
1#
b00000000000000000001000011101100 .
#11502000
0#
b01100111 %
1&
#11512000
1#
0(
b100 -
b00000000000000000001000101010011 .
#11522000
0#
b01011000 %
0&
#11532000
1#
1+
b011 -
#11542000
0#
0'
0,
#11552000
1#
#11562000
0#
#11572000
1#
#11582000
0#
#11592000
1#
#11602000
0#
#11612000
1#
#11622000
0#
#11632000
1#
#11642000
0#
#11652000
1#
#11662000
0#
1,
#11672000
1#
b010 -
#11682000
0#
0,
#11692000
1#
b00010001 )
#11702000
0#
#11712000
1#
#11722000
0#
#11732000
1#
#11742000
0#
#11752000
1#
#11762000
0#
#11772000
1#
#11782000
0#
#11792000
1#
#11802000
0#
#11812000
1#
#11822000
0#
1,
#11832000
1#
b001 -
#11842000
0#
#11852000
1#
b01010011 )
1*
b000 -
#11862000
0#
#11872000
1#
1(
b00000000 )
0*
0+
b111 -
b00000000000000000000000000000000 .
#11882000
0#
#11892000
1#
#11902000
0#
b01011011 %
1'
#11912000
1#
b00000000000000000000000001011011 .
#11922000
0#
b01011110 %
#11932000
1#
b00000000000000000000000010111001 .
#11942000
0#
b01011100 %
#11952000
1#
b00000000000000000000000100010101 .
#11962000
0#
b01101001 %
#11972000
1#
b00000000000000000000000101111110 .
#11982000
0#
b01010001 %
0,
#11992000
1#
b00000000000000000000000111001111 .
#12002000
0#
b01010111 %
#12012000
1#
b00000000000000000000001000100110 .
#12022000
0#
b01111000 %
#12032000
1#
b00000000000000000000001010011110 .
#12042000
0#
b01011010 %
#12052000
1#
b00000000000000000000001011111000 .
#12062000
0#
b00111010 %
#12072000
1#
b00000000000000000000001100110010 .
#12082000
0#
#12092000
1#
b00000000000000000000001101101100 .
#12102000
0#
b00110100 %
1,
#12112000
1#
b00000000000000000000001110100000 .
#12122000
0#
b01000101 %
#12132000
1#
b00000000000000000000001111100101 .
#12142000
0#
b01001110 %
#12152000
1#
b00000000000000000000010000110011 .
#12162000
0#
b01111001 %
#12172000
1#
b00000000000000000000010010101100 .
#12182000
0#
b00110111 %
#12192000
1#
b00000000000000000000010011100011 .
#12202000
0#
b01100111 %
#12212000
1#
b00000000000000000000010101001010 .
#12222000
0#
b01001000 %
#12232000
1#
b00000000000000000000010110010010 .
#12242000
0#
b01111001 %
#12252000
1#
b00000000000000000000011000001011 .
#12262000
0#
b01000100 %
#12272000
1#
b00000000000000000000011001001111 .
#12282000
0#
b01000011 %
#12292000
1#
b00000000000000000000011010010010 .
#12302000
0#
b01011001 %
#12312000
1#
b00000000000000000000011011101011 .
#12322000
0#
b01110000 %
0,
#12332000
1#
b00000000000000000000011101011011 .
#12342000
0#
b00111111 %
#12352000
1#
b00000000000000000000011110011010 .
#12362000
0#
b01110001 %
#12372000
1#
b00000000000000000000100000001011 .
#12382000
0#
b00111100 %
1,
#12392000
1#
b00000000000000000000100001000111 .
#12402000
0#
b00110011 %
#12412000
1#
b00000000000000000000100001111010 .
#12422000
0#
b01010001 %
#12432000
1#
b00000000000000000000100011001011 .
#12442000
0#
b00110111 %
#12452000
1#
b00000000000000000000100100000010 .
#12462000
0#
b01110101 %
#12472000
1#
b00000000000000000000100101110111 .
#12482000
0#
b01000010 %
#12492000
1#
b00000000000000000000100110111001 .
#12502000
0#
b01001101 %
1&
#12512000
1#
0(
b100 -
b00000000000000000000101000000110 .
#12522000
0#
b01000101 %
0&
#12532000
1#
1+
b011 -
#12542000
0#
0'
#12552000
1#
b010 -
#12562000
0#
#12572000
1#
b00001010 )
b001 -
#12582000
0#
#12592000
1#
b00000110 )
1*
b000 -
#12602000
0#
#12612000
1#
1(
b00000000 )
0*
0+
b111 -
b00000000000000000000000000000000 .
#12622000
0#
#12632000
1#
#12642000
0#
b01011100 %
1'
#12652000
1#
b00000000000000000000000001011100 .
#12662000
0#
b01010000 %
#12672000
1#
b00000000000000000000000010101100 .
#12682000
0#
b00111101 %
#12692000
1#
b00000000000000000000000011101001 .
#12702000
0#
b00111111 %
#12712000
1#
b00000000000000000000000100101000 .
#12722000
0#
b01010101 %
#12732000
1#
b00000000000000000000000101111101 .
#12742000
0#
b01110110 %
#12752000
1#
b00000000000000000000000111110011 .
#12762000
0#
b01010010 %
#12772000
1#
b00000000000000000000001001000101 .
#12782000
0#
b01001011 %
#12792000
1#
b00000000000000000000001010010000 .
#12802000
0#
b01101100 %
#12812000
1#
b00000000000000000000001011111100 .
#12822000
0#
b01010001 %
#12832000
1#
b00000000000000000000001101001101 .
#12842000
0#
b01001011 %
#12852000
1#
b00000000000000000000001110011000 .
#12862000
0#
b01001101 %
#12872000
1#
b00000000000000000000001111100101 .
#12882000
0#
b01000010 %
0,
#12892000
1#
b00000000000000000000010000100111 .
#12902000
0#
b01010000 %
#12912000
1#
b00000000000000000000010001110111 .
#12922000
0#
b01100101 %
#12932000
1#
b00000000000000000000010011011100 .
#12942000
0#
b01100111 %
#12952000
1#
b00000000000000000000010101000011 .
#12962000
0#
b01001011 %
#12972000
1#
b00000000000000000000010110001110 .
#12982000
0#
b00111101 %
#12992000
1#
b00000000000000000000010111001011 .
#13002000
0#
b01110100 %
#13012000
1#
b00000000000000000000011000111111 .
#13022000
0#
b01100001 %
#13032000
1#
b00000000000000000000011010100000 .
#13042000
0#
b00111001 %
#13052000
1#
b00000000000000000000011011011001 .
#13062000
0#
b01010100 %
#13072000
1#
b00000000000000000000011100101101 .
#13082000
0#
b00111011 %
#13092000
1#
b00000000000000000000011101101000 .
#13102000
0#
b01000100 %
#13112000
1#
b00000000000000000000011110101100 .
#13122000
0#
b01000110 %
1,
#13132000
1#
b00000000000000000000011111110010 .
#13142000
0#
b01101011 %
#13152000
1#
b00000000000000000000100001011101 .
#13162000
0#
b00111101 %
#13172000
1#
b00000000000000000000100010011010 .
#13182000
0#
b01011011 %
#13192000
1#
b00000000000000000000100011110101 .
#13202000
0#
b01101110 %
#13212000
1#
b00000000000000000000100101100011 .
#13222000
0#
0'
#13232000
1#
#13242000
0#
#13252000
1#
#13262000
0#
#13272000
1#
#13282000
0#
#13292000
1#
#13302000
0#
b01011101 %
1'
#13312000
1#
b00000000000000000000100111000000 .
#13322000
0#
b01110100 %
#13332000
1#
b00000000000000000000101000110100 .
#13342000
0#
b00111011 %
#13352000
1#
b00000000000000000000101001101111 .
#13362000
0#
b01010000 %
#13372000
1#
b00000000000000000000101010111111 .
#13382000
0#
b01000111 %
#13392000
1#
b00000000000000000000101100000110 .
#13402000
0#
b00111101 %
#13412000
1#
b00000000000000000000101101000011 .
#13422000
0#
b01010011 %
#13432000
1#
b00000000000000000000101110010110 .
#13442000
0#
b01101001 %
#13452000
1#
b00000000000000000000101111111111 .
#13462000
0#
b01110000 %
#13472000
1#
b00000000000000000000110001101111 .
#13482000
0#
0'
#13492000
1#
#13502000
0#
#13512000
1#
#13522000
0#
#13532000
1#
#13542000
0#
#13552000
1#
#13562000
0#
#13572000
1#
#13582000
0#
0,
#13592000
1#
#13602000
0#
#13612000
1#
#13622000
0#
b01010111 %
1'
#13632000
1#
b00000000000000000000110011000110 .
#13642000
0#
b00110101 %
#13652000
1#
b00000000000000000000110011111011 .
#13662000
0#
b01000100 %
#13672000
1#
b00000000000000000000110100111111 .
#13682000
0#
b01011011 %
#13692000
1#
b00000000000000000000110110011010 .
#13702000
0#
b01010101 %
1,
#13712000
1#
b00000000000000000000110111101111 .
#13722000
0#
b01110101 %
#13732000
1#
b00000000000000000000111001100100 .
#13742000
0#
b01010100 %
#13752000
1#
b00000000000000000000111010111000 .
#13762000
0#
b00110010 %
#13772000
1#
b00000000000000000000111011101010 .
#13782000
0#
b01110111 %
#13792000
1#
b00000000000000000000111101100001 .
#13802000
0#
b01101100 %
#13812000
1#
b00000000000000000000111111001101 .
#13822000
0#
b01010000 %
#13832000
1#
b00000000000000000001000000011101 .
#13842000
0#
b01011011 %
#13852000
1#
b00000000000000000001000001111000 .
#13862000
0#
b01100001 %
#13872000
1#
b00000000000000000001000011011001 .
#13882000
0#
b01011010 %
#13892000
1#
b00000000000000000001000100110011 .
#13902000
0#
b01000111 %
1&
0,
#13912000
1#
0(
b100 -
b00000000000000000001000101111010 .
#13922000
0#
b01000110 %
0&
#13932000
1#
1+
#13942000
0#
0'
#13952000
1#
#13962000
0#
#13972000
1#
#13982000
0#
#13992000
1#
#14002000
0#
#14012000
1#
#14022000
0#
#14032000
1#
#14042000
0#
1,
#14052000
1#
b011 -
#14062000
0#
#14072000
1#
b010 -
#14082000
0#
#14092000
1#
b00010001 )
b001 -
#14102000
0#
#14112000
1#
b01111010 )
1*
b000 -
#14122000
0#
#14132000
1#
1(
b00000000 )
0*
0+
b111 -
b00000000000000000000000000000000 .
#14142000
0#
#14152000
1#
#14162000
0#
b00110010 %
1'
#14172000
1#
b00000000000000000000000000110010 .
#14182000
0#
b01110010 %
#14192000
1#
b00000000000000000000000010100100 .
#14202000
0#
b01000011 %
#14212000
1#
b00000000000000000000000011100111 .
#14222000
0#
b01100111 %
#14232000
1#
b00000000000000000000000101001110 .
#14242000
0#
0'
#14252000
1#
#14262000
0#
#14272000
1#
#14282000
0#
b01110001 %
1'
#14292000
1#
b00000000000000000000000110111111 .
#14302000
0#
b00110100 %
#14312000
1#
b00000000000000000000000111110011 .
#14322000
0#
b01011010 %
0,
#14332000
1#
b00000000000000000000001001001101 .
#14342000
0#
b01001101 %
#14352000
1#
b00000000000000000000001010011010 .
#14362000
0#
b00110101 %
1,
#14372000
1#
b00000000000000000000001011001111 .
#14382000
0#
b01101101 %
#14392000
1#
b00000000000000000000001100111100 .
#14402000
0#
b01001010 %
#14412000
1#
b00000000000000000000001110000110 .
#14422000
0#
b01000001 %
#14432000
1#
b00000000000000000000001111000111 .
#14442000
0#
b01011111 %
#14452000
1#
b00000000000000000000010000100110 .
#14462000
0#
0'
#14472000
1#
#14482000
0#
b01110010 %
1'
0,
#14492000
1#
b00000000000000000000010010011000 .
#14502000
0#
0'
#14512000
1#
#14522000
0#
#14532000
1#
#14542000
0#
#14552000
1#
#14562000
0#
#14572000
1#
#14582000
0#
#14592000
1#
#14602000
0#
#14612000
1#
#14622000
0#
b00111110 %
1'
1,
#14632000
1#
b00000000000000000000010011010110 .
#14642000
0#
b00110000 %
#14652000
1#
b00000000000000000000010100000110 .
#14662000
0#
b01001100 %
#14672000
1#
b00000000000000000000010101010010 .
#14682000
0#
b01101000 %
#14692000
1#
b00000000000000000000010110111010 .
#14702000
0#
b01000100 %
#14712000
1#
b00000000000000000000010111111110 .
#14722000
0#
b00111011 %
#14732000
1#
b00000000000000000000011000111001 .
#14742000
0#
b00110010 %
#14752000
1#
b00000000000000000000011001101011 .
#14762000
0#
b01100110 %
#14772000
1#
b00000000000000000000011011010001 .
#14782000
0#
b01011111 %
#14792000
1#
b00000000000000000000011100110000 .
#14802000
0#
b01000011 %
#14812000
1#
b00000000000000000000011101110011 .
#14822000
0#
b01011011 %
#14832000
1#
b00000000000000000000011111001110 .
#14842000
0#
b00110011 %
#14852000
1#
b00000000000000000000100000000001 .
#14862000
0#
b01010000 %
#14872000
1#
b00000000000000000000100001010001 .
#14882000
0#
b01010010 %
#14892000
1#
b00000000000000000000100010100011 .
#14902000
0#
b01000100 %
#14912000
1#
b00000000000000000000100011100111 .
#14922000
0#
b01100100 %
#14932000
1#
b00000000000000000000100101001011 .
#14942000
0#
b00110101 %
#14952000
1#
b00000000000000000000100110000000 .
#14962000
0#
b01111010 %
#14972000
1#
b00000000000000000000100111111010 .
#14982000
0#
b01101011 %
#14992000
1#
b00000000000000000000101001100101 .
#15002000
0#
b00111110 %
#15012000
1#
b00000000000000000000101010100011 .
#15022000
0#
b00110010 %
#15032000
1#
b00000000000000000000101011010101 .
#15042000
0#
b01010110 %
#15052000
1#
b00000000000000000000101100101011 .
#15062000
0#
b01100110 %
#15072000
1#
b00000000000000000000101110010001 .
#15082000
0#
b01111000 %
#15092000
1#
b00000000000000000000110000001001 .
#15102000
0#
b00111110 %
#15112000
1#
b00000000000000000000110001000111 .
#15122000
0#
b01001111 %
#15132000
1#
b00000000000000000000110010010110 .
#15142000
0#
b00111100 %
#15152000
1#
b00000000000000000000110011010010 .
#15162000
0#
b01100101 %
#15172000
1#
b00000000000000000000110100110111 .
#15182000
0#
b01010011 %
#15192000
1#
b00000000000000000000110110001010 .
#15202000
0#
b01100111 %
#15212000
1#
b00000000000000000000110111110001 .
#15222000
0#
b01011110 %
#15232000
1#
b00000000000000000000111001001111 .
#15242000
0#
b01110101 %
#15252000
1#
b00000000000000000000111011000100 .
#15262000
0#
b01010100 %
#15272000
1#
b00000000000000000000111100011000 .
#15282000
0#
0'
#15292000
1#
#15302000
0#
0,
#15312000
1#
#15322000
0#
#15332000
1#
#15342000
0#
1,
#15352000
1#
#15362000
0#
b00110111 %
1'
#15372000
1#
b00000000000000000000111101001111 .
#15382000
0#
b01010110 %
1&
#15392000
1#
0(
b100 -
b00000000000000000000111110100101 .
#15402000
0#
b00110101 %
0&
#15412000
1#
1+
b011 -
#15422000
0#
0'
#15432000
1#
b010 -
#15442000
0#
#15452000
1#
b00001111 )
b001 -
#15462000
0#
0,
#15472000
1#
b10100101 )
1*
#15482000
0#
#15492000
1#
#15502000
0#
#15512000
1#
#15522000
0#
#15532000
1#
#15542000
0#
#15552000
1#
#15562000
0#
#15572000
1#
#15582000
0#
1,
#15592000
1#
b000 -
#15602000
0#
#15612000
1#
1(
b00000000 )
0*
0+
b111 -
b00000000000000000000000000000000 .
#15622000
0#
0,
#15632000
1#
#15642000
0#
b01110101 %
1'
#15652000
1#
b00000000000000000000000001110101 .
#15662000
0#
b00111000 %
#15672000
1#
b00000000000000000000000010101101 .
#15682000
0#
b01001000 %
#15692000
1#
b00000000000000000000000011110101 .
#15702000
0#
b01010100 %
#15712000
1#
b00000000000000000000000101001001 .
#15722000
0#
0'
#15732000
1#
#15742000
0#
#15752000
1#
#15762000
0#
b01011110 %
1'
#15772000
1#
b00000000000000000000000110100111 .
#15782000
0#
b01001000 %
#15792000
1#
b00000000000000000000000111101111 .
#15802000
0#
b01110000 %
#15812000
1#
b00000000000000000000001001011111 .
#15822000
0#
b01101010 %
#15832000
1#
b00000000000000000000001011001001 .
#15842000
0#
b01000010 %
#15852000
1#
b00000000000000000000001100001011 .
#15862000
0#
b01101000 %
1,
#15872000
1#
b00000000000000000000001101110011 .
#15882000
0#
b01010110 %
#15892000
1#
b00000000000000000000001111001001 .
#15902000
0#
b00111011 %
#15912000
1#
b00000000000000000000010000000100 .
#15922000
0#
b00111101 %
#15932000
1#
b00000000000000000000010001000001 .
#15942000
0#
b01111010 %
#15952000
1#
b00000000000000000000010010111011 .
#15962000
0#
b01010100 %
#15972000
1#
b00000000000000000000010100001111 .
#15982000
0#
b00111110 %
#15992000
1#
b00000000000000000000010101001101 .
#16002000
0#
b01111010 %
#16012000
1#
b00000000000000000000010111000111 .
#16022000
0#
b00110001 %
#16032000
1#
b00000000000000000000010111111000 .
#16042000
0#
b01010101 %
0,
#16052000
1#
b00000000000000000000011001001101 .
#16062000
0#
b01110101 %
#16072000
1#
b00000000000000000000011011000010 .
#16082000
0#
b01010110 %
#16092000
1#
b00000000000000000000011100011000 .
#16102000
0#
b01100100 %
#16112000
1#
b00000000000000000000011101111100 .
#16122000
0#
b01000011 %
#16132000
1#
b00000000000000000000011110111111 .
#16142000
0#
b00110100 %
#16152000
1#
b00000000000000000000011111110011 .
#16162000
0#
b01001101 %
#16172000
1#
b00000000000000000000100001000000 .
#16182000
0#
b00110001 %
#16192000
1#
b00000000000000000000100001110001 .
#16202000
0#
b01100110 %
#16212000
1#
b00000000000000000000100011010111 .
#16222000
0#
b01011101 %
#16232000
1#
b00000000000000000000100100110100 .
#16242000
0#
#16252000
1#
b00000000000000000000100110010001 .
#16262000
0#
b01100000 %
1,
#16272000
1#
b00000000000000000000100111110001 .
#16282000
0#
b00110110 %
1&
#16292000
1#
0(
b100 -
b00000000000000000000101000100111 .
#16302000
0#
b01100010 %
0&
#16312000
1#
1+
b011 -
#16322000
0#
0'
#16332000
1#
b010 -
#16342000
0#
#16352000
1#
b00001010 )
b001 -
#16362000
0#
#16372000
1#
b00100111 )
1*
b000 -
#16382000
0#
#16392000
1#
1(
b00000000 )
0*
0+
b111 -
b00000000000000000000000000000000 .
#16402000
0#
#16412000
1#
#16422000
0#
b01110110 %
1'
#16432000
1#
b00000000000000000000000001110110 .
#16442000
0#
b01110111 %
#16452000
1#
b00000000000000000000000011101101 .
#16462000
0#
b01010010 %
#16472000
1#
b00000000000000000000000100111111 .
#16482000
0#
b01101100 %
#16492000
1#
b00000000000000000000000110101011 .
#16502000
0#
b00110001 %
#16512000
1#
b00000000000000000000000111011100 .
#16522000
0#
b01011011 %
#16532000
1#
b00000000000000000000001000110111 .
#16542000
0#
b01100111 %
0,
#16552000
1#
b00000000000000000000001010011110 .
#16562000
0#
b01010100 %
#16572000
1#
b00000000000000000000001011110010 .
#16582000
0#
b01110110 %
#16592000
1#
b00000000000000000000001101101000 .
#16602000
0#
b01110011 %
#16612000
1#
b00000000000000000000001111011011 .
#16622000
0#
b00111100 %
#16632000
1#
b00000000000000000000010000010111 .
#16642000
0#
b01110101 %
1,
#16652000
1#
b00000000000000000000010010001100 .
#16662000
0#
b00110110 %
0,
#16672000
1#
b00000000000000000000010011000010 .
#16682000
0#
b01100101 %
1,
#16692000
1#
b00000000000000000000010100100111 .
#16702000
0#
b01010101 %
0,
#16712000
1#
b00000000000000000000010101111100 .
#16722000
0#
b01011010 %
#16732000
1#
b00000000000000000000010111010110 .
#16742000
0#
0'
#16752000
1#
#16762000
0#
#16772000
1#
#16782000
0#
b01101001 %
1'
#16792000
1#
b00000000000000000000011000111111 .
#16802000
0#
b00110101 %
1,
#16812000
1#
b00000000000000000000011001110100 .
#16822000
0#
b01001010 %
#16832000
1#
b00000000000000000000011010111110 .
#16842000
0#
b01010010 %
#16852000
1#
b00000000000000000000011100010000 .
#16862000
0#
b00111100 %
1&
#16872000
1#
0(
b100 -
b00000000000000000000011101001100 .
#16882000
0#
b00110001 %
0&
#16892000
1#
1+
b011 -
#16902000
0#
0'
#16912000
1#
b010 -
#16922000
0#
#16932000
1#
b00000111 )
b001 -
#16942000
0#
0,
#16952000
1#
b01001100 )
1*
#16962000
0#
#16972000
1#
#16982000
0#
#16992000
1#
#17002000
0#
#17012000
1#
#17022000
0#
1,
#17032000
1#
b000 -
#17042000
0#
#17052000
1#
1(
b00000000 )
0*
0+
b111 -
b00000000000000000000000000000000 .
#17062000
0#
#17072000
1#
#17082000
0#
b01000010 %
1'
#17092000
1#
b00000000000000000000000001000010 .
#17102000
0#
b00111110 %
#17112000
1#
b00000000000000000000000010000000 .
#17122000
0#
b01001100 %
#17132000
1#
b00000000000000000000000011001100 .
#17142000
0#
b00111000 %
#17152000
1#
b00000000000000000000000100000100 .
#17162000
0#
b00110010 %
#17172000
1#
b00000000000000000000000100110110 .
#17182000
0#
b01011001 %
#17192000
1#
b00000000000000000000000110001111 .
#17202000
0#
b01000110 %
#17212000
1#
b00000000000000000000000111010101 .
#17222000
0#
b01000100 %
#17232000
1#
b00000000000000000000001000011001 .
#17242000
0#
b01010100 %
#17252000
1#
b00000000000000000000001001101101 .
#17262000
0#
b01110101 %
#17272000
1#
b00000000000000000000001011100010 .
#17282000
0#
b01011011 %
#17292000
1#
b00000000000000000000001100111101 .
#17302000
0#
b01101001 %
#17312000
1#
b00000000000000000000001110100110 .
#17322000
0#
b01111000 %
#17332000
1#
b00000000000000000000010000011110 .
#17342000
0#
b01000001 %
#17352000
1#
b00000000000000000000010001011111 .
#17362000
0#
b01011011 %
#17372000
1#
b00000000000000000000010010111010 .
#17382000
0#
b00111110 %
#17392000
1#
b00000000000000000000010011111000 .
#17402000
0#
b00110010 %
#17412000
1#
b00000000000000000000010100101010 .
#17422000
0#
b01001111 %
#17432000
1#
b00000000000000000000010101111001 .
#17442000
0#
b00111000 %
0,
#17452000
1#
b00000000000000000000010110110001 .
#17462000
0#
b00110011 %
#17472000
1#
b00000000000000000000010111100100 .
#17482000
0#
b01000111 %
#17492000
1#
b00000000000000000000011000101011 .
#17502000
0#
b01101011 %
#17512000
1#
b00000000000000000000011010010110 .
#17522000
0#
b01001011 %
#17532000
1#
b00000000000000000000011011100001 .
#17542000
0#
b01000001 %
#17552000
1#
b00000000000000000000011100100010 .
#17562000
0#
b01000111 %
#17572000
1#
b00000000000000000000011101101001 .
#17582000
0#
b01100100 %
1,
#17592000
1#
b00000000000000000000011111001101 .
#17602000
0#
b00110101 %
#17612000
1#
b00000000000000000000100000000010 .
#17622000
0#
b01101110 %
#17632000
1#
b00000000000000000000100001110000 .
#17642000
0#
b01111000 %
#17652000
1#
b00000000000000000000100011101000 .
#17662000
0#
b01011001 %
#17672000
1#
b00000000000000000000100101000001 .
#17682000
0#
b00111001 %
#17692000
1#
b00000000000000000000100101111010 .
#17702000
0#
b00111100 %
#17712000
1#
b00000000000000000000100110110110 .
#17722000
0#
b00111111 %
#17732000
1#
b00000000000000000000100111110101 .
#17742000
0#
#17752000
1#
b00000000000000000000101000110100 .
#17762000
0#
b01001011 %
#17772000
1#
b00000000000000000000101001111111 .
#17782000
0#
b01100010 %
#17792000
1#
b00000000000000000000101011100001 .
#17802000
0#
b01010111 %
#17812000
1#
b00000000000000000000101100111000 .
#17822000
0#
b00111001 %
#17832000
1#
b00000000000000000000101101110001 .
#17842000
0#
b01000010 %
#17852000
1#
b00000000000000000000101110110011 .
#17862000
0#
b01001100 %
#17872000
1#
b00000000000000000000101111111111 .
#17882000
0#
b01111010 %
#17892000
1#
b00000000000000000000110001111001 .
#17902000
0#
b00111001 %
1&
#17912000
1#
0(
b100 -
b00000000000000000000110010110010 .
#17922000
0#
b01001001 %
0&
#17932000
1#
1+
b011 -
#17942000
0#
0'
#17952000
1#
b010 -
#17962000
0#
#17972000
1#
b00001100 )
b001 -
#17982000
0#
#17992000
1#
b10110010 )
1*
b000 -
#18002000
0#
0,
#18012000
1#
1(
b00000000 )
0*
0+
b00000000000000000000000000000000 .
#18022000
0#
#18032000
1#
#18042000
0#
b01110110 %
1'
#18052000
1#
b00000000000000000000000001110110 .
#18062000
0#
b01000000 %
#18072000
1#
b00000000000000000000000010110110 .
#18082000
0#
b01101000 %
#18092000
1#
b00000000000000000000000100011110 .
#18102000
0#
b01010101 %
#18112000
1#
b00000000000000000000000101110011 .
#18122000
0#
b01001111 %
#18132000
1#
b00000000000000000000000111000010 .
#18142000
0#
b01001110 %
#18152000
1#
b00000000000000000000001000010000 .
#18162000
0#
b01011000 %
#18172000
1#
b00000000000000000000001001101000 .
#18182000
0#
b01000011 %
1,
#18192000
1#
b00000000000000000000001010101011 .
#18202000
0#
b01010110 %
#18212000
1#
b00000000000000000000001100000001 .
#18222000
0#
b01011001 %
#18232000
1#
b00000000000000000000001101011010 .
#18242000
0#
b01011110 %
#18252000
1#
b00000000000000000000001110111000 .
#18262000
0#
b01010111 %
#18272000
1#
b00000000000000000000010000001111 .
#18282000
0#
b01100111 %
#18292000
1#
b00000000000000000000010001110110 .
#18302000
0#
b01001000 %
#18312000
1#
b00000000000000000000010010111110 .
#18322000
0#
b01010000 %
#18332000
1#
b00000000000000000000010100001110 .
#18342000
0#
b01000110 %
#18352000
1#
b00000000000000000000010101010100 .
#18362000
0#
b01010011 %
#18372000
1#
b00000000000000000000010110100111 .
#18382000
0#
b01101110 %
#18392000
1#
b00000000000000000000011000010101 .
#18402000
0#
b01010000 %
#18412000
1#
b00000000000000000000011001100101 .
#18422000
0#
b01110110 %
#18432000
1#
b00000000000000000000011011011011 .
#18442000
0#
b01110101 %
#18452000
1#
b00000000000000000000011101010000 .
#18462000
0#
b01100110 %
#18472000
1#
b00000000000000000000011110110110 .
#18482000
0#
b01001111 %
0,
#18492000
1#
b00000000000000000000100000000101 .
#18502000
0#
b01010000 %
#18512000
1#
b00000000000000000000100001010101 .
#18522000
0#
b00110100 %
#18532000
1#
b00000000000000000000100010001001 .
#18542000
0#
b01000000 %
#18552000
1#
b00000000000000000000100011001001 .
#18562000
0#
b01100100 %
#18572000
1#
b00000000000000000000100100101101 .
#18582000
0#
b01010001 %
#18592000
1#
b00000000000000000000100101111110 .
#18602000
0#
b01100100 %
1,
#18612000
1#
b00000000000000000000100111100010 .
#18622000
0#
b01101111 %
#18632000
1#
b00000000000000000000101001010001 .
#18642000
0#
b00110010 %
#18652000
1#
b00000000000000000000101010000011 .
#18662000
0#
b01011100 %
#18672000
1#
b00000000000000000000101011011111 .
#18682000
0#
b01011110 %
#18692000
1#
b00000000000000000000101100111101 .
#18702000
0#
b00111001 %
#18712000
1#
b00000000000000000000101101110110 .
#18722000
0#
b01000000 %
#18732000
1#
b00000000000000000000101110110110 .
#18742000
0#
b01010001 %
#18752000
1#
b00000000000000000000110000000111 .
#18762000
0#
b01000111 %
#18772000
1#
b00000000000000000000110001001110 .
#18782000
0#
b01011011 %
#18792000
1#
b00000000000000000000110010101001 .
#18802000
0#
b01101001 %
#18812000
1#
b00000000000000000000110100010010 .
#18822000
0#
b01101110 %
#18832000
1#
b00000000000000000000110110000000 .
#18842000
0#
b01110011 %
#18852000
1#
b00000000000000000000110111110011 .
#18862000
0#
b00111101 %
#18872000
1#
b00000000000000000000111000110000 .
#18882000
0#
b01111000 %
#18892000
1#
b00000000000000000000111010101000 .
#18902000
0#
b00111111 %
#18912000
1#
b00000000000000000000111011100111 .
#18922000
0#
b01110011 %
#18932000
1#
b00000000000000000000111101011010 .
#18942000
0#
b01100111 %
0,
#18952000
1#
b00000000000000000000111111000001 .
#18962000
0#
b01100011 %
#18972000
1#
b00000000000000000001000000100100 .
#18982000
0#
b00110000 %
1&
1,
#18992000
1#
0(
b100 -
b00000000000000000001000001010100 .
#19002000
0#
b01100010 %
0&
#19012000
1#
1+
b011 -
#19022000
0#
0'
#19032000
1#
b010 -
#19042000
0#
#19052000
1#
b00010000 )
b001 -
#19062000
0#
#19072000
1#
b01010100 )
1*
b000 -
#19082000
0#
#19092000
1#
1(
b00000000 )
0*
0+
b111 -
b00000000000000000000000000000000 .
#19102000
0#
#19112000
1#
#19122000
0#
b01011001 %
1'
0,
#19132000
1#
b00000000000000000000000001011001 .
#19142000
0#
b01010101 %
#19152000
1#
b00000000000000000000000010101110 .
#19162000
0#
b00110001 %
#19172000
1#
b00000000000000000000000011011111 .
#19182000
0#
#19192000
1#
b00000000000000000000000100010000 .
#19202000
0#
b00111001 %
#19212000
1#
b00000000000000000000000101001001 .
#19222000
0#
b01100110 %
1,
#19232000
1#
b00000000000000000000000110101111 .
#19242000
0#
b01011101 %
0,
#19252000
1#
b00000000000000000000001000001100 .
#19262000
0#
b01011110 %
#19272000
1#
b00000000000000000000001001101010 .
#19282000
0#
b01100101 %
#19292000
1#
b00000000000000000000001011001111 .
#19302000
0#
b01001111 %
#19312000
1#
b00000000000000000000001100011110 .
#19322000
0#
b01011000 %
#19332000
1#
b00000000000000000000001101110110 .
#19342000
0#
b01001111 %
#19352000
1#
b00000000000000000000001111000101 .
#19362000
0#
b01100101 %
#19372000
1#
b00000000000000000000010000101010 .
#19382000
0#
b01000001 %
#19392000
1#
b00000000000000000000010001101011 .
#19402000
0#
b01010010 %
1,
#19412000
1#
b00000000000000000000010010111101 .
#19422000
0#
b01100010 %
0,
#19432000
1#
b00000000000000000000010100011111 .
#19442000
0#
b01110110 %
#19452000
1#
b00000000000000000000010110010101 .
#19462000
0#
b01001111 %
#19472000
1#
b00000000000000000000010111100100 .
#19482000
0#
b01010111 %
1,
#19492000
1#
b00000000000000000000011000111011 .
#19502000
0#
b01101110 %
#19512000
1#
b00000000000000000000011010101001 .
#19522000
0#
b01010111 %
#19532000
1#
b00000000000000000000011100000000 .
#19542000
0#
b01000001 %
#19552000
1#
b00000000000000000000011101000001 .
#19562000
0#
b01010000 %
#19572000
1#
b00000000000000000000011110010001 .
#19582000
0#
b01010100 %
#19592000
1#
b00000000000000000000011111100101 .
#19602000
0#
b01111010 %
#19612000
1#
b00000000000000000000100001011111 .
#19622000
0#
0'
#19632000
1#
#19642000
0#
#19652000
1#
#19662000
0#
#19672000
1#
#19682000
0#
#19692000
1#
#19702000
0#
#19712000
1#
#19722000
0#
#19732000
1#
#19742000
0#
#19752000
1#
#19762000
0#
b01110000 %
1'
#19772000
1#
b00000000000000000000100011001111 .
#19782000
0#
b01010011 %
#19792000
1#
b00000000000000000000100100100010 .
#19802000
0#
b01111000 %
1&
#19812000
1#
0(
b100 -
b00000000000000000000100110011010 .
#19822000
0#
b01011110 %
0&
#19832000
1#
1+
b011 -
#19842000
0#
0'
#19852000
1#
b010 -
#19862000
0#
#19872000
1#
b00001001 )
b001 -
#19882000
0#
#19892000
1#
b10011010 )
1*
b000 -
#19902000
0#
#19912000
1#
1(
b00000000 )
0*
0+
b111 -
b00000000000000000000000000000000 .
#19922000
0#
#19932000
1#
#19942000
0#
b01011100 %
1'
#19952000
1#
b00000000000000000000000001011100 .
#19962000
0#
0'
#19972000
1#
#19982000
0#
#19992000
1#
#20002000
0#
#20012000
1#
#20022000
0#
#20032000
1#
#20042000
0#
#20052000
1#
#20062000
0#
#20072000
1#
#20082000
0#
#20092000
1#
#20102000
0#
b00110010 %
1'
0,
#20112000
1#
b00000000000000000000000010001110 .
#20122000
0#
b01101011 %
#20132000
1#
b00000000000000000000000011111001 .
#20142000
0#
b01011000 %
#20152000
1#
b00000000000000000000000101010001 .
#20162000
0#
b01100100 %
#20172000
1#
b00000000000000000000000110110101 .
#20182000
0#
b01110011 %
#20192000
1#
b00000000000000000000001000101000 .
#20202000
0#
b00111110 %
#20212000
1#
b00000000000000000000001001100110 .
#20222000
0#
b01011011 %
1,
#20232000
1#
b00000000000000000000001011000001 .
#20242000
0#
b01110110 %
#20252000
1#
b00000000000000000000001100110111 .
#20262000
0#
b01010111 %
#20272000
1#
b00000000000000000000001110001110 .
#20282000
0#
b00111111 %
#20292000
1#
b00000000000000000000001111001101 .
#20302000
0#
b01110001 %
#20312000
1#
b00000000000000000000010000111110 .
#20322000
0#
b01111010 %
#20332000
1#
b00000000000000000000010010111000 .
#20342000
0#
b00111000 %
#20352000
1#
b00000000000000000000010011110000 .
#20362000
0#
b01010001 %
#20372000
1#
b00000000000000000000010101000001 .
#20382000
0#
b01100110 %
#20392000
1#
b00000000000000000000010110100111 .
#20402000
0#
b01000001 %
#20412000
1#
b00000000000000000000010111101000 .
#20422000
0#
0'
#20432000
1#
#20442000
0#
#20452000
1#
#20462000
0#
#20472000
1#
#20482000
0#
#20492000
1#
#20502000
0#
#20512000
1#
#20522000
0#
b00110101 %
1'
#20532000
1#
b00000000000000000000011000011101 .
#20542000
0#
b01010100 %
#20552000
1#
b00000000000000000000011001110001 .
#20562000
0#
b01000100 %
1&
0,
#20572000
1#
0(
b100 -
b00000000000000000000011010110101 .
#20582000
0#
b01001000 %
0&
1,
#20592000
1#
1+
b011 -
#20602000
0#
0'
#20612000
1#
b010 -
#20622000
0#
#20632000
1#
b00000110 )
b001 -
#20642000
0#
#20652000
1#
b10110101 )
1*
b000 -
#20662000
0#
#20672000
1#
1(
b00000000 )
0*
0+
b111 -
b00000000000000000000000000000000 .
#20682000
0#
#20692000
1#
#20702000
0#
b01101100 %
1'
#20712000
1#
b00000000000000000000000001101100 .
#20722000
0#
b01010111 %
#20732000
1#
b00000000000000000000000011000011 .
#20742000
0#
b00111110 %
#20752000
1#
b00000000000000000000000100000001 .
#20762000
0#
b00110000 %
#20772000
1#
b00000000000000000000000100110001 .
#20782000
0#
b00111000 %
0,
#20792000
1#
b00000000000000000000000101101001 .
#20802000
0#
b01100011 %
#20812000
1#
b00000000000000000000000111001100 .
#20822000
0#
b01010101 %
#20832000
1#
b00000000000000000000001000100001 .
#20842000
0#
b01010100 %
#20852000
1#
b00000000000000000000001001110101 .
#20862000
0#
b00111001 %
#20872000
1#
b00000000000000000000001010101110 .
#20882000
0#
b00111011 %
#20892000
1#
b00000000000000000000001011101001 .
#20902000
0#
b01100100 %
#20912000
1#
b00000000000000000000001101001101 .
#20922000
0#
b01010010 %
#20932000
1#
b00000000000000000000001110011111 .
#20942000
0#
b01001110 %
1,
#20952000
1#
b00000000000000000000001111101101 .
#20962000
0#
b01001000 %
#20972000
1#
b00000000000000000000010000110101 .
#20982000
0#
b00110011 %
#20992000
1#
b00000000000000000000010001101000 .
#21002000
0#
b01010110 %
#21012000
1#
b00000000000000000000010010111110 .
#21022000
0#
b01110010 %
#21032000
1#
b00000000000000000000010100110000 .
#21042000
0#
b01110001 %
0,
#21052000
1#
b00000000000000000000010110100001 .
#21062000
0#
b01010010 %
#21072000
1#
b00000000000000000000010111110011 .
#21082000
0#
b01010110 %
#21092000
1#
b00000000000000000000011001001001 .
#21102000
0#
b01011000 %
#21112000
1#
b00000000000000000000011010100001 .
#21122000
0#
b01000111 %
#21132000
1#
b00000000000000000000011011101000 .
#21142000
0#
b00111101 %
#21152000
1#
b00000000000000000000011100100101 .
#21162000
0#
b01101101 %
#21172000
1#
b00000000000000000000011110010010 .
#21182000
0#
b01100100 %
#21192000
1#
b00000000000000000000011111110110 .
#21202000
0#
b01001100 %
#21212000
1#
b00000000000000000000100001000010 .
#21222000
0#
b01100000 %
#21232000
1#
b00000000000000000000100010100010 .
#21242000
0#
b01110110 %
#21252000
1#
b00000000000000000000100100011000 .
#21262000
0#
b01101110 %
#21272000
1#
b00000000000000000000100110000110 .
#21282000
0#
b01100110 %
#21292000
1#
b00000000000000000000100111101100 .
#21302000
0#
b01101100 %
1,
#21312000
1#
b00000000000000000000101001011000 .
#21322000
0#
b01110010 %
#21332000
1#
b00000000000000000000101011001010 .
#21342000
0#
b00111000 %
#21352000
1#
b00000000000000000000101100000010 .
#21362000
0#
b01010000 %
#21372000
1#
b00000000000000000000101101010010 .
#21382000
0#
b01010101 %
#21392000
1#
b00000000000000000000101110100111 .
#21402000
0#
b00111101 %
#21412000
1#
b00000000000000000000101111100100 .
#21422000
0#
b01010100 %
#21432000
1#
b00000000000000000000110000111000 .
#21442000
0#
b01110011 %
#21452000
1#
b00000000000000000000110010101011 .
#21462000
0#
b01101100 %
0,
#21472000
1#
b00000000000000000000110100010111 .
#21482000
0#
b01010001 %
#21492000
1#
b00000000000000000000110101101000 .
#21502000
0#
b00111101 %
#21512000
1#
b00000000000000000000110110100101 .
#21522000
0#
b00110101 %
#21532000
1#
b00000000000000000000110111011010 .
#21542000
0#
b01000010 %
1,
#21552000
1#
b00000000000000000000111000011100 .
#21562000
0#
b00111100 %
0,
#21572000
1#
b00000000000000000000111001011000 .
#21582000
0#
b01011110 %
#21592000
1#
b00000000000000000000111010110110 .
#21602000
0#
b01100111 %
#21612000
1#
b00000000000000000000111100011101 .
#21622000
0#
b00110011 %
#21632000
1#
b00000000000000000000111101010000 .
#21642000
0#
#21652000
1#
b00000000000000000000111110000011 .
#21662000
0#
b01110111 %
#21672000
1#
b00000000000000000000111111111010 .
#21682000
0#
b01100101 %
#21692000
1#
b00000000000000000001000001011111 .
#21702000
0#
b01011110 %
1,
#21712000
1#
b00000000000000000001000010111101 .
#21722000
0#
b01000011 %
1&
#21732000
1#
0(
b100 -
b00000000000000000001000100000000 .
#21742000
0#
b01000110 %
0&
#21752000
1#
1+
b011 -
#21762000
0#
0'
#21772000
1#
b010 -
#21782000
0#
#21792000
1#
b00010001 )
b001 -
#21802000
0#
#21812000
1#
b00000000 )
1*
b000 -
#21822000
0#
#21832000
1#
1(
0*
0+
b111 -
b00000000000000000000000000000000 .
#21842000
0#
0,
#21852000
1#
#21862000
0#
b01011110 %
1'
#21872000
1#
b00000000000000000000000001011110 .
#21882000
0#
b01110101 %
#21892000
1#
b00000000000000000000000011010011 .
#21902000
0#
b01000111 %
#21912000
1#
b00000000000000000000000100011010 .
#21922000
0#
b01100011 %
#21932000
1#
b00000000000000000000000101111101 .
#21942000
0#
b01110111 %
1,
#21952000
1#
b00000000000000000000000111110100 .
#21962000
0#
b01110101 %
0,
#21972000
1#
b00000000000000000000001001101001 .
#21982000
0#
b01011110 %
#21992000
1#
b00000000000000000000001011000111 .
#22002000
0#
b01011011 %
#22012000
1#
b00000000000000000000001100100010 .
#22022000
0#
b01100101 %
#22032000
1#
b00000000000000000000001110000111 .
#22042000
0#
b01000110 %
#22052000
1#
b00000000000000000000001111001101 .
#22062000
0#
b01010111 %
#22072000
1#
b00000000000000000000010000100100 .
#22082000
0#
b01010110 %
1,
#22092000
1#
b00000000000000000000010001111010 .
#22102000
0#
b01000010 %
#22112000
1#
b00000000000000000000010010111100 .
#22122000
0#
b01100110 %
0,
#22132000
1#
b00000000000000000000010100100010 .
#22142000
0#
b01100100 %
#22152000
1#
b00000000000000000000010110000110 .
#22162000
0#
b00110111 %
#22172000
1#
b00000000000000000000010110111101 .
#22182000
0#
b01100100 %
#22192000
1#
b00000000000000000000011000100001 .
#22202000
0#
b01101110 %
#22212000
1#
b00000000000000000000011010001111 .
#22222000
0#
b01101010 %
#22232000
1#
b00000000000000000000011011111001 .
#22242000
0#
b00111011 %
#22252000
1#
b00000000000000000000011100110100 .
#22262000
0#
b01010100 %
1,
#22272000
1#
b00000000000000000000011110001000 .
#22282000
0#
b00110101 %
#22292000
1#
b00000000000000000000011110111101 .
#22302000
0#
b01000101 %
#22312000
1#
b00000000000000000000100000000010 .
#22322000
0#
b00111111 %
#22332000
1#
b00000000000000000000100001000001 .
#22342000
0#
b01101100 %
#22352000
1#
b00000000000000000000100010101101 .
#22362000
0#
b00110110 %
#22372000
1#
b00000000000000000000100011100011 .
#22382000
0#
#22392000
1#
b00000000000000000000100100011001 .
#22402000
0#
b01001100 %
#22412000
1#
b00000000000000000000100101100101 .
#22422000
0#
b01110111 %
#22432000
1#
b00000000000000000000100111011100 .
#22442000
0#
b01000011 %
#22452000
1#
b00000000000000000000101000011111 .
#22462000
0#
b01001101 %
1&
#22472000
1#
0(
b100 -
b00000000000000000000101001101100 .
#22482000
0#
b00111001 %
0&
0,
#22492000
1#
1+
#22502000
0#
0'
#22512000
1#
#22522000
0#
#22532000
1#
#22542000
0#
#22552000
1#
#22562000
0#
#22572000
1#
#22582000
0#
1,
#22592000
1#
b011 -
#22602000
0#
#22612000
1#
b010 -
#22622000
0#
#22632000
1#
b00001010 )
b001 -
#22642000
0#
#22652000
1#
b01101100 )
1*
b000 -
#22662000
0#
#22672000
1#
1(
b00000000 )
0*
0+
b111 -
b00000000000000000000000000000000 .
#22682000
0#
#22692000
1#
#22702000
0#
b00110101 %
1'
#22712000
1#
b00000000000000000000000000110101 .
#22722000
0#
b01110111 %
0,
#22732000
1#
b00000000000000000000000010101100 .
#22742000
0#
b00111011 %
1,
#22752000
1#
b00000000000000000000000011100111 .
#22762000
0#
b01000011 %
#22772000
1#
b00000000000000000000000100101010 .
#22782000
0#
b01010111 %
#22792000
1#
b00000000000000000000000110000001 .
#22802000
0#
b00111100 %
#22812000
1#
b00000000000000000000000110111101 .
#22822000
0#
b01011111 %
#22832000
1#
b00000000000000000000001000011100 .
#22842000
0#
b00111101 %
#22852000
1#
b00000000000000000000001001011001 .
#22862000
0#
b01000101 %
#22872000
1#
b00000000000000000000001010011110 .
#22882000
0#
b01101010 %
#22892000
1#
b00000000000000000000001100001000 .
#22902000
0#
b01110111 %
#22912000
1#
b00000000000000000000001101111111 .
#22922000
0#
b01011111 %
#22932000
1#
b00000000000000000000001111011110 .
#22942000
0#
b01000110 %
#22952000
1#
b00000000000000000000010000100100 .
#22962000
0#
b01000000 %
#22972000
1#
b00000000000000000000010001100100 .
#22982000
0#
b01011001 %
#22992000
1#
b00000000000000000000010010111101 .
#23002000
0#
b01110011 %
#23012000
1#
b00000000000000000000010100110000 .
#23022000
0#
b01110100 %
#23032000
1#
b00000000000000000000010110100100 .
#23042000
0#
b01000010 %
0,
#23052000
1#
b00000000000000000000010111100110 .
#23062000
0#
b01101010 %
#23072000
1#
b00000000000000000000011001010000 .
#23082000
0#
b00111101 %
#23092000
1#
b00000000000000000000011010001101 .
#23102000
0#
b01010001 %
1,
#23112000
1#
b00000000000000000000011011011110 .
#23122000
0#
b00111111 %
#23132000
1#
b00000000000000000000011100011101 .
#23142000
0#
b01001100 %
#23152000
1#
b00000000000000000000011101101001 .
#23162000
0#
b01110111 %
#23172000
1#
b00000000000000000000011111100000 .
#23182000
0#
b01110101 %
#23192000
1#
b00000000000000000000100001010101 .
#23202000
0#
b01011001 %
#23212000
1#
b00000000000000000000100010101110 .
#23222000
0#
b01101100 %
#23232000
1#
b00000000000000000000100100011010 .
#23242000
0#
b00110001 %
#23252000
1#
b00000000000000000000100101001011 .
#23262000
0#
b01101110 %
#23272000
1#
b00000000000000000000100110111001 .
#23282000
0#
b01110010 %
#23292000
1#
b00000000000000000000101000101011 .
#23302000
0#
b01101111 %
#23312000
1#
b00000000000000000000101010011010 .
#23322000
0#
b01000011 %
#23332000
1#
b00000000000000000000101011011101 .
#23342000
0#
b01101101 %
#23352000
1#
b00000000000000000000101101001010 .
#23362000
0#
b01011111 %
#23372000
1#
b00000000000000000000101110101001 .
#23382000
0#
b00110110 %
#23392000
1#
b00000000000000000000101111011111 .
#23402000
0#
b01010100 %
#23412000
1#
b00000000000000000000110000110011 .
#23422000
0#
b01010101 %
#23432000
1#
b00000000000000000000110010001000 .
#23442000
0#
b01001101 %
#23452000
1#
b00000000000000000000110011010101 .
#23462000
0#
b01110100 %
#23472000
1#
b00000000000000000000110101001001 .
#23482000
0#
b00111010 %
#23492000
1#
b00000000000000000000110110000011 .
#23502000
0#
b01101111 %
#23512000
1#
b00000000000000000000110111110010 .
#23522000
0#
b01000111 %
#23532000
1#
b00000000000000000000111000111001 .
#23542000
0#
b00111110 %
#23552000
1#
b00000000000000000000111001110111 .
#23562000
0#
b01101101 %
#23572000
1#
b00000000000000000000111011100100 .
#23582000
0#
b01100110 %
#23592000
1#
b00000000000000000000111101001010 .
#23602000
0#
b01001011 %
#23612000
1#
b00000000000000000000111110010101 .
#23622000
0#
b01110001 %
#23632000
1#
b00000000000000000001000000000110 .
#23642000
0#
b00110010 %
#23652000
1#
b00000000000000000001000000111000 .
#23662000
0#
b00111001 %
#23672000
1#
b00000000000000000001000001110001 .
#23682000
0#
b01010010 %
#23692000
1#
b00000000000000000001000011000011 .
#23702000
0#
b01000010 %
#23712000
1#
b00000000000000000001000100000101 .
#23722000
0#
b01110101 %
#23732000
1#
b00000000000000000001000101111010 .
#23742000
0#
b01110011 %
#23752000
1#
b00000000000000000001000111101101 .
#23762000
0#
b01100100 %
#23772000
1#
b00000000000000000001001001010001 .
#23782000
0#
b00110000 %
#23792000
1#
b00000000000000000001001010000001 .
#23802000
0#
b01101001 %
1&
#23812000
1#
0(
b100 -
b00000000000000000001001011101010 .
#23822000
0#
b00111011 %
0&
#23832000
1#
1+
b011 -
#23842000
0#
0'
#23852000
1#
b010 -
#23862000
0#
#23872000
1#
b00010010 )
b001 -
#23882000
0#
#23892000
1#
b11101010 )
1*
b000 -
#23902000
0#
#23912000
1#
1(
b00000000 )
0*
0+
b111 -
b00000000000000000000000000000000 .
#23922000
0#
0,
#23932000
1#
#23942000
0#
b01011111 %
1'
#23952000
1#
b00000000000000000000000001011111 .
#23962000
0#
b01101010 %
#23972000
1#
b00000000000000000000000011001001 .
#23982000
0#
b00111001 %
#23992000
1#
b00000000000000000000000100000010 .
#24002000
0#
b01000001 %
#24012000
1#
b00000000000000000000000101000011 .
#24022000
0#
b01100110 %
#24032000
1#
b00000000000000000000000110101001 .
#24042000
0#
b01101110 %
1,
#24052000
1#
b00000000000000000000001000010111 .
#24062000
0#
b01101011 %
#24072000
1#
b00000000000000000000001010000010 .
#24082000
0#
b01010010 %
#24092000
1#
b00000000000000000000001011010100 .
#24102000
0#
b01000001 %
#24112000
1#
b00000000000000000000001100010101 .
#24122000
0#
b01010010 %
#24132000
1#
b00000000000000000000001101100111 .
#24142000
0#
b01001101 %
#24152000
1#
b00000000000000000000001110110100 .
#24162000
0#
b00110110 %
#24172000
1#
b00000000000000000000001111101010 .
#24182000
0#
b00110011 %
#24192000
1#
b00000000000000000000010000011101 .
#24202000
0#
b01110100 %
#24212000
1#
b00000000000000000000010010010001 .
#24222000
0#
b01010010 %
#24232000
1#
b00000000000000000000010011100011 .
#24242000
0#
b01000110 %
#24252000
1#
b00000000000000000000010100101001 .
#24262000
0#
b01101100 %
#24272000
1#
b00000000000000000000010110010101 .
#24282000
0#
b00110100 %
#24292000
1#
b00000000000000000000010111001001 .
#24302000
0#
b01010111 %
#24312000
1#
b00000000000000000000011000100000 .
#24322000
0#
b01110001 %
#24332000
1#
b00000000000000000000011010010001 .
#24342000
0#
b01101001 %
#24352000
1#
b00000000000000000000011011111010 .
#24362000
0#
b00111110 %
#24372000
1#
b00000000000000000000011100111000 .
#24382000
0#
b00111100 %
#24392000
1#
b00000000000000000000011101110100 .
#24402000
0#
b01010011 %
#24412000
1#
b00000000000000000000011111000111 .
#24422000
0#
b01001111 %
#24432000
1#
b00000000000000000000100000010110 .
#24442000
0#
b01001001 %
#24452000
1#
b00000000000000000000100001011111 .
#24462000
0#
b01110111 %
#24472000
1#
b00000000000000000000100011010110 .
#24482000
0#
b01001110 %
0,
#24492000
1#
b00000000000000000000100100100100 .
#24502000
0#
b00111101 %
#24512000
1#
b00000000000000000000100101100001 .
#24522000
0#
b01101110 %
#24532000
1#
b00000000000000000000100111001111 .
#24542000
0#
#24552000
1#
b00000000000000000000101000111101 .
#24562000
0#
b01010000 %
#24572000
1#
b00000000000000000000101010001101 .
#24582000
0#
b01001000 %
1,
#24592000
1#
b00000000000000000000101011010101 .
#24602000
0#
b01100000 %
#24612000
1#
b00000000000000000000101100110101 .
#24622000
0#
b01101101 %
#24632000
1#
b00000000000000000000101110100010 .
#24642000
0#
b01001001 %
#24652000
1#
b00000000000000000000101111101011 .
#24662000
0#
b01100001 %
#24672000
1#
b00000000000000000000110001001100 .
#24682000
0#
b01011100 %
#24692000
1#
b00000000000000000000110010101000 .
#24702000
0#
b00111100 %
#24712000
1#
b00000000000000000000110011100100 .
#24722000
0#
b00110110 %
#24732000
1#
b00000000000000000000110100011010 .
#24742000
0#
b01110011 %
#24752000
1#
b00000000000000000000110110001101 .
#24762000
0#
b01101101 %
#24772000
1#
b00000000000000000000110111111010 .
#24782000
0#
b01111001 %
#24792000
1#
b00000000000000000000111001110011 .
#24802000
0#
b00110010 %
#24812000
1#
b00000000000000000000111010100101 .
#24822000
0#
b01000000 %
#24832000
1#
b00000000000000000000111011100101 .
#24842000
0#
b01110000 %
1&
#24852000
1#
0(
b100 -
b00000000000000000000111101010101 .
#24862000
0#
b00111110 %
0&
#24872000
1#
1+
b011 -
#24882000
0#
0'
#24892000
1#
b010 -
#24902000
0#
#24912000
1#
b00001111 )
b001 -
#24922000
0#
#24932000
1#
b01010101 )
1*
b000 -
#24942000
0#
#24952000
1#
1(
b00000000 )
0*
0+
b111 -
b00000000000000000000000000000000 .
#24962000
0#
#24972000
1#
#24982000
0#
b01111010 %
1'
#24992000
1#
b00000000000000000000000001111010 .
#25002000
0#
b01101001 %
#25012000
1#
b00000000000000000000000011100011 .
#25022000
0#
b01101100 %
#25032000
1#
b00000000000000000000000101001111 .
#25042000
0#
b01001011 %
#25052000
1#
b00000000000000000000000110011010 .
#25062000
0#
b00110111 %
#25072000
1#
b00000000000000000000000111010001 .
#25082000
0#
b01101110 %
#25092000
1#
b00000000000000000000001000111111 .
#25102000
0#
b01010001 %
#25112000
1#
b00000000000000000000001010010000 .
#25122000
0#
b01100001 %
#25132000
1#
b00000000000000000000001011110001 .
#25142000
0#
0'
#25152000
1#
#25162000
0#
#25172000
1#
#25182000
0#
#25192000
1#
#25202000
0#
0,
#25212000
1#
#25222000
0#
#25232000
1#
#25242000
0#
#25252000
1#
#25262000
0#
1,
#25272000
1#
#25282000
0#
#25292000
1#
#25302000
0#
#25312000
1#
#25322000
0#
b01100111 %
1'
#25332000
1#
b00000000000000000000001101011000 .
#25342000
0#
#25352000
1#
b00000000000000000000001110111111 .
#25362000
0#
b00110010 %
#25372000
1#
b00000000000000000000001111110001 .
#25382000
0#
b01010101 %
#25392000
1#
b00000000000000000000010001000110 .
#25402000
0#
b01001001 %
#25412000
1#
b00000000000000000000010010001111 .
#25422000
0#
b01101101 %
#25432000
1#
b00000000000000000000010011111100 .
#25442000
0#
b01011110 %
#25452000
1#
b00000000000000000000010101011010 .
#25462000
0#
b01011011 %
#25472000
1#
b00000000000000000000010110110101 .
#25482000
0#
b01100001 %
#25492000
1#
b00000000000000000000011000010110 .
#25502000
0#
b01000011 %
#25512000
1#
b00000000000000000000011001011001 .
#25522000
0#
b00110110 %
#25532000
1#
b00000000000000000000011010001111 .
#25542000
0#
b01000111 %
#25552000
1#
b00000000000000000000011011010110 .
#25562000
0#
b01011110 %
#25572000
1#
b00000000000000000000011100110100 .
#25582000
0#
b01000000 %
#25592000
1#
b00000000000000000000011101110100 .
#25602000
0#
b01010100 %
#25612000
1#
b00000000000000000000011111001000 .
#25622000
0#
b00111011 %
0,
#25632000
1#
b00000000000000000000100000000011 .
#25642000
0#
b01000110 %
#25652000
1#
b00000000000000000000100001001001 .
#25662000
0#
b00110101 %
#25672000
1#
b00000000000000000000100001111110 .
#25682000
0#
b00111001 %
1,
#25692000
1#
b00000000000000000000100010110111 .
#25702000
0#
b01101101 %
#25712000
1#
b00000000000000000000100100100100 .
#25722000
0#
b00111111 %
#25732000
1#
b00000000000000000000100101100011 .
#25742000
0#
b01010010 %
#25752000
1#
b00000000000000000000100110110101 .
#25762000
0#
b01010011 %
#25772000
1#
b00000000000000000000101000001000 .
#25782000
0#
b01110111 %
#25792000
1#
b00000000000000000000101001111111 .
#25802000
0#
b01101101 %
#25812000
1#
b00000000000000000000101011101100 .
#25822000
0#
b00110110 %
#25832000
1#
b00000000000000000000101100100010 .
#25842000
0#
b01011100 %
1&
#25852000
1#
0(
b100 -
b00000000000000000000101101111110 .
#25862000
0#
b01110000 %
0&
#25872000
1#
1+
b011 -
#25882000
0#
0'
#25892000
1#
b010 -
#25902000
0#
#25912000
1#
b00001011 )
b001 -
#25922000
0#
#25932000
1#
b01111110 )
1*
b000 -
#25942000
0#
#25952000
1#
1(
b00000000 )
0*
0+
b111 -
b00000000000000000000000000000000 .
#25962000
0#
#25972000
1#
#25982000
0#
b01111010 %
1'
#25992000
1#
b00000000000000000000000001111010 .
#26002000
0#
b01100101 %
#26012000
1#
b00000000000000000000000011011111 .
#26022000
0#
b01100111 %
#26032000
1#
b00000000000000000000000101000110 .
#26042000
0#
b01101001 %
0,
#26052000
1#
b00000000000000000000000110101111 .
#26062000
0#
b01100010 %
#26072000
1#
b00000000000000000000001000010001 .
#26082000
0#
b01101001 %
#26092000
1#
b00000000000000000000001001111010 .
#26102000
0#
b00111010 %
#26112000
1#
b00000000000000000000001010110100 .
#26122000
0#
b01101011 %
#26132000
1#
b00000000000000000000001100011111 .
#26142000
0#
b01101110 %
#26152000
1#
b00000000000000000000001110001101 .
#26162000
0#
b01111010 %
#26172000
1#
b00000000000000000000010000000111 .
#26182000
0#
b01110110 %
#26192000
1#
b00000000000000000000010001111101 .
#26202000
0#
b01110101 %
#26212000
1#
b00000000000000000000010011110010 .
#26222000
0#
b01011110 %
1,
#26232000
1#
b00000000000000000000010101010000 .
#26242000
0#
b01101011 %
#26252000
1#
b00000000000000000000010110111011 .
#26262000
0#
b01010001 %
#26272000
1#
b00000000000000000000011000001100 .
#26282000
0#
b01100111 %
#26292000
1#
b00000000000000000000011001110011 .
#26302000
0#
b01001111 %
#26312000
1#
b00000000000000000000011011000010 .
#26322000
0#
b01111010 %
#26332000
1#
b00000000000000000000011100111100 .
#26342000
0#
b01010110 %
0,
#26352000
1#
b00000000000000000000011110010010 .
#26362000
0#
b01110110 %
#26372000
1#
b00000000000000000000100000001000 .
#26382000
0#
b01001101 %
#26392000
1#
b00000000000000000000100001010101 .
#26402000
0#
b01011011 %
#26412000
1#
b00000000000000000000100010110000 .
#26422000
0#
b00110100 %
#26432000
1#
b00000000000000000000100011100100 .
#26442000
0#
b01011011 %
#26452000
1#
b00000000000000000000100100111111 .
#26462000
0#
b01010011 %
1,
#26472000
1#
b00000000000000000000100110010010 .
#26482000
0#
b01010010 %
#26492000
1#
b00000000000000000000100111100100 .
#26502000
0#
b01100100 %
#26512000
1#
b00000000000000000000101001001000 .
#26522000
0#
b01101010 %
#26532000
1#
b00000000000000000000101010110010 .
#26542000
0#
b01001101 %
#26552000
1#
b00000000000000000000101011111111 .
#26562000
0#
b01101101 %
#26572000
1#
b00000000000000000000101101101100 .
#26582000
0#
b00110111 %
#26592000
1#
b00000000000000000000101110100011 .
#26602000
0#
b01011011 %
#26612000
1#
b00000000000000000000101111111110 .
#26622000
0#
b01000100 %
#26632000
1#
b00000000000000000000110001000010 .
#26642000
0#
b01010100 %
1&
#26652000
1#
0(
b100 -
b00000000000000000000110010010110 .
#26662000
0#
b01101011 %
0&
#26672000
1#
1+
b011 -
#26682000
0#
0'
#26692000
1#
b010 -
#26702000
0#
#26712000
1#
b00001100 )
b001 -
#26722000
0#
#26732000
1#
b10010110 )
1*
b000 -
#26742000
0#
#26752000
1#
1(
b00000000 )
0*
0+
b111 -
b00000000000000000000000000000000 .
#26762000
0#
#26772000
1#
#26782000
0#
b01101110 %
1'
#26792000
1#
b00000000000000000000000001101110 .
#26802000
0#
b01110111 %
#26812000
1#
b00000000000000000000000011100101 .
#26822000
0#
b01000110 %
#26832000
1#
b00000000000000000000000100101011 .
#26842000
0#
b01011110 %
#26852000
1#
b00000000000000000000000110001001 .
#26862000
0#
b01100001 %
#26872000
1#
b00000000000000000000000111101010 .
#26882000
0#
b01110001 %
#26892000
1#
b00000000000000000000001001011011 .
#26902000
0#
b01000001 %
#26912000
1#
b00000000000000000000001010011100 .
#26922000
0#
b01101010 %
#26932000
1#
b00000000000000000000001100000110 .
#26942000
0#
b01001110 %
#26952000
1#
b00000000000000000000001101010100 .
#26962000
0#
b01000110 %
#26972000
1#
b00000000000000000000001110011010 .
#26982000
0#
b01011001 %
#26992000
1#
b00000000000000000000001111110011 .
#27002000
0#
b01101110 %
#27012000
1#
b00000000000000000000010001100001 .
#27022000
0#
b01110110 %
#27032000
1#
b00000000000000000000010011010111 .
#27042000
0#
b00111111 %
#27052000
1#
b00000000000000000000010100010110 .
#27062000
0#
b01001011 %
#27072000
1#
b00000000000000000000010101100001 .
#27082000
0#
b01001000 %
#27092000
1#
b00000000000000000000010110101001 .
#27102000
0#
b01001011 %
#27112000
1#
b00000000000000000000010111110100 .
#27122000
0#
b01110001 %
#27132000
1#
b00000000000000000000011001100101 .
#27142000
0#
b01100000 %
#27152000
1#
b00000000000000000000011011000101 .
#27162000
0#
b00111000 %
#27172000
1#
b00000000000000000000011011111101 .
#27182000
0#
b01100000 %
#27192000
1#
b00000000000000000000011101011101 .
#27202000
0#
b00111000 %
#27212000
1#
b00000000000000000000011110010101 .
#27222000
0#
b01100010 %
#27232000
1#
b00000000000000000000011111110111 .
#27242000
0#
b01110010 %
#27252000
1#
b00000000000000000000100001101001 .
#27262000
0#
b01010001 %
#27272000
1#
b00000000000000000000100010111010 .
#27282000
0#
b01010010 %
#27292000
1#
b00000000000000000000100100001100 .
#27302000
0#
b01111001 %
#27312000
1#
b00000000000000000000100110000101 .
#27322000
0#
b01100000 %
0,
#27332000
1#
b00000000000000000000100111100101 .
#27342000
0#
b01101011 %
1,
#27352000
1#
b00000000000000000000101001010000 .
#27362000
0#
b01100010 %
#27372000
1#
b00000000000000000000101010110010 .
#27382000
0#
b01101010 %
#27392000
1#
b00000000000000000000101100011100 .
#27402000
0#
b00110000 %
#27412000
1#
b00000000000000000000101101001100 .
#27422000
0#
b01110011 %
#27432000
1#
b00000000000000000000101110111111 .
#27442000
0#
b01101000 %
#27452000
1#
b00000000000000000000110000100111 .
#27462000
0#
b01110100 %
#27472000
1#
b00000000000000000000110010011011 .
#27482000
0#
b01100000 %
#27492000
1#
b00000000000000000000110011111011 .
#27502000
0#
b00111110 %
#27512000
1#
b00000000000000000000110100111001 .
#27522000
0#
b01010001 %
#27532000
1#
b00000000000000000000110110001010 .
#27542000
0#
b00111011 %
#27552000
1#
b00000000000000000000110111000101 .
#27562000
0#
b01100111 %
#27572000
1#
b00000000000000000000111000101100 .
#27582000
0#
b01100100 %
#27592000
1#
b00000000000000000000111010010000 .
#27602000
0#
b01100000 %
#27612000
1#
b00000000000000000000111011110000 .
#27622000
0#
b01101110 %
#27632000
1#
b00000000000000000000111101011110 .
#27642000
0#
b01011010 %
#27652000
1#
b00000000000000000000111110111000 .
#27662000
0#
b01111001 %
0,
#27672000
1#
b00000000000000000001000000110001 .
#27682000
0#
b01111000 %
#27692000
1#
b00000000000000000001000010101001 .
#27702000
0#
b00110000 %
#27712000
1#
b00000000000000000001000011011001 .
#27722000
0#
b01100101 %
#27732000
1#
b00000000000000000001000100111110 .
#27742000
0#
b01110110 %
#27752000
1#
b00000000000000000001000110110100 .
#27762000
0#
b01101111 %
#27772000
1#
b00000000000000000001001000100011 .
#27782000
0#
b01001010 %
#27792000
1#
b00000000000000000001001001101101 .
#27802000
0#
b01100100 %
1,
#27812000
1#
b00000000000000000001001011010001 .
#27822000
0#
b01100010 %
#27832000
1#
b00000000000000000001001100110011 .
#27842000
0#
b01101100 %
#27852000
1#
b00000000000000000001001110011111 .
#27862000
0#
b00110000 %
#27872000
1#
b00000000000000000001001111001111 .
#27882000
0#
b01110011 %
#27892000
1#
b00000000000000000001010001000010 .
#27902000
0#
b00110111 %
#27912000
1#
b00000000000000000001010001111001 .
#27922000
0#
b01000011 %
#27932000
1#
b00000000000000000001010010111100 .
#27942000
0#
b00111000 %
#27952000
1#
b00000000000000000001010011110100 .
#27962000
0#
b01011011 %
1&
#27972000
1#
0(
b100 -
b00000000000000000001010101001111 .
#27982000
0#
b01100101 %
0&
#27992000
1#
1+
b011 -
#28002000
0#
0'
#28012000
1#
b010 -
#28022000
0#
#28032000
1#
b00010101 )
b001 -
#28042000
0#
#28052000
1#
b01001111 )
1*
b000 -
#28062000
0#
#28072000
1#
1(
b00000000 )
0*
0+
b111 -
b00000000000000000000000000000000 .
#28082000
0#
0,
#28092000
1#
#28102000
0#
b01101010 %
1'
#28112000
1#
b00000000000000000000000001101010 .
#28122000
0#
b01010110 %
#28132000
1#
b00000000000000000000000011000000 .
#28142000
0#
b01011011 %
#28152000
1#
b00000000000000000000000100011011 .
#28162000
0#
b01100000 %
#28172000
1#
b00000000000000000000000101111011 .
#28182000
0#
b01110000 %
#28192000
1#
b00000000000000000000000111101011 .
#28202000
0#
b01100100 %
#28212000
1#
b00000000000000000000001001001111 .
#28222000
0#
b01000001 %
#28232000
1#
b00000000000000000000001010010000 .
#28242000
0#
b01110001 %
1,
#28252000
1#
b00000000000000000000001100000001 .
#28262000
0#
b01000100 %
#28272000
1#
b00000000000000000000001101000101 .
#28282000
0#
b01001011 %
#28292000
1#
b00000000000000000000001110010000 .
#28302000
0#
b01011101 %
#28312000
1#
b00000000000000000000001111101101 .
#28322000
0#
b01101011 %
#28332000
1#
b00000000000000000000010001011000 .
#28342000
0#
b01000010 %
#28352000
1#
b00000000000000000000010010011010 .
#28362000
0#
b01011010 %
#28372000
1#
b00000000000000000000010011110100 .
#28382000
0#
b01110001 %
#28392000
1#
b00000000000000000000010101100101 .
#28402000
0#
b01000100 %
1&
#28412000
1#
0(
b100 -
b00000000000000000000010110101001 .
#28422000
0#
b01001110 %
0&
#28432000
1#
1+
b011 -
#28442000
0#
0'
#28452000
1#
b010 -
#28462000
0#
#28472000
1#
b00000101 )
b001 -
#28482000
0#
#28492000
1#
b10101001 )
1*
b000 -
#28502000
0#
#28512000
1#
1(
b00000000 )
0*
0+
b111 -
b00000000000000000000000000000000 .
#28522000
0#
#28532000
1#
#28542000
0#
b01000101 %
1'
#28552000
1#
b00000000000000000000000001000101 .
#28562000
0#
b00111110 %
#28572000
1#
b00000000000000000000000010000011 .
#28582000
0#
b01011000 %
#28592000
1#
b00000000000000000000000011011011 .
#28602000
0#
b01100011 %
#28612000
1#
b00000000000000000000000100111110 .
#28622000
0#
b01010100 %
#28632000
1#
b00000000000000000000000110010010 .
#28642000
0#
b01000101 %
#28652000
1#
b00000000000000000000000111010111 .
#28662000
0#
b01010001 %
#28672000
1#
b00000000000000000000001000101000 .
#28682000
0#
b01101001 %
#28692000
1#
b00000000000000000000001010010001 .
#28702000
0#
b01101011 %
#28712000
1#
b00000000000000000000001011111100 .
#28722000
0#
b01001001 %
#28732000
1#
b00000000000000000000001101000101 .
#28742000
0#
b01100011 %
#28752000
1#
b00000000000000000000001110101000 .
#28762000
0#
b01100010 %
#28772000
1#
b00000000000000000000010000001010 .
#28782000
0#
b01110111 %
#28792000
1#
b00000000000000000000010010000001 .
#28802000
0#
b01101011 %
#28812000
1#
b00000000000000000000010011101100 .
#28822000
0#
b01011001 %
#28832000
1#
b00000000000000000000010101000101 .
#28842000
0#
b01010001 %
#28852000
1#
b00000000000000000000010110010110 .
#28862000
0#
b01000111 %
#28872000
1#
b00000000000000000000010111011101 .
#28882000
0#
b01101110 %
#28892000
1#
b00000000000000000000011001001011 .
#28902000
0#
b00110011 %
#28912000
1#
b00000000000000000000011001111110 .
#28922000
0#
b00111010 %
#28932000
1#
b00000000000000000000011010111000 .
#28942000
0#
b01100000 %
#28952000
1#
b00000000000000000000011100011000 .
#28962000
0#
b00111101 %
0,
#28972000
1#
b00000000000000000000011101010101 .
#28982000
0#
b01010001 %
#28992000
1#
b00000000000000000000011110100110 .
#29002000
0#
b01010100 %
#29012000
1#
b00000000000000000000011111111010 .
#29022000
0#
b01010101 %
#29032000
1#
b00000000000000000000100001001111 .
#29042000
0#
b01101111 %
#29052000
1#
b00000000000000000000100010111110 .
#29062000
0#
b01000100 %
#29072000
1#
b00000000000000000000100100000010 .
#29082000
0#
b01100011 %
#29092000
1#
b00000000000000000000100101100101 .
#29102000
0#
b01011100 %
1,
#29112000
1#
b00000000000000000000100111000001 .
#29122000
0#
b01101010 %
#29132000
1#
b00000000000000000000101000101011 .
#29142000
0#
b01110000 %
0,
#29152000
1#
b00000000000000000000101010011011 .
#29162000
0#
b01001100 %
#29172000
1#
b00000000000000000000101011100111 .
#29182000
0#
b00111001 %
#29192000
1#
b00000000000000000000101100100000 .
#29202000
0#
b00111000 %
#29212000
1#
b00000000000000000000101101011000 .
#29222000
0#
b00111011 %
1&
#29232000
1#
0(
b100 -
b00000000000000000000101110010011 .
#29242000
0#
b00111010 %
0&
#29252000
1#
1+
#29262000
0#
0'
#29272000
1#
#29282000
0#
1,
#29292000
1#
b011 -
#29302000
0#
#29312000
1#
b010 -
#29322000
0#
0,
#29332000
1#
b00001011 )
#29342000
0#
#29352000
1#
#29362000
0#
#29372000
1#
#29382000
0#
#29392000
1#
#29402000
0#
#29412000
1#
#29422000
0#
#29432000
1#
#29442000
0#
#29452000
1#
#29462000
0#
#29472000
1#
#29482000
0#
1,
#29492000
1#
b001 -
#29502000
0#
#29512000
1#
b10010011 )
1*
b000 -
#29522000
0#
#29532000
1#
1(
b00000000 )
0*
0+
b111 -
b00000000000000000000000000000000 .
#29542000
0#
#29552000
1#
#29562000
0#
b01110000 %
1'
#29572000
1#
b00000000000000000000000001110000 .
#29582000
0#
0'
#29592000
1#
#29602000
0#
#29612000
1#
#29622000
0#
#29632000
1#
#29642000
0#
#29652000
1#
#29662000
0#
#29672000
1#
#29682000
0#
0,
#29692000
1#
#29702000
0#
#29712000
1#
#29722000
0#
#29732000
1#
#29742000
0#
b01100110 %
1'
#29752000
1#
b00000000000000000000000011010110 .
#29762000
0#
b00111111 %
#29772000
1#
b00000000000000000000000100010101 .
#29782000
0#
b00111011 %
#29792000
1#
b00000000000000000000000101010000 .
#29802000
0#
b01110101 %
#29812000
1#
b00000000000000000000000111000101 .
#29822000
0#
b01011000 %
#29832000
1#
b00000000000000000000001000011101 .
#29842000
0#
b01110110 %
#29852000
1#
b00000000000000000000001010010011 .
#29862000
0#
b01101000 %
#29872000
1#
b00000000000000000000001011111011 .
#29882000
0#
b01011100 %
#29892000
1#
b00000000000000000000001101010111 .
#29902000
0#
b01000101 %
#29912000
1#
b00000000000000000000001110011100 .
#29922000
0#
b01010101 %
#29932000
1#
b00000000000000000000001111110001 .
#29942000
0#
b01100010 %
1,
#29952000
1#
b00000000000000000000010001010011 .
#29962000
0#
b01010100 %
#29972000
1#
b00000000000000000000010010100111 .
#29982000
0#
b01010001 %
#29992000
1#
b00000000000000000000010011111000 .
#30002000
0#
b01011011 %
#30012000
1#
b00000000000000000000010101010011 .
#30022000
0#
b01011010 %
0,
#30032000
1#
b00000000000000000000010110101101 .
#30042000
0#
b01111010 %
#30052000
1#
b00000000000000000000011000100111 .
#30062000
0#
b01000111 %
#30072000
1#
b00000000000000000000011001101110 .
#30082000
0#
b01011011 %
#30092000
1#
b00000000000000000000011011001001 .
#30102000
0#
b01101110 %
#30112000
1#
b00000000000000000000011100110111 .
#30122000
0#
b01000010 %
1,
#30132000
1#
b00000000000000000000011101111001 .
#30142000
0#
b00111110 %
#30152000
1#
b00000000000000000000011110110111 .
#30162000
0#
0'
#30172000
1#
#30182000
0#
#30192000
1#
#30202000
0#
#30212000
1#
#30222000
0#
#30232000
1#
#30242000
0#
#30252000
1#
#30262000
0#
b00111100 %
1'
#30272000
1#
b00000000000000000000011111110011 .
#30282000
0#
b00110101 %
#30292000
1#
b00000000000000000000100000101000 .
#30302000
0#
b01000100 %
#30312000
1#
b00000000000000000000100001101100 .
#30322000
0#
b01000111 %
#30332000
1#
b00000000000000000000100010110011 .
#30342000
0#
b01011110 %
#30352000
1#
b00000000000000000000100100010001 .
#30362000
0#
b01101101 %
#30372000
1#
b00000000000000000000100101111110 .
#30382000
0#
b01110110 %
#30392000
1#
b00000000000000000000100111110100 .
#30402000
0#
b01101110 %
#30412000
1#
b00000000000000000000101001100010 .
#30422000
0#
b01001000 %
#30432000
1#
b00000000000000000000101010101010 .
#30442000
0#
b01111001 %
#30452000
1#
b00000000000000000000101100100011 .
#30462000
0#
b00110101 %
#30472000
1#
b00000000000000000000101101011000 .
#30482000
0#
b01110000 %
#30492000
1#
b00000000000000000000101111001000 .
#30502000
0#
b01001101 %
#30512000
1#
b00000000000000000000110000010101 .
#30522000
0#
b01100011 %
#30532000
1#
b00000000000000000000110001111000 .
#30542000
0#
b00111110 %
0,
#30552000
1#
b00000000000000000000110010110110 .
#30562000
0#
b01100011 %
#30572000
1#
b00000000000000000000110100011001 .
#30582000
0#
b01011100 %
1,
#30592000
1#
b00000000000000000000110101110101 .
#30602000
0#
b00111000 %
#30612000
1#
b00000000000000000000110110101101 .
#30622000
0#
b00110010 %
#30632000
1#
b00000000000000000000110111011111 .
#30642000
0#
b01010011 %
1&
#30652000
1#
0(
b100 -
b00000000000000000000111000110010 .
#30662000
0#
b01100100 %
0&
#30672000
1#
1+
b011 -
#30682000
0#
0'
#30692000
1#
b010 -
#30702000
0#
#30712000
1#
b00001110 )
b001 -
#30722000
0#
#30732000
1#
b00110010 )
1*
b000 -
#30742000
0#
#30752000
1#
1(
b00000000 )
0*
0+
b111 -
b00000000000000000000000000000000 .
#30762000
0#
0,
#30772000
1#
#30782000
0#
b01011100 %
1'
#30792000
1#
b00000000000000000000000001011100 .
#30802000
0#
b01011010 %
#30812000
1#
b00000000000000000000000010110110 .
#30822000
0#
b00111010 %
#30832000
1#
b00000000000000000000000011110000 .
#30842000
0#
b01101111 %
#30852000
1#
b00000000000000000000000101011111 .
#30862000
0#
b01100010 %
#30872000
1#
b00000000000000000000000111000001 .
#30882000
0#
b01100000 %
#30892000
1#
b00000000000000000000001000100001 .
#30902000
0#
b01110111 %
#30912000
1#
b00000000000000000000001010011000 .
#30922000
0#
b01100101 %
#30932000
1#
b00000000000000000000001011111101 .
#30942000
0#
b00111001 %
#30952000
1#
b00000000000000000000001100110110 .
#30962000
0#
b01101100 %
#30972000
1#
b00000000000000000000001110100010 .
#30982000
0#
b01011000 %
#30992000
1#
b00000000000000000000001111111010 .
#31002000
0#
b01101000 %
#31012000
1#
b00000000000000000000010001100010 .
#31022000
0#
b01001010 %
1,
#31032000
1#
b00000000000000000000010010101100 .
#31042000
0#
b01100101 %
#31052000
1#
b00000000000000000000010100010001 .
#31062000
0#
b00110111 %
#31072000
1#
b00000000000000000000010101001000 .
#31082000
0#
b00110101 %
#31092000
1#
b00000000000000000000010101111101 .
#31102000
0#
b01110010 %
0,
#31112000
1#
b00000000000000000000010111101111 .
#31122000
0#
b00110101 %
#31132000
1#
b00000000000000000000011000100100 .
#31142000
0#
b01100101 %
#31152000
1#
b00000000000000000000011010001001 .
#31162000
0#
b01101111 %
#31172000
1#
b00000000000000000000011011111000 .
#31182000
0#
b01001110 %
#31192000
1#
b00000000000000000000011101000110 .
#31202000
0#
b01000011 %
#31212000
1#
b00000000000000000000011110001001 .
#31222000
0#
b01001111 %
1,
#31232000
1#
b00000000000000000000011111011000 .
#31242000
0#
b01010111 %
#31252000
1#
b00000000000000000000100000101111 .
#31262000
0#
b00111001 %
1&
#31272000
1#
0(
b100 -
b00000000000000000000100001101000 .
#31282000
0#
b01011111 %
0&
#31292000
1#
1+
b011 -
#31302000
0#
0'
#31312000
1#
b010 -
#31322000
0#
#31332000
1#
b00001000 )
b001 -
#31342000
0#
#31352000
1#
b01101000 )
1*
b000 -
#31362000
0#
0,
#31372000
1#
1(
b00000000 )
0*
0+
b00000000000000000000000000000000 .
#31382000
0#
#31392000
1#
#31402000
0#
b01010011 %
1'
#31412000
1#
b00000000000000000000000001010011 .
#31422000
0#
b01100100 %
#31432000
1#
b00000000000000000000000010110111 .
#31442000
0#
b01011111 %
#31452000
1#
b00000000000000000000000100010110 .
#31462000
0#
b01111000 %
#31472000
1#
b00000000000000000000000110001110 .
#31482000
0#
b01000101 %
1,
#31492000
1#
b00000000000000000000000111010011 .
#31502000
0#
#31512000
1#
b00000000000000000000001000011000 .
#31522000
0#
b01110010 %
#31532000
1#
b00000000000000000000001010001010 .
#31542000
0#
#31552000
1#
b00000000000000000000001011111100 .
#31562000
0#
b01110100 %
#31572000
1#
b00000000000000000000001101110000 .
#31582000
0#
#31592000
1#
b00000000000000000000001111100100 .
#31602000
0#
b00111101 %
#31612000
1#
b00000000000000000000010000100001 .
#31622000
0#
b01001001 %
#31632000
1#
b00000000000000000000010001101010 .
#31642000
0#
b01101100 %
#31652000
1#
b00000000000000000000010011010110 .
#31662000
0#
b01101001 %
#31672000
1#
b00000000000000000000010100111111 .
#31682000
0#
b01001110 %
#31692000
1#
b00000000000000000000010110001101 .
#31702000
0#
b00110000 %
#31712000
1#
b00000000000000000000010110111101 .
#31722000
0#
b01000010 %
#31732000
1#
b00000000000000000000010111111111 .
#31742000
0#
b01011110 %
#31752000
1#
b00000000000000000000011001011101 .
#31762000
0#
b01110011 %
#31772000
1#
b00000000000000000000011011010000 .
#31782000
0#
b01100111 %
#31792000
1#
b00000000000000000000011100110111 .
#31802000
0#
b01000001 %
#31812000
1#
b00000000000000000000011101111000 .
#31822000
0#
b01001101 %
0,
#31832000
1#
b00000000000000000000011111000101 .
#31842000
0#
b00111011 %
#31852000
1#
b00000000000000000000100000000000 .
#31862000
0#
b01001100 %
#31872000
1#
b00000000000000000000100001001100 .
#31882000
0#
b00111000 %
#31892000
1#
b00000000000000000000100010000100 .
#31902000
0#
b01000000 %
#31912000
1#
b00000000000000000000100011000100 .
#31922000
0#
b01100010 %
#31932000
1#
b00000000000000000000100100100110 .
#31942000
0#
b01011000 %
#31952000
1#
b00000000000000000000100101111110 .
#31962000
0#
b01010100 %
#31972000
1#
b00000000000000000000100111010010 .
#31982000
0#
b00111110 %
1,
#31992000
1#
b00000000000000000000101000010000 .
#32002000
0#
b01100001 %
#32012000
1#
b00000000000000000000101001110001 .
#32022000
0#
b01011001 %
#32032000
1#
b00000000000000000000101011001010 .
#32042000
0#
b01111001 %
#32052000
1#
b00000000000000000000101101000011 .
#32062000
0#
b00110100 %
#32072000
1#
b00000000000000000000101101110111 .
#32082000
0#
b01010111 %
#32092000
1#
b00000000000000000000101111001110 .
#32102000
0#
b01010001 %
0,
#32112000
1#
b00000000000000000000110000011111 .
#32122000
0#
b01000011 %
#32132000
1#
b00000000000000000000110001100010 .
#32142000
0#
b00110110 %
#32152000
1#
b00000000000000000000110010011000 .
#32162000
0#
b01100001 %
#32172000
1#
b00000000000000000000110011111001 .
#32182000
0#
b01001001 %
#32192000
1#
b00000000000000000000110101000010 .
#32202000
0#
b01011101 %
#32212000
1#
b00000000000000000000110110011111 .
#32222000
0#
b01110111 %
#32232000
1#
b00000000000000000000111000010110 .
#32242000
0#
b01101100 %
#32252000
1#
b00000000000000000000111010000010 .
#32262000
0#
b01011001 %
#32272000
1#
b00000000000000000000111011011011 .
#32282000
0#
b01101010 %
1,
#32292000
1#
b00000000000000000000111101000101 .
#32302000
0#
b01011101 %
#32312000
1#
b00000000000000000000111110100010 .
#32322000
0#
#32332000
1#
b00000000000000000000111111111111 .
#32342000
0#
b01001111 %
#32352000
1#
b00000000000000000001000001001110 .
#32362000
0#
b01000110 %
1&
#32372000
1#
0(
b100 -
b00000000000000000001000010010100 .
#32382000
0#
b00111101 %
0&
#32392000
1#
1+
b011 -
#32402000
0#
0'
#32412000
1#
b010 -
#32422000
0#
#32432000
1#
b00010000 )
b001 -
#32442000
0#
#32452000
1#
b10010100 )
1*
b000 -
#32462000
0#
#32472000
1#
1(
b00000000 )
0*
0+
b111 -
b00000000000000000000000000000000 .
#32482000
0#
0,
#32492000
1#
#32502000
0#
b01110010 %
1'
#32512000
1#
b00000000000000000000000001110010 .
#32522000
0#
b00111011 %
#32532000
1#
b00000000000000000000000010101101 .
#32542000
0#
b00110001 %
1,
#32552000
1#
b00000000000000000000000011011110 .
#32562000
0#
b00111000 %
#32572000
1#
b00000000000000000000000100010110 .
#32582000
0#
b01100101 %
0,
#32592000
1#
b00000000000000000000000101111011 .
#32602000
0#
b01010000 %
#32612000
1#
b00000000000000000000000111001011 .
#32622000
0#
b01111010 %
1,
#32632000
1#
b00000000000000000000001001000101 .
#32642000
0#
b01110110 %
#32652000
1#
b00000000000000000000001010111011 .
#32662000
0#
b01100101 %
#32672000
1#
b00000000000000000000001100100000 .
#32682000
0#
b00110111 %
#32692000
1#
b00000000000000000000001101010111 .
#32702000
0#
b01000100 %
#32712000
1#
b00000000000000000000001110011011 .
#32722000
0#
b01100001 %
#32732000
1#
b00000000000000000000001111111100 .
#32742000
0#
b01100100 %
#32752000
1#
b00000000000000000000010001100000 .
#32762000
0#
b01001010 %
#32772000
1#
b00000000000000000000010010101010 .
#32782000
0#
b01011000 %
#32792000
1#
b00000000000000000000010100000010 .
#32802000
0#
b01010101 %
#32812000
1#
b00000000000000000000010101010111 .
#32822000
0#
b01110111 %
#32832000
1#
b00000000000000000000010111001110 .
#32842000
0#
b01001001 %
0,
#32852000
1#
b00000000000000000000011000010111 .
#32862000
0#
b01101010 %
#32872000
1#
b00000000000000000000011010000001 .
#32882000
0#
b01010110 %
#32892000
1#
b00000000000000000000011011010111 .
#32902000
0#
b01110001 %
#32912000
1#
b00000000000000000000011101001000 .
#32922000
0#
b00110000 %
#32932000
1#
b00000000000000000000011101111000 .
#32942000
0#
b01110111 %
1,
#32952000
1#
b00000000000000000000011111101111 .
#32962000
0#
b01010010 %
#32972000
1#
b00000000000000000000100001000001 .
#32982000
0#
b01010011 %
#32992000
1#
b00000000000000000000100010010100 .
#33002000
0#
b01100110 %
#33012000
1#
b00000000000000000000100011111010 .
#33022000
0#
b00111100 %
#33032000
1#
b00000000000000000000100100110110 .
#33042000
0#
b00110110 %
#33052000
1#
b00000000000000000000100101101100 .
#33062000
0#
b00110001 %
#33072000
1#
b00000000000000000000100110011101 .
#33082000
0#
b01101101 %
#33092000
1#
b00000000000000000000101000001010 .
#33102000
0#
b01001000 %
#33112000
1#
b00000000000000000000101001010010 .
#33122000
0#
b00111100 %
#33132000
1#
b00000000000000000000101010001110 .
#33142000
0#
b00111111 %
0,
#33152000
1#
b00000000000000000000101011001101 .
#33162000
0#
b00110011 %
#33172000
1#
b00000000000000000000101100000000 .
#33182000
0#
b01011100 %
1,
#33192000
1#
b00000000000000000000101101011100 .
#33202000
0#
b01010010 %
#33212000
1#
b00000000000000000000101110101110 .
#33222000
0#
b01101011 %
#33232000
1#
b00000000000000000000110000011001 .
#33242000
0#
b00110010 %
#33252000
1#
b00000000000000000000110001001011 .
#33262000
0#
b01011100 %
#33272000
1#
b00000000000000000000110010100111 .
#33282000
0#
b01010101 %
#33292000
1#
b00000000000000000000110011111100 .
#33302000
0#
b01100111 %
#33312000
1#
b00000000000000000000110101100011 .
#33322000
0#
b01110100 %
#33332000
1#
b00000000000000000000110111010111 .
#33342000
0#
b00111100 %
#33352000
1#
b00000000000000000000111000010011 .
#33362000
0#
b01011101 %
#33372000
1#
b00000000000000000000111001110000 .
#33382000
0#
b00111001 %
#33392000
1#
b00000000000000000000111010101001 .
#33402000
0#
b00110100 %
#33412000
1#
b00000000000000000000111011011101 .
#33422000
0#
b01100010 %
#33432000
1#
b00000000000000000000111100111111 .
#33442000
0#
b01000000 %
#33452000
1#
b00000000000000000000111101111111 .
#33462000
0#
b00111110 %
#33472000
1#
b00000000000000000000111110111101 .
#33482000
0#
b00110000 %
#33492000
1#
b00000000000000000000111111101101 .
#33502000
0#
b01100101 %
#33512000
1#
b00000000000000000001000001010010 .
#33522000
0#
b01111000 %
#33532000
1#
b00000000000000000001000011001010 .
#33542000
0#
b01111010 %
#33552000
1#
b00000000000000000001000101000100 .
#33562000
0#
b01110011 %
#33572000
1#
b00000000000000000001000110110111 .
#33582000
0#
b01101011 %
#33592000
1#
b00000000000000000001001000100010 .
#33602000
0#
b01000100 %
#33612000
1#
b00000000000000000001001001100110 .
#33622000
0#
b01011101 %
#33632000
1#
b00000000000000000001001011000011 .
#33642000
0#
b01001001 %
#33652000
1#
b00000000000000000001001100001100 .
#33662000
0#
b01101101 %
#33672000
1#
b00000000000000000001001101111001 .
#33682000
0#
b01100001 %
1&
#33692000
1#
0(
b100 -
b00000000000000000001001111011010 .
#33702000
0#
b01000011 %
0&
#33712000
1#
1+
b011 -
#33722000
0#
0'
#33732000
1#
b010 -
#33742000
0#
#33752000
1#
b00010011 )
b001 -
#33762000
0#
#33772000
1#
b11011010 )
1*
b000 -
#33782000
0#
#33792000
1#
1(
b00000000 )
0*
0+
b111 -
b00000000000000000000000000000000 .
#33802000
0#
#33812000
1#
#33822000
0#
b01000010 %
1'
#33832000
1#
b00000000000000000000000001000010 .
#33842000
0#
b00110110 %
#33852000
1#
b00000000000000000000000001111000 .
#33862000
0#
b01001100 %
#33872000
1#
b00000000000000000000000011000100 .
#33882000
0#
b01110101 %
#33892000
1#
b00000000000000000000000100111001 .
#33902000
0#
b01010100 %
#33912000
1#
b00000000000000000000000110001101 .
#33922000
0#
b01101110 %
#33932000
1#
b00000000000000000000000111111011 .
#33942000
0#
b01110010 %
#33952000
1#
b00000000000000000000001001101101 .
#33962000
0#
b01111000 %
0,
#33972000
1#
b00000000000000000000001011100101 .
#33982000
0#
b01010100 %
#33992000
1#
b00000000000000000000001100111001 .
#34002000
0#
b01010001 %
#34012000
1#
b00000000000000000000001110001010 .
#34022000
0#
b01000001 %
1,
#34032000
1#
b00000000000000000000001111001011 .
#34042000
0#
b01000100 %
0,
#34052000
1#
b00000000000000000000010000001111 .
#34062000
0#
b01011010 %
#34072000
1#
b00000000000000000000010001101001 .
#34082000
0#
b01010000 %
#34092000
1#
b00000000000000000000010010111001 .
#34102000
0#
b01000010 %
#34112000
1#
b00000000000000000000010011111011 .
#34122000
0#
b01011101 %
1,
#34132000
1#
b00000000000000000000010101011000 .
#34142000
0#
b01100111 %
#34152000
1#
b00000000000000000000010110111111 .
#34162000
0#
b00111000 %
#34172000
1#
b00000000000000000000010111110111 .
#34182000
0#
b01010011 %
#34192000
1#
b00000000000000000000011001001010 .
#34202000
0#
b01000111 %
#34212000
1#
b00000000000000000000011010010001 .
#34222000
0#
b01010101 %
0,
#34232000
1#
b00000000000000000000011011100110 .
#34242000
0#
b01100110 %
#34252000
1#
b00000000000000000000011101001100 .
#34262000
0#
#34272000
1#
b00000000000000000000011110110010 .
#34282000
0#
b01011100 %
#34292000
1#
b00000000000000000000100000001110 .
#34302000
0#
b00111000 %
1,
#34312000
1#
b00000000000000000000100001000110 .
#34322000
0#
b00111101 %
0,
#34332000
1#
b00000000000000000000100010000011 .
#34342000
0#
b01001001 %
1,
#34352000
1#
b00000000000000000000100011001100 .
#34362000
0#
b01000101 %
#34372000
1#
b00000000000000000000100100010001 .
#34382000
0#
b01001001 %
#34392000
1#
b00000000000000000000100101011010 .
#34402000
0#
b01010110 %
#34412000
1#
b00000000000000000000100110110000 .
#34422000
0#
b00110011 %
#34432000
1#
b00000000000000000000100111100011 .
#34442000
0#
b01110001 %
#34452000
1#
b00000000000000000000101001010100 .
#34462000
0#
b01000101 %
#34472000
1#
b00000000000000000000101010011001 .
#34482000
0#
b00110010 %
#34492000
1#
b00000000000000000000101011001011 .
#34502000
0#
b01101011 %
#34512000
1#
b00000000000000000000101100110110 .
#34522000
0#
b01010110 %
#34532000
1#
b00000000000000000000101110001100 .
#34542000
0#
b00110011 %
#34552000
1#
b00000000000000000000101110111111 .
#34562000
0#
b01111010 %
#34572000
1#
b00000000000000000000110000111001 .
#34582000
0#
b01011011 %
0,
#34592000
1#
b00000000000000000000110010010100 .
#34602000
0#
b00111101 %
#34612000
1#
b00000000000000000000110011010001 .
#34622000
0#
b01011111 %
#34632000
1#
b00000000000000000000110100110000 .
#34642000
0#
b01100011 %
#34652000
1#
b00000000000000000000110110010011 .
#34662000
0#
b01101111 %
#34672000
1#
b00000000000000000000111000000010 .
#34682000
0#
b01000100 %
#34692000
1#
b00000000000000000000111001000110 .
#34702000
0#
b01110011 %
#34712000
1#
b00000000000000000000111010111001 .
#34722000
0#
b01101101 %
#34732000
1#
b00000000000000000000111100100110 .
#34742000
0#
b00111010 %
#34752000
1#
b00000000000000000000111101100000 .
#34762000
0#
b01101101 %
#34772000
1#
b00000000000000000000111111001101 .
#34782000
0#
b01000011 %
1,
#34792000
1#
b00000000000000000001000000010000 .
#34802000
0#
b01001011 %
#34812000
1#
b00000000000000000001000001011011 .
#34822000
0#
b01101110 %
1&
#34832000
1#
0(
b100 -
b00000000000000000001000011001001 .
#34842000
0#
b01100011 %
0&
#34852000
1#
1+
b011 -
#34862000
0#
0'
#34872000
1#
b010 -
#34882000
0#
0,
#34892000
1#
b00010000 )
#34902000
0#
#34912000
1#
#34922000
0#
#34932000
1#
#34942000
0#
#34952000
1#
#34962000
0#
#34972000
1#
#34982000
0#
#34992000
1#
#35002000
0#
#35012000
1#
#35022000
0#
1,
#35032000
1#
b001 -
#35042000
0#
#35052000
1#
b11001001 )
1*
b000 -
#35062000
0#
#35072000
1#
1(
b00000000 )
0*
0+
b111 -
b00000000000000000000000000000000 .
#35082000
0#
#35092000
1#
#35102000
0#
b01011101 %
1'
#35112000
1#
b00000000000000000000000001011101 .
#35122000
0#
b01000101 %
#35132000
1#
b00000000000000000000000010100010 .
#35142000
0#
#35152000
1#
b00000000000000000000000011100111 .
#35162000
0#
b01110101 %
#35172000
1#
b00000000000000000000000101011100 .
#35182000
0#
b01010000 %
#35192000
1#
b00000000000000000000000110101100 .
#35202000
0#
b01101100 %
#35212000
1#
b00000000000000000000001000011000 .
#35222000
0#
b01110001 %
#35232000
1#
b00000000000000000000001010001001 .
#35242000
0#
b01011000 %
#35252000
1#
b00000000000000000000001011100001 .
#35262000
0#
#35272000
1#
b00000000000000000000001100111001 .
#35282000
0#
b01111001 %
#35292000
1#
b00000000000000000000001110110010 .
#35302000
0#
b00110100 %
#35312000
1#
b00000000000000000000001111100110 .
#35322000
0#
b01001111 %
#35332000
1#
b00000000000000000000010000110101 .
#35342000
0#
b01010001 %
#35352000
1#
b00000000000000000000010010000110 .
#35362000
0#
b01110100 %
#35372000
1#
b00000000000000000000010011111010 .
#35382000
0#
b00110000 %
#35392000
1#
b00000000000000000000010100101010 .
#35402000
0#
b01100110 %
#35412000
1#
b00000000000000000000010110010000 .
#35422000
0#
b01010110 %
#35432000
1#
b00000000000000000000010111100110 .
#35442000
0#
b01010101 %
#35452000
1#
b00000000000000000000011000111011 .
#35462000
0#
b00111111 %
#35472000
1#
b00000000000000000000011001111010 .
#35482000
0#
b01001000 %
0,
#35492000
1#
b00000000000000000000011011000010 .
#35502000
0#
b00111011 %
#35512000
1#
b00000000000000000000011011111101 .
#35522000
0#
b01011000 %
#35532000
1#
b00000000000000000000011101010101 .
#35542000
0#
b01001011 %
#35552000
1#
b00000000000000000000011110100000 .
#35562000
0#
b00110110 %
#35572000
1#
b00000000000000000000011111010110 .
#35582000
0#
b01100110 %
#35592000
1#
b00000000000000000000100000111100 .
#35602000
0#
b01100001 %
#35612000
1#
b00000000000000000000100010011101 .
#35622000
0#
b01000101 %
#35632000
1#
b00000000000000000000100011100010 .
#35642000
0#
b01000010 %
#35652000
1#
b00000000000000000000100100100100 .
#35662000
0#
b00111111 %
1,
#35672000
1#
b00000000000000000000100101100011 .
#35682000
0#
b00110011 %
#35692000
1#
b00000000000000000000100110010110 .
#35702000
0#
b00111011 %
#35712000
1#
b00000000000000000000100111010001 .
#35722000
0#
b01000000 %
#35732000
1#
b00000000000000000000101000010001 .
#35742000
0#
b01000100 %
#35752000
1#
b00000000000000000000101001010101 .
#35762000
0#
b01011110 %
#35772000
1#
b00000000000000000000101010110011 .
#35782000
0#
b01111001 %
#35792000
1#
b00000000000000000000101100101100 .
#35802000
0#
b01101100 %
#35812000
1#
b00000000000000000000101110011000 .
#35822000
0#
b01111001 %
#35832000
1#
b00000000000000000000110000010001 .
#35842000
0#
b00111000 %
#35852000
1#
b00000000000000000000110001001001 .
#35862000
0#
b01011001 %
#35872000
1#
b00000000000000000000110010100010 .
#35882000
0#
b01011000 %
#35892000
1#
b00000000000000000000110011111010 .
#35902000
0#
b00110001 %
#35912000
1#
b00000000000000000000110100101011 .
#35922000
0#
b01101001 %
#35932000
1#
b00000000000000000000110110010100 .
#35942000
0#
b01110000 %
#35952000
1#
b00000000000000000000111000000100 .
#35962000
0#
b01010100 %
#35972000
1#
b00000000000000000000111001011000 .
#35982000
0#
#35992000
1#
b00000000000000000000111010101100 .
#36002000
0#
b01111000 %
#36012000
1#
b00000000000000000000111100100100 .
#36022000
0#
b01010110 %
#36032000
1#
b00000000000000000000111101111010 .
#36042000
0#
b00111011 %
#36052000
1#
b00000000000000000000111110110101 .
#36062000
0#
0'
#36072000
1#
#36082000
0#
#36092000
1#
#36102000
0#
b01111001 %
1'
#36112000
1#
b00000000000000000001000000101110 .
#36122000
0#
b01011001 %
1&
#36132000
1#
0(
b100 -
b00000000000000000001000010000111 .
#36142000
0#
b01001001 %
0&
#36152000
1#
1+
b011 -
#36162000
0#
0'
#36172000
1#
b010 -
#36182000
0#
#36192000
1#
b00010000 )
b001 -
#36202000
0#
#36212000
1#
b10000111 )
1*
b000 -
#36222000
0#
#36232000
1#
1(
b00000000 )
0*
0+
b111 -
b00000000000000000000000000000000 .
#36242000
0#
#36252000
1#
#36262000
0#
b01110011 %
1'
0,
#36272000
1#
b00000000000000000000000001110011 .
#36282000
0#
b01100010 %
#36292000
1#
b00000000000000000000000011010101 .
#36302000
0#
b00110000 %
#36312000
1#
b00000000000000000000000100000101 .
#36322000
0#
b01001111 %
#36332000
1#
b00000000000000000000000101010100 .
#36342000
0#
b00110101 %
#36352000
1#
b00000000000000000000000110001001 .
#36362000
0#
#36372000
1#
b00000000000000000000000110111110 .
#36382000
0#
b01101110 %
#36392000
1#
b00000000000000000000001000101100 .
#36402000
0#
b00110011 %
1,
#36412000
1#
b00000000000000000000001001011111 .
#36422000
0#
b00111001 %
#36432000
1#
b00000000000000000000001010011000 .
#36442000
0#
b01110010 %
0,
#36452000
1#
b00000000000000000000001100001010 .
#36462000
0#
b01101101 %
#36472000
1#
b00000000000000000000001101110111 .
#36482000
0#
b01011000 %
#36492000
1#
b00000000000000000000001111001111 .
#36502000
0#
b01000010 %
#36512000
1#
b00000000000000000000010000010001 .
#36522000
0#
b00110111 %
#36532000
1#
b00000000000000000000010001001000 .
#36542000
0#
b01101000 %
#36552000
1#
b00000000000000000000010010110000 .
#36562000
0#
b01100010 %
#36572000
1#
b00000000000000000000010100010010 .
#36582000
0#
b01011001 %
#36592000
1#
b00000000000000000000010101101011 .
#36602000
0#
b01101111 %
#36612000
1#
b00000000000000000000010111011010 .
#36622000
0#
b01101101 %
#36632000
1#
b00000000000000000000011001000111 .
#36642000
0#
b00111011 %
#36652000
1#
b00000000000000000000011010000010 .
#36662000
0#
b00110001 %
#36672000
1#
b00000000000000000000011010110011 .
#36682000
0#
b00110111 %
1,
#36692000
1#
b00000000000000000000011011101010 .
#36702000
0#
0'
#36712000
1#
#36722000
0#
b01011011 %
1'
#36732000
1#
b00000000000000000000011101000101 .
#36742000
0#
b00110101 %
#36752000
1#
b00000000000000000000011101111010 .
#36762000
0#
b01010110 %
#36772000
1#
b00000000000000000000011111010000 .
#36782000
0#
b01100101 %
0,
#36792000
1#
b00000000000000000000100000110101 .
#36802000
0#
b01110001 %
#36812000
1#
b00000000000000000000100010100110 .
#36822000
0#
b00110110 %
#36832000
1#
b00000000000000000000100011011100 .
#36842000
0#
b01011110 %
#36852000
1#
b00000000000000000000100100111010 .
#36862000
0#
b00111001 %
#36872000
1#
b00000000000000000000100101110011 .
#36882000
0#
b01011111 %
#36892000
1#
b00000000000000000000100111010010 .
#36902000
0#
b01110011 %
#36912000
1#
b00000000000000000000101001000101 .
#36922000
0#
b01011101 %
#36932000
1#
b00000000000000000000101010100010 .
#36942000
0#
b01100100 %
#36952000
1#
b00000000000000000000101100000110 .
#36962000
0#
b01110110 %
#36972000
1#
b00000000000000000000101101111100 .
#36982000
0#
b01110001 %
#36992000
1#
b00000000000000000000101111101101 .
#37002000
0#
b00111011 %
#37012000
1#
b00000000000000000000110000101000 .
#37022000
0#
b01010011 %
#37032000
1#
b00000000000000000000110001111011 .
#37042000
0#
b01110101 %
#37052000
1#
b00000000000000000000110011110000 .
#37062000
0#
b00111110 %
#37072000
1#
b00000000000000000000110100101110 .
#37082000
0#
b01110000 %
1,
#37092000
1#
b00000000000000000000110110011110 .
#37102000
0#
b01010110 %
#37112000
1#
b00000000000000000000110111110100 .
#37122000
0#
b01010111 %
#37132000
1#
b00000000000000000000111001001011 .
#37142000
0#
b01011011 %
#37152000
1#
b00000000000000000000111010100110 .
#37162000
0#
b00111111 %
#37172000
1#
b00000000000000000000111011100101 .
#37182000
0#
b00110000 %
#37192000
1#
b00000000000000000000111100010101 .
#37202000
0#
b00111011 %
#37212000
1#
b00000000000000000000111101010000 .
#37222000
0#
b01100100 %
#37232000
1#
b00000000000000000000111110110100 .
#37242000
0#
b01100010 %
#37252000
1#
b00000000000000000001000000010110 .
#37262000
0#
b01101110 %
#37272000
1#
b00000000000000000001000010000100 .
#37282000
0#
b01100011 %
0,
#37292000
1#
b00000000000000000001000011100111 .
#37302000
0#
b01101110 %
#37312000
1#
b00000000000000000001000101010101 .
#37322000
0#
b00111110 %
1,
#37332000
1#
b00000000000000000001000110010011 .
#37342000
0#
b01001000 %
1&
#37352000
1#
0(
b100 -
b00000000000000000001000111011011 .
#37362000
0#
b01101001 %
0&
#37372000
1#
1+
b011 -
#37382000
0#
0'
#37392000
1#
b010 -
#37402000
0#
#37412000
1#
b00010001 )
b001 -
#37422000
0#
#37432000
1#
b11011011 )
1*
b000 -
#37442000
0#
#37452000
1#
1(
b00000000 )
0*
0+
b111 -
b00000000000000000000000000000000 .
#37462000
0#
#37472000
1#
#37482000
0#
b00110111 %
1'
#37492000
1#
b00000000000000000000000000110111 .
#37502000
0#
b00111101 %
#37512000
1#
b00000000000000000000000001110100 .
#37522000
0#
b01011111 %
#37532000
1#
b00000000000000000000000011010011 .
#37542000
0#
b01100010 %
#37552000
1#
b00000000000000000000000100110101 .
#37562000
0#
b00110100 %
#37572000
1#
b00000000000000000000000101101001 .
#37582000
0#
b01101000 %
#37592000
1#
b00000000000000000000000111010001 .
#37602000
0#
b01101101 %
#37612000
1#
b00000000000000000000001000111110 .
#37622000
0#
b01110000 %
#37632000
1#
b00000000000000000000001010101110 .
#37642000
0#
b01110001 %
#37652000
1#
b00000000000000000000001100011111 .
#37662000
0#
b01000110 %
#37672000
1#
b00000000000000000000001101100101 .
#37682000
0#
b01100011 %
#37692000
1#
b00000000000000000000001111001000 .
#37702000
0#
b01001101 %
#37712000
1#
b00000000000000000000010000010101 .
#37722000
0#
b01010000 %
#37732000
1#
b00000000000000000000010001100101 .
#37742000
0#
b01100110 %
#37752000
1#
b00000000000000000000010011001011 .
#37762000
0#
b01100001 %
#37772000
1#
b00000000000000000000010100101100 .
#37782000
0#
b01100101 %
#37792000
1#
b00000000000000000000010110010001 .
#37802000
0#
b00111011 %
#37812000
1#
b00000000000000000000010111001100 .
#37822000
0#
b01100010 %
0,
#37832000
1#
b00000000000000000000011000101110 .
#37842000
0#
b01100111 %
#37852000
1#
b00000000000000000000011010010101 .
#37862000
0#
b01011110 %
#37872000
1#
b00000000000000000000011011110011 .
#37882000
0#
b01100000 %
#37892000
1#
b00000000000000000000011101010011 .
#37902000
0#
b01000011 %
#37912000
1#
b00000000000000000000011110010110 .
#37922000
0#
b01101100 %
#37932000
1#
b00000000000000000000100000000010 .
#37942000
0#
b01110100 %
#37952000
1#
b00000000000000000000100001110110 .
#37962000
0#
b01100000 %
#37972000
1#
b00000000000000000000100011010110 .
#37982000
0#
b01101100 %
1,
#37992000
1#
b00000000000000000000100101000010 .
#38002000
0#
b01001100 %
#38012000
1#
b00000000000000000000100110001110 .
#38022000
0#
b01101110 %
#38032000
1#
b00000000000000000000100111111100 .
#38042000
0#
b01100001 %
#38052000
1#
b00000000000000000000101001011101 .
#38062000
0#
b01111000 %
#38072000
1#
b00000000000000000000101011010101 .
#38082000
0#
b01010101 %
#38092000
1#
b00000000000000000000101100101010 .
#38102000
0#
b00111011 %
1&
#38112000
1#
0(
b100 -
b00000000000000000000101101100101 .
#38122000
0#
b01110000 %
0&
#38132000
1#
1+
b011 -
#38142000
0#
0'
#38152000
1#
b010 -
#38162000
0#
#38172000
1#
b00001011 )
b001 -
#38182000
0#
#38192000
1#
b01100101 )
1*
b000 -
#38202000
0#
#38212000
1#
1(
b00000000 )
0*
0+
b111 -
b00000000000000000000000000000000 .
#38222000
0#
#38232000
1#
#38242000
0#
b01110001 %
1'
#38252000
1#
b00000000000000000000000001110001 .
#38262000
0#
b01001110 %
#38272000
1#
b00000000000000000000000010111111 .
#38282000
0#
b00111011 %
#38292000
1#
b00000000000000000000000011111010 .
#38302000
0#
b01100110 %
#38312000
1#
b00000000000000000000000101100000 .
#38322000
0#
b01110010 %
#38332000
1#
b00000000000000000000000111010010 .
#38342000
0#
b01010010 %
#38352000
1#
b00000000000000000000001000100100 .
#38362000
0#
b00110101 %
#38372000
1#
b00000000000000000000001001011001 .
#38382000
0#
b01011110 %
#38392000
1#
b00000000000000000000001010110111 .
#38402000
0#
b00110011 %
#38412000
1#
b00000000000000000000001011101010 .
#38422000
0#
b01110110 %
#38432000
1#
b00000000000000000000001101100000 .
#38442000
0#
b01100110 %
#38452000
1#
b00000000000000000000001111000110 .
#38462000
0#
b00110001 %
#38472000
1#
b00000000000000000000001111110111 .
#38482000
0#
b01101110 %
#38492000
1#
b00000000000000000000010001100101 .
#38502000
0#
b00110111 %
#38512000
1#
b00000000000000000000010010011100 .
#38522000
0#
b01010010 %
#38532000
1#
b00000000000000000000010011101110 .
#38542000
0#
b01000110 %
#38552000
1#
b00000000000000000000010100110100 .
#38562000
0#
#38572000
1#
b00000000000000000000010101111010 .
#38582000
0#
b00111011 %
#38592000
1#
b00000000000000000000010110110101 .
#38602000
0#
b00110110 %
#38612000
1#
b00000000000000000000010111101011 .
#38622000
0#
b01001101 %
#38632000
1#
b00000000000000000000011000111000 .
#38642000
0#
b01000010 %
#38652000
1#
b00000000000000000000011001111010 .
#38662000
0#
b01000001 %
#38672000
1#
b00000000000000000000011010111011 .
#38682000
0#
b01011100 %
#38692000
1#
b00000000000000000000011100010111 .
#38702000
0#
b01000011 %
#38712000
1#
b00000000000000000000011101011010 .
#38722000
0#
b01101101 %
#38732000
1#
b00000000000000000000011111000111 .
#38742000
0#
b00111001 %
#38752000
1#
b00000000000000000000100000000000 .
#38762000
0#
b01100100 %
#38772000
1#
b00000000000000000000100001100100 .
#38782000
0#
b01101110 %
#38792000
1#
b00000000000000000000100011010010 .
#38802000
0#
b01001010 %
#38812000
1#
b00000000000000000000100100011100 .
#38822000
0#
b01100101 %
0,
#38832000
1#
b00000000000000000000100110000001 .
#38842000
0#
b00110000 %
#38852000
1#
b00000000000000000000100110110001 .
#38862000
0#
b01010000 %
#38872000
1#
b00000000000000000000101000000001 .
#38882000
0#
b01110110 %
#38892000
1#
b00000000000000000000101001110111 .
#38902000
0#
b01111000 %
#38912000
1#
b00000000000000000000101011101111 .
#38922000
0#
b01110000 %
1&
1,
#38932000
1#
0(
b100 -
b00000000000000000000101101011111 .
#38942000
0#
b00110000 %
0&
#38952000
1#
1+
b011 -
#38962000
0#
0'
#38972000
1#
b010 -
#38982000
0#
#38992000
1#
b00001011 )
b001 -
#39002000
0#
#39012000
1#
b01011111 )
1*
b000 -
#39022000
0#
#39032000
1#
1(
b00000000 )
0*
0+
b111 -
b00000000000000000000000000000000 .
#39042000
0#
#39052000
1#
#39062000
0#
b00110111 %
1'
#39072000
1#
b00000000000000000000000000110111 .
#39082000
0#
b01110011 %
#39092000
1#
b00000000000000000000000010101010 .
#39102000
0#
b00110110 %
#39112000
1#
b00000000000000000000000011100000 .
#39122000
0#
b01010000 %
#39132000
1#
b00000000000000000000000100110000 .
#39142000
0#
b00110110 %
#39152000
1#
b00000000000000000000000101100110 .
#39162000
0#
b01111001 %
#39172000
1#
b00000000000000000000000111011111 .
#39182000
0#
b01011011 %
#39192000
1#
b00000000000000000000001000111010 .
#39202000
0#
b01000111 %
#39212000
1#
b00000000000000000000001010000001 .
#39222000
0#
b01000101 %
#39232000
1#
b00000000000000000000001011000110 .
#39242000
0#
b01111010 %
#39252000
1#
b00000000000000000000001101000000 .
#39262000
0#
b01001010 %
#39272000
1#
b00000000000000000000001110001010 .
#39282000
0#
#39292000
1#
b00000000000000000000001111010100 .
#39302000
0#
b01100001 %
#39312000
1#
b00000000000000000000010000110101 .
#39322000
0#
b01110110 %
#39332000
1#
b00000000000000000000010010101011 .
#39342000
0#
b01001000 %
#39352000
1#
b00000000000000000000010011110011 .
#39362000
0#
b01101100 %
#39372000
1#
b00000000000000000000010101011111 .
#39382000
0#
b01100110 %
#39392000
1#
b00000000000000000000010111000101 .
#39402000
0#
0'
#39412000
1#
#39422000
0#
#39432000
1#
#39442000
0#
#39452000
1#
#39462000
0#
0,
#39472000
1#
#39482000
0#
#39492000
1#
#39502000
0#
#39512000
1#
#39522000
0#
#39532000
1#
#39542000
0#
b01100100 %
1'
#39552000
1#
b00000000000000000000011000101001 .
#39562000
0#
b01001000 %
#39572000
1#
b00000000000000000000011001110001 .
#39582000
0#
b01001001 %
#39592000
1#
b00000000000000000000011010111010 .
#39602000
0#
b00110111 %
#39612000
1#
b00000000000000000000011011110001 .
#39622000
0#
b01101010 %
#39632000
1#
b00000000000000000000011101011011 .
#39642000
0#
b01101111 %
#39652000
1#
b00000000000000000000011111001010 .
#39662000
0#
b00110000 %
#39672000
1#
b00000000000000000000011111111010 .
#39682000
0#
b01001100 %
#39692000
1#
b00000000000000000000100001000110 .
#39702000
0#
b01110001 %
#39712000
1#
b00000000000000000000100010110111 .
#39722000
0#
b01001110 %
#39732000
1#
b00000000000000000000100100000101 .
#39742000
0#
b00111111 %
#39752000
1#
b00000000000000000000100101000100 .
#39762000
0#
b01010000 %
#39772000
1#
b00000000000000000000100110010100 .
#39782000
0#
b01101001 %
1,
#39792000
1#
b00000000000000000000100111111101 .
#39802000
0#
b01101111 %
0,
#39812000
1#
b00000000000000000000101001101100 .
#39822000
0#
b01011000 %
#39832000
1#
b00000000000000000000101011000100 .
#39842000
0#
b01010101 %
#39852000
1#
b00000000000000000000101100011001 .
#39862000
0#
b01100010 %
#39872000
1#
b00000000000000000000101101111011 .
#39882000
0#
b01101111 %
#39892000
1#
b00000000000000000000101111101010 .
#39902000
0#
b01010111 %
#39912000
1#
b00000000000000000000110001000001 .
#39922000
0#
b01001000 %
#39932000
1#
b00000000000000000000110010001001 .
#39942000
0#
b01000010 %
#39952000
1#
b00000000000000000000110011001011 .
#39962000
0#
b01000001 %
1,
#39972000
1#
b00000000000000000000110100001100 .
#39982000
0#
b01111000 %
#39992000
1#
b00000000000000000000110110000100 .
#40002000
0#
b01101011 %
#40012000
1#
b00000000000000000000110111101111 .
#40022000
0#
#40032000
1#
b00000000000000000000111001011010 .
#40042000
0#
b00111111 %
1&
#40052000
1#
0(
b100 -
b00000000000000000000111010011001 .
#40062000
0#
b01001011 %
0&
#40072000
1#
1+
b011 -
#40082000
0#
0'
#40092000
1#
b010 -
#40102000
0#
#40112000
1#
b00001110 )
b001 -
#40122000
0#
#40132000
1#
b10011001 )
1*
b000 -
#40142000
0#
#40152000
1#
1(
b00000000 )
0*
0+
b111 -
b00000000000000000000000000000000 .
#40162000
0#
#40172000
1#
#40182000
0#
b01110100 %
1'
#40192000
1#
b00000000000000000000000001110100 .
#40202000
0#
b01001100 %
#40212000
1#
b00000000000000000000000011000000 .
#40222000
0#
b01011001 %
#40232000
1#
b00000000000000000000000100011001 .
#40242000
0#
b01010110 %
#40252000
1#
b00000000000000000000000101101111 .
#40262000
0#
b01001010 %
#40272000
1#
b00000000000000000000000110111001 .
#40282000
0#
b01110010 %
#40292000
1#
b00000000000000000000001000101011 .
#40302000
0#
b01110101 %
#40312000
1#
b00000000000000000000001010100000 .
#40322000
0#
b01101000 %
#40332000
1#
b00000000000000000000001100001000 .
#40342000
0#
b00110101 %
#40352000
1#
b00000000000000000000001100111101 .
#40362000
0#
b01101000 %
#40372000
1#
b00000000000000000000001110100101 .
#40382000
0#
b01001111 %
0,
#40392000
1#
b00000000000000000000001111110100 .
#40402000
0#
b00110001 %
1,
#40412000
1#
b00000000000000000000010000100101 .
#40422000
0#
b00111101 %
#40432000
1#
b00000000000000000000010001100010 .
#40442000
0#
b01011110 %
#40452000
1#
b00000000000000000000010011000000 .
#40462000
0#
b01101000 %
#40472000
1#
b00000000000000000000010100101000 .
#40482000
0#
b00110010 %
#40492000
1#
b00000000000000000000010101011010 .
#40502000
0#
b01100010 %
#40512000
1#
b00000000000000000000010110111100 .
#40522000
0#
b01100001 %
#40532000
1#
b00000000000000000000011000011101 .
#40542000
0#
b01101101 %
#40552000
1#
b00000000000000000000011010001010 .
#40562000
0#
b00110100 %
#40572000
1#
b00000000000000000000011010111110 .
#40582000
0#
b00111100 %
#40592000
1#
b00000000000000000000011011111010 .
#40602000
0#
b01001010 %
#40612000
1#
b00000000000000000000011101000100 .
#40622000
0#
b01100101 %
#40632000
1#
b00000000000000000000011110101001 .
#40642000
0#
b01100011 %
#40652000
1#
b00000000000000000000100000001100 .
#40662000
0#
b01000101 %
#40672000
1#
b00000000000000000000100001010001 .
#40682000
0#
b00111111 %
#40692000
1#
b00000000000000000000100010010000 .
#40702000
0#
b01010101 %
#40712000
1#
b00000000000000000000100011100101 .
#40722000
0#
b01001010 %
#40732000
1#
b00000000000000000000100100101111 .
#40742000
0#
b01000110 %
#40752000
1#
b00000000000000000000100101110101 .
#40762000
0#
b01010110 %
#40772000
1#
b00000000000000000000100111001011 .
#40782000
0#
b01010101 %
#40792000
1#
b00000000000000000000101000100000 .
#40802000
0#
b01000100 %
#40812000
1#
b00000000000000000000101001100100 .
#40822000
0#
b01011111 %
#40832000
1#
b00000000000000000000101011000011 .
#40842000
0#
b01010111 %
#40852000
1#
b00000000000000000000101100011010 .
#40862000
0#
b01101111 %
#40872000
1#
b00000000000000000000101110001001 .
#40882000
0#
b01000111 %
0,
#40892000
1#
b00000000000000000000101111010000 .
#40902000
0#
b01010010 %
#40912000
1#
b00000000000000000000110000100010 .
#40922000
0#
b01011110 %
#40932000
1#
b00000000000000000000110010000000 .
#40942000
0#
b01110100 %
#40952000
1#
b00000000000000000000110011110100 .
#40962000
0#
b01011011 %
#40972000
1#
b00000000000000000000110101001111 .
#40982000
0#
b01011010 %
#40992000
1#
b00000000000000000000110110101001 .
#41002000
0#
b00110101 %
#41012000
1#
b00000000000000000000110111011110 .
#41022000
0#
b01110000 %
1,
#41032000
1#
b00000000000000000000111001001110 .
#41042000
0#
b01110100 %
#41052000
1#
b00000000000000000000111011000010 .
#41062000
0#
b00111101 %
#41072000
1#
b00000000000000000000111011111111 .
#41082000
0#
b01100000 %
#41092000
1#
b00000000000000000000111101011111 .
#41102000
0#
b01100110 %
#41112000
1#
b00000000000000000000111111000101 .
#41122000
0#
b01010001 %
#41132000
1#
b00000000000000000001000000010110 .
#41142000
0#
b01110001 %
#41152000
1#
b00000000000000000001000010000111 .
#41162000
0#
b01101110 %
1&
#41172000
1#
0(
b100 -
b00000000000000000001000011110101 .
#41182000
0#
b01001101 %
0&
0,
#41192000
1#
1+
#41202000
0#
0'
#41212000
1#
#41222000
0#
#41232000
1#
#41242000
0#
#41252000
1#
#41262000
0#
#41272000
1#
#41282000
0#
#41292000
1#
#41302000
0#
#41312000
1#
#41322000
0#
1,
#41332000
1#
b011 -
#41342000
0#
#41352000
1#
b010 -
#41362000
0#
0,
#41372000
1#
b00010000 )
#41382000
0#
#41392000
1#
#41402000
0#
#41412000
1#
#41422000
0#
#41432000
1#
#41442000
0#
1,
#41452000
1#
b001 -
#41462000
0#
#41472000
1#
b11110101 )
1*
b000 -
#41482000
0#
#41492000
1#
1(
b00000000 )
0*
0+
b111 -
b00000000000000000000000000000000 .
#41502000
0#
#41512000
1#
#41522000
0#
b01011111 %
1'
#41532000
1#
b00000000000000000000000001011111 .
#41542000
0#
b01101100 %
#41552000
1#
b00000000000000000000000011001011 .
#41562000
0#
b01001010 %
#41572000
1#
b00000000000000000000000100010101 .
#41582000
0#
b01001101 %
#41592000
1#
b00000000000000000000000101100010 .
#41602000
0#
#41612000
1#
b00000000000000000000000110101111 .
#41622000
0#
b01011101 %
#41632000
1#
b00000000000000000000001000001100 .
#41642000
0#
b01011010 %
#41652000
1#
b00000000000000000000001001100110 .
#41662000
0#
b00111011 %
0,
#41672000
1#
b00000000000000000000001010100001 .
#41682000
0#
b01100000 %
#41692000
1#
b00000000000000000000001100000001 .
#41702000
0#
b00110101 %
#41712000
1#
b00000000000000000000001100110110 .
#41722000
0#
b01011000 %
#41732000
1#
b00000000000000000000001110001110 .
#41742000
0#
b01010000 %
#41752000
1#
b00000000000000000000001111011110 .
#41762000
0#
b00110000 %
#41772000
1#
b00000000000000000000010000001110 .
#41782000
0#
b00111010 %
#41792000
1#
b00000000000000000000010001001000 .
#41802000
0#
b01011100 %
#41812000
1#
b00000000000000000000010010100100 .
#41822000
0#
b01001101 %
1,
#41832000
1#
b00000000000000000000010011110001 .
#41842000
0#
b01000001 %
#41852000
1#
b00000000000000000000010100110010 .
#41862000
0#
b01011011 %
#41872000
1#
b00000000000000000000010110001101 .
#41882000
0#
b00111101 %
#41892000
1#
b00000000000000000000010111001010 .
#41902000
0#
b01100111 %
#41912000
1#
b00000000000000000000011000110001 .
#41922000
0#
b01000101 %
#41932000
1#
b00000000000000000000011001110110 .
#41942000
0#
b01010101 %
#41952000
1#
b00000000000000000000011011001011 .
#41962000
0#
b01110111 %
#41972000
1#
b00000000000000000000011101000010 .
#41982000
0#
b01001010 %
#41992000
1#
b00000000000000000000011110001100 .
#42002000
0#
b01010001 %
#42012000
1#
b00000000000000000000011111011101 .
#42022000
0#
b01011001 %
#42032000
1#
b00000000000000000000100000110110 .
#42042000
0#
b01000110 %
#42052000
1#
b00000000000000000000100001111100 .
#42062000
0#
b01001111 %
#42072000
1#
b00000000000000000000100011001011 .
#42082000
0#
b01000011 %
#42092000
1#
b00000000000000000000100100001110 .
#42102000
0#
b01011011 %
#42112000
1#
b00000000000000000000100101101001 .
#42122000
0#
b01100111 %
#42132000
1#
b00000000000000000000100111010000 .
#42142000
0#
b01000100 %
#42152000
1#
b00000000000000000000101000010100 .
#42162000
0#
b01010100 %
#42172000
1#
b00000000000000000000101001101000 .
#42182000
0#
b01101001 %
#42192000
1#
b00000000000000000000101011010001 .
#42202000
0#
b01001000 %
#42212000
1#
b00000000000000000000101100011001 .
#42222000
0#
b01000011 %
#42232000
1#
b00000000000000000000101101011100 .
#42242000
0#
b01011111 %
#42252000
1#
b00000000000000000000101110111011 .
#42262000
0#
b01101011 %
#42272000
1#
b00000000000000000000110000100110 .
#42282000
0#
b01100010 %
#42292000
1#
b00000000000000000000110010001000 .
#42302000
0#
b01011001 %
0,
#42312000
1#
b00000000000000000000110011100001 .
#42322000
0#
b01111000 %
#42332000
1#
b00000000000000000000110101011001 .
#42342000
0#
b00110001 %
#42352000
1#
b00000000000000000000110110001010 .
#42362000
0#
b00110011 %
1&
#42372000
1#
0(
b100 -
b00000000000000000000110110111101 .
#42382000
0#
b01110011 %
0&
#42392000
1#
1+
#42402000
0#
0'
#42412000
1#
#42422000
0#
#42432000
1#
#42442000
0#
#42452000
1#
#42462000
0#
#42472000
1#
#42482000
0#
1,
#42492000
1#
b011 -
#42502000
0#
0,
#42512000
1#
#42522000
0#
#42532000
1#
#42542000
0#
1,
#42552000
1#
b010 -
#42562000
0#
#42572000
1#
b00001101 )
b001 -
#42582000
0#
#42592000
1#
b10111101 )
1*
b000 -
#42602000
0#
#42612000
1#
1(
b00000000 )
0*
0+
b111 -
b00000000000000000000000000000000 .
#42622000
0#
#42632000
1#
#42642000
0#
b00111001 %
1'
#42652000
1#
b00000000000000000000000000111001 .
#42662000
0#
b01101101 %
#42672000
1#
b00000000000000000000000010100110 .
#42682000
0#
b01000100 %
#42692000
1#
b00000000000000000000000011101010 .
#42702000
0#
b01100110 %
#42712000
1#
b00000000000000000000000101010000 .
#42722000
0#
b01110000 %
#42732000
1#
b00000000000000000000000111000000 .
#42742000
0#
b01101010 %
#42752000
1#
b00000000000000000000001000101010 .
#42762000
0#
b01000101 %
#42772000
1#
b00000000000000000000001001101111 .
#42782000
0#
0'
#42792000
1#
#42802000
0#
0,
#42812000
1#
#42822000
0#
#42832000
1#
#42842000
0#
#42852000
1#
#42862000
0#
#42872000
1#
#42882000
0#
#42892000
1#
#42902000
0#
#42912000
1#
#42922000
0#
b01011001 %
1'
1,
#42932000
1#
b00000000000000000000001011001000 .
#42942000
0#
b01001100 %
#42952000
1#
b00000000000000000000001100010100 .
#42962000
0#
b01011101 %
#42972000
1#
b00000000000000000000001101110001 .
#42982000
0#
b01101100 %
#42992000
1#
b00000000000000000000001111011101 .
#43002000
0#
b01011010 %
#43012000
1#
b00000000000000000000010000110111 .
#43022000
0#
b01100110 %
#43032000
1#
b00000000000000000000010010011101 .
#43042000
0#
b01101110 %
#43052000
1#
b00000000000000000000010100001011 .
#43062000
0#
b01011000 %
#43072000
1#
b00000000000000000000010101100011 .
#43082000
0#
b01100010 %
#43092000
1#
b00000000000000000000010111000101 .
#43102000
0#
b01010010 %
#43112000
1#
b00000000000000000000011000010111 .
#43122000
0#
b00110100 %
#43132000
1#
b00000000000000000000011001001011 .
#43142000
0#
b01101111 %
#43152000
1#
b00000000000000000000011010111010 .
#43162000
0#
b01000101 %
#43172000
1#
b00000000000000000000011011111111 .
#43182000
0#
b01110100 %
#43192000
1#
b00000000000000000000011101110011 .
#43202000
0#
b00110110 %
0,
#43212000
1#
b00000000000000000000011110101001 .
#43222000
0#
b01111000 %
#43232000
1#
b00000000000000000000100000100001 .
#43242000
0#
b01110110 %
#43252000
1#
b00000000000000000000100010010111 .
#43262000
0#
b01001110 %
#43272000
1#
b00000000000000000000100011100101 .
#43282000
0#
b00111010 %
#43292000
1#
b00000000000000000000100100011111 .
#43302000
0#
b01010011 %
#43312000
1#
b00000000000000000000100101110010 .
#43322000
0#
b00110100 %
#43332000
1#
b00000000000000000000100110100110 .
#43342000
0#
b01100000 %
1,
#43352000
1#
b00000000000000000000101000000110 .
#43362000
0#
b01100100 %
#43372000
1#
b00000000000000000000101001101010 .
#43382000
0#
b01010010 %
#43392000
1#
b00000000000000000000101010111100 .
#43402000
0#
b01101101 %
0,
#43412000
1#
b00000000000000000000101100101001 .
#43422000
0#
b01101000 %
1&
#43432000
1#
0(
b100 -
b00000000000000000000101110010001 .
#43442000
0#
b01001000 %
0&
#43452000
1#
1+
#43462000
0#
0'
#43472000
1#
#43482000
0#
#43492000
1#
#43502000
0#
#43512000
1#
#43522000
0#
1,
#43532000
1#
b011 -
#43542000
0#
#43552000
1#
b010 -
#43562000
0#
#43572000
1#
b00001011 )
b001 -
#43582000
0#
#43592000
1#
b10010001 )
1*
b000 -
#43602000
0#
#43612000
1#
1(
b00000000 )
0*
0+
b111 -
b00000000000000000000000000000000 .
#43622000
0#
#43632000
1#
#43642000
0#
b01101011 %
1'
#43652000
1#
b00000000000000000000000001101011 .
#43662000
0#
b01010100 %
#43672000
1#
b00000000000000000000000010111111 .
#43682000
0#
b01000010 %
#43692000
1#
b00000000000000000000000100000001 .
#43702000
0#
b01010101 %
#43712000
1#
b00000000000000000000000101010110 .
#43722000
0#
b00110001 %
#43732000
1#
b00000000000000000000000110000111 .
#43742000
0#
b01000000 %
#43752000
1#
b00000000000000000000000111000111 .
#43762000
0#
b01100010 %
#43772000
1#
b00000000000000000000001000101001 .
#43782000
0#
b01101010 %
#43792000
1#
b00000000000000000000001010010011 .
#43802000
0#
b01100000 %
#43812000
1#
b00000000000000000000001011110011 .
#43822000
0#
b01001010 %
#43832000
1#
b00000000000000000000001100111101 .
#43842000
0#
b01000111 %
#43852000
1#
b00000000000000000000001110000100 .
#43862000
0#
b01100000 %
#43872000
1#
b00000000000000000000001111100100 .
#43882000
0#
b01010101 %
#43892000
1#
b00000000000000000000010000111001 .
#43902000
0#
b01110110 %
#43912000
1#
b00000000000000000000010010101111 .
#43922000
0#
b00111001 %
#43932000
1#
b00000000000000000000010011101000 .
#43942000
0#
b00110000 %
#43952000
1#
b00000000000000000000010100011000 .
#43962000
0#
b01011000 %
#43972000
1#
b00000000000000000000010101110000 .
#43982000
0#
b01100001 %
#43992000
1#
b00000000000000000000010111010001 .
#44002000
0#
b01011111 %
#44012000
1#
b00000000000000000000011000110000 .
#44022000
0#
b00111001 %
#44032000
1#
b00000000000000000000011001101001 .
#44042000
0#
b01101100 %
0,
#44052000
1#
b00000000000000000000011011010101 .
#44062000
0#
b01110001 %
#44072000
1#
b00000000000000000000011101000110 .
#44082000
0#
b00111001 %
#44092000
1#
b00000000000000000000011101111111 .
#44102000
0#
b01101011 %
#44112000
1#
b00000000000000000000011111101010 .
#44122000
0#
b01001001 %
#44132000
1#
b00000000000000000000100000110011 .
#44142000
0#
b01100101 %
#44152000
1#
b00000000000000000000100010011000 .
#44162000
0#
b01110011 %
#44172000
1#
b00000000000000000000100100001011 .
#44182000
0#
b01010100 %
#44192000
1#
b00000000000000000000100101011111 .
#44202000
0#
b00110011 %
#44212000
1#
b00000000000000000000100110010010 .
#44222000
0#
b01010111 %
1,
#44232000
1#
b00000000000000000000100111101001 .
#44242000
0#
b01001110 %
#44252000
1#
b00000000000000000000101000110111 .
#44262000
0#
b01011001 %
#44272000
1#
b00000000000000000000101010010000 .
#44282000
0#
b01110100 %
#44292000
1#
b00000000000000000000101100000100 .
#44302000
0#
b01011010 %
#44312000
1#
b00000000000000000000101101011110 .
#44322000
0#
b01101000 %
1&
#44332000
1#
0(
b100 -
b00000000000000000000101111000110 .
#44342000
0#
b01001101 %
0&
#44352000
1#
1+
b011 -
#44362000
0#
0'
#44372000
1#
b010 -
#44382000
0#
#44392000
1#
b00001011 )
b001 -
#44402000
0#
#44412000
1#
b11000110 )
1*
b000 -
#44422000
0#
#44432000
1#
1(
b00000000 )
0*
0+
b111 -
b00000000000000000000000000000000 .
#44442000
0#
#44452000
1#
#44462000
0#
b01010011 %
1'
#44472000
1#
b00000000000000000000000001010011 .
#44482000
0#
b01101001 %
#44492000
1#
b00000000000000000000000010111100 .
#44502000
0#
b00111000 %
#44512000
1#
b00000000000000000000000011110100 .
#44522000
0#
b01010001 %
#44532000
1#
b00000000000000000000000101000101 .
#44542000
0#
b01010101 %
#44552000
1#
b00000000000000000000000110011010 .
#44562000
0#
b01000010 %
#44572000
1#
b00000000000000000000000111011100 .
#44582000
0#
b01101011 %
#44592000
1#
b00000000000000000000001001000111 .
#44602000
0#
b01110001 %
#44612000
1#
b00000000000000000000001010111000 .
#44622000
0#
b01010000 %
#44632000
1#
b00000000000000000000001100001000 .
#44642000
0#
b01000110 %
#44652000
1#
b00000000000000000000001101001110 .
#44662000
0#
b01001110 %
#44672000
1#
b00000000000000000000001110011100 .
#44682000
0#
b01000010 %
#44692000
1#
b00000000000000000000001111011110 .
#44702000
0#
b01100001 %
#44712000
1#
b00000000000000000000010000111111 .
#44722000
0#
b01000011 %
#44732000
1#
b00000000000000000000010010000010 .
#44742000
0#
b00111111 %
#44752000
1#
b00000000000000000000010011000001 .
#44762000
0#
b01010001 %
#44772000
1#
b00000000000000000000010100010010 .
#44782000
0#
b00111101 %
#44792000
1#
b00000000000000000000010101001111 .
#44802000
0#
b01101111 %
#44812000
1#
b00000000000000000000010110111110 .
#44822000
0#
b00111111 %
#44832000
1#
b00000000000000000000010111111101 .
#44842000
0#
b01000001 %
#44852000
1#
b00000000000000000000011000111110 .
#44862000
0#
b01010010 %
#44872000
1#
b00000000000000000000011010010000 .
#44882000
0#
b01000110 %
#44892000
1#
b00000000000000000000011011010110 .
#44902000
0#
b00111010 %
0,
#44912000
1#
b00000000000000000000011100010000 .
#44922000
0#
b01111010 %
1,
#44932000
1#
b00000000000000000000011110001010 .
#44942000
0#
b01110110 %
#44952000
1#
b00000000000000000000100000000000 .
#44962000
0#
b00110010 %
#44972000
1#
b00000000000000000000100000110010 .
#44982000
0#
b01000110 %
#44992000
1#
b00000000000000000000100001111000 .
#45002000
0#
b01101111 %
#45012000
1#
b00000000000000000000100011100111 .
#45022000
0#
b00110100 %
#45032000
1#
b00000000000000000000100100011011 .
#45042000
0#
b01101000 %
#45052000
1#
b00000000000000000000100110000011 .
#45062000
0#
b01000111 %
#45072000
1#
b00000000000000000000100111001010 .
#45082000
0#
b01011000 %
#45092000
1#
b00000000000000000000101000100010 .
#45102000
0#
b01001011 %
#45112000
1#
b00000000000000000000101001101101 .
#45122000
0#
b01011101 %
#45132000
1#
b00000000000000000000101011001010 .
#45142000
0#
b01011111 %
#45152000
1#
b00000000000000000000101100101001 .
#45162000
0#
#45172000
1#
b00000000000000000000101110001000 .
#45182000
0#
b01100011 %
#45192000
1#
b00000000000000000000101111101011 .
#45202000
0#
b01110101 %
#45212000
1#
b00000000000000000000110001100000 .
#45222000
0#
b01010000 %
#45232000
1#
b00000000000000000000110010110000 .
#45242000
0#
b01011010 %
1&
#45252000
1#
0(
b100 -
b00000000000000000000110100001010 .
#45262000
0#
b00111000 %
0&
#45272000
1#
1+
b011 -
#45282000
0#
0'
0,
#45292000
1#
#45302000
0#
#45312000
1#
#45322000
0#
#45332000
1#
#45342000
0#
#45352000
1#
#45362000
0#
#45372000
1#
#45382000
0#
#45392000
1#
#45402000
0#
#45412000
1#
#45422000
0#
#45432000
1#
#45442000
0#
1,
#45452000
1#
b010 -
#45462000
0#
#45472000
1#
b00001101 )
b001 -
#45482000
0#
#45492000
1#
b00001010 )
1*
b000 -
#45502000
0#
#45512000
1#
1(
b00000000 )
0*
0+
b111 -
b00000000000000000000000000000000 .
#45522000
0#
#45532000
1#
#45542000
0#
b01010001 %
1'
#45552000
1#
b00000000000000000000000001010001 .
#45562000
0#
b01011101 %
#45572000
1#
b00000000000000000000000010101110 .
#45582000
0#
b01110111 %
#45592000
1#
b00000000000000000000000100100101 .
#45602000
0#
b01101110 %
#45612000
1#
b00000000000000000000000110010011 .
#45622000
0#
b01011110 %
0,
#45632000
1#
b00000000000000000000000111110001 .
#45642000
0#
b01110101 %
#45652000
1#
b00000000000000000000001001100110 .
#45662000
0#
b00110110 %
#45672000
1#
b00000000000000000000001010011100 .
#45682000
0#
b01000011 %
#45692000
1#
b00000000000000000000001011011111 .
#45702000
0#
b01110100 %
#45712000
1#
b00000000000000000000001101010011 .
#45722000
0#
b01111000 %
#45732000
1#
b00000000000000000000001111001011 .
#45742000
0#
b00111010 %
1,
#45752000
1#
b00000000000000000000010000000101 .
#45762000
0#
b01111010 %
#45772000
1#
b00000000000000000000010001111111 .
#45782000
0#
b01000100 %
#45792000
1#
b00000000000000000000010011000011 .
#45802000
0#
b01111010 %
#45812000
1#
b00000000000000000000010100111101 .
#45822000
0#
b01101101 %
#45832000
1#
b00000000000000000000010110101010 .
#45842000
0#
b01110110 %
#45852000
1#
b00000000000000000000011000100000 .
#45862000
0#
b01000101 %
#45872000
1#
b00000000000000000000011001100101 .
#45882000
0#
b01101010 %
#45892000
1#
b00000000000000000000011011001111 .
#45902000
0#
b01001001 %
0,
#45912000
1#
b00000000000000000000011100011000 .
#45922000
0#
b00111101 %
#45932000
1#
b00000000000000000000011101010101 .
#45942000
0#
b01011101 %
#45952000
1#
b00000000000000000000011110110010 .
#45962000
0#
b01110000 %
#45972000
1#
b00000000000000000000100000100010 .
#45982000
0#
b01011101 %
#45992000
1#
b00000000000000000000100001111111 .
#46002000
0#
b01100101 %
#46012000
1#
b00000000000000000000100011100100 .
#46022000
0#
b01011100 %
1,
#46032000
1#
b00000000000000000000100101000000 .
#46042000
0#
b01101010 %
#46052000
1#
b00000000000000000000100110101010 .
#46062000
0#
b01010111 %
#46072000
1#
b00000000000000000000101000000001 .
#46082000
0#
b01010010 %
#46092000
1#
b00000000000000000000101001010011 .
#46102000
0#
b01010110 %
#46112000
1#
b00000000000000000000101010101001 .
#46122000
0#
b01100110 %
#46132000
1#
b00000000000000000000101100001111 .
#46142000
0#
b01110000 %
#46152000
1#
b00000000000000000000101101111111 .
#46162000
0#
b01000011 %
#46172000
1#
b00000000000000000000101111000010 .
#46182000
0#
b01011110 %
1&
0,
#46192000
1#
0(
b100 -
b00000000000000000000110000100000 .
#46202000
0#
b01101110 %
0&
#46212000
1#
1+
#46222000
0#
0'
#46232000
1#
#46242000
0#
#46252000
1#
#46262000
0#
#46272000
1#
#46282000
0#
#46292000
1#
#46302000
0#
#46312000
1#
#46322000
0#
1,
#46332000
1#
b011 -
#46342000
0#
0,
#46352000
1#
#46362000
0#
#46372000
1#
#46382000
0#
#46392000
1#
#46402000
0#
#46412000
1#
#46422000
0#
#46432000
1#
#46442000
0#
#46452000
1#
#46462000
0#
1,
#46472000
1#
b010 -
#46482000
0#
#46492000
1#
b00001100 )
b001 -
#46502000
0#
#46512000
1#
b00100000 )
1*
b000 -
#46522000
0#
#46532000
1#
1(
b00000000 )
0*
0+
b111 -
b00000000000000000000000000000000 .
#46542000
0#
#46552000
1#
#46562000
0#
b01000111 %
1'
#46572000
1#
b00000000000000000000000001000111 .
#46582000
0#
b01100010 %
#46592000
1#
b00000000000000000000000010101001 .
#46602000
0#
b01100000 %
#46612000
1#
b00000000000000000000000100001001 .
#46622000
0#
b01100110 %
#46632000
1#
b00000000000000000000000101101111 .
#46642000
0#
b01101000 %
#46652000
1#
b00000000000000000000000111010111 .
#46662000
0#
b01101100 %
#46672000
1#
b00000000000000000000001001000011 .
#46682000
0#
b01100001 %
#46692000
1#
b00000000000000000000001010100100 .
#46702000
0#
b01000000 %
#46712000
1#
b00000000000000000000001011100100 .
#46722000
0#
b01010100 %
#46732000
1#
b00000000000000000000001100111000 .
#46742000
0#
b01011000 %
#46752000
1#
b00000000000000000000001110010000 .
#46762000
0#
b01111010 %
#46772000
1#
b00000000000000000000010000001010 .
#46782000
0#
b01001101 %
#46792000
1#
b00000000000000000000010001010111 .
#46802000
0#
b00111111 %
#46812000
1#
b00000000000000000000010010010110 .
#46822000
0#
b01101010 %
0,
#46832000
1#
b00000000000000000000010100000000 .
#46842000
0#
b01101100 %
1,
#46852000
1#
b00000000000000000000010101101100 .
#46862000
0#
b01010010 %
#46872000
1#
b00000000000000000000010110111110 .
#46882000
0#
b01101101 %
#46892000
1#
b00000000000000000000011000101011 .
#46902000
0#
b01100010 %
#46912000
1#
b00000000000000000000011010001101 .
#46922000
0#
b01000000 %
#46932000
1#
b00000000000000000000011011001101 .
#46942000
0#
b00111000 %
#46952000
1#
b00000000000000000000011100000101 .
#46962000
0#
b01110111 %
#46972000
1#
b00000000000000000000011101111100 .
#46982000
0#
b00111010 %
#46992000
1#
b00000000000000000000011110110110 .
#47002000
0#
b00110110 %
#47012000
1#
b00000000000000000000011111101100 .
#47022000
0#
b01110010 %
#47032000
1#
b00000000000000000000100001011110 .
#47042000
0#
b01001001 %
#47052000
1#
b00000000000000000000100010100111 .
#47062000
0#
b01000100 %
#47072000
1#
b00000000000000000000100011101011 .
#47082000
0#
b01001010 %
#47092000
1#
b00000000000000000000100100110101 .
#47102000
0#
b01110110 %
#47112000
1#
b00000000000000000000100110101011 .
#47122000
0#
b00111100 %
1&
#47132000
1#
0(
b100 -
b00000000000000000000100111100111 .
#47142000
0#
b01011011 %
0&
#47152000
1#
1+
b011 -
#47162000
0#
0'
#47172000
1#
b010 -
#47182000
0#
#47192000
1#
b00001001 )
b001 -
#47202000
0#
#47212000
1#
b11100111 )
1*
b000 -
#47222000
0#
#47232000
1#
1(
b00000000 )
0*
0+
b111 -
b00000000000000000000000000000000 .
#47242000
0#
#47252000
1#
#47262000
0#
b00111111 %
1'
#47272000
1#
b00000000000000000000000000111111 .
#47282000
0#
b01000100 %
#47292000
1#
b00000000000000000000000010000011 .
#47302000
0#
#47312000
1#
b00000000000000000000000011000111 .
#47322000
0#
b01000011 %
0,
#47332000
1#
b00000000000000000000000100001010 .
#47342000
0#
b01000010 %
#47352000
1#
b00000000000000000000000101001100 .
#47362000
0#
b00110100 %
#47372000
1#
b00000000000000000000000110000000 .
#47382000
0#
b01000010 %
1,
#47392000
1#
b00000000000000000000000111000010 .
#47402000
0#
b01010000 %
#47412000
1#
b00000000000000000000001000010010 .
#47422000
0#
b01110101 %
#47432000
1#
b00000000000000000000001010000111 .
#47442000
0#
b01110001 %
#47452000
1#
b00000000000000000000001011111000 .
#47462000
0#
b01011001 %
#47472000
1#
b00000000000000000000001101010001 .
#47482000
0#
b00110110 %
#47492000
1#
b00000000000000000000001110000111 .
#47502000
0#
b00110010 %
#47512000
1#
b00000000000000000000001110111001 .
#47522000
0#
b01001100 %
#47532000
1#
b00000000000000000000010000000101 .
#47542000
0#
b01100101 %
#47552000
1#
b00000000000000000000010001101010 .
#47562000
0#
b01010101 %
#47572000
1#
b00000000000000000000010010111111 .
#47582000
0#
b01010111 %
0,
#47592000
1#
b00000000000000000000010100010110 .
#47602000
0#
b01001010 %
#47612000
1#
b00000000000000000000010101100000 .
#47622000
0#
b01001001 %
1,
#47632000
1#
b00000000000000000000010110101001 .
#47642000
0#
b01110001 %
#47652000
1#
b00000000000000000000011000011010 .
#47662000
0#
b00110011 %
#47672000
1#
b00000000000000000000011001001101 .
#47682000
0#
b01110011 %
#47692000
1#
b00000000000000000000011011000000 .
#47702000
0#
b00111001 %
#47712000
1#
b00000000000000000000011011111001 .
#47722000
0#
b01010000 %
#47732000
1#
b00000000000000000000011101001001 .
#47742000
0#
b01101110 %
#47752000
1#
b00000000000000000000011110110111 .
#47762000
0#
b01111001 %
#47772000
1#
b00000000000000000000100000110000 .
#47782000
0#
b01001010 %
#47792000
1#
b00000000000000000000100001111010 .
#47802000
0#
b01000100 %
#47812000
1#
b00000000000000000000100010111110 .
#47822000
0#
b00110111 %
#47832000
1#
b00000000000000000000100011110101 .
#47842000
0#
b01110101 %
#47852000
1#
b00000000000000000000100101101010 .
#47862000
0#
b01001111 %
#47872000
1#
b00000000000000000000100110111001 .
#47882000
0#
b01011101 %
#47892000
1#
b00000000000000000000101000010110 .
#47902000
0#
b00110011 %
#47912000
1#
b00000000000000000000101001001001 .
#47922000
0#
b00111101 %
#47932000
1#
b00000000000000000000101010000110 .
#47942000
0#
b00111001 %
#47952000
1#
b00000000000000000000101010111111 .
#47962000
0#
#47972000
1#
b00000000000000000000101011111000 .
#47982000
0#
b01011001 %
#47992000
1#
b00000000000000000000101101010001 .
#48002000
0#
b01011110 %
#48012000
1#
b00000000000000000000101110101111 .
#48022000
0#
b01110100 %
#48032000
1#
b00000000000000000000110000100011 .
#48042000
0#
b01111001 %
#48052000
1#
b00000000000000000000110010011100 .
#48062000
0#
b01000001 %
#48072000
1#
b00000000000000000000110011011101 .
#48082000
0#
b01011110 %
#48092000
1#
b00000000000000000000110100111011 .
#48102000
0#
b01011010 %
#48112000
1#
b00000000000000000000110110010101 .
#48122000
0#
b01101110 %
#48132000
1#
b00000000000000000000111000000011 .
#48142000
0#
b01101001 %
#48152000
1#
b00000000000000000000111001101100 .
#48162000
0#
b00111101 %
#48172000
1#
b00000000000000000000111010101001 .
#48182000
0#
b01010111 %
#48192000
1#
b00000000000000000000111100000000 .
#48202000
0#
b01000100 %
#48212000
1#
b00000000000000000000111101000100 .
#48222000
0#
b01111000 %
1&
#48232000
1#
0(
b100 -
b00000000000000000000111110111100 .
#48242000
0#
b01010011 %
0&
0,
#48252000
1#
1+
#48262000
0#
0'
#48272000
1#
#48282000
0#
#48292000
1#
#48302000
0#
1,
#48312000
1#
b011 -
#48322000
0#
#48332000
1#
b010 -
#48342000
0#
#48352000
1#
b00001111 )
b001 -
#48362000
0#
#48372000
1#
b10111100 )
1*
b000 -
#48382000
0#
#48392000
1#
1(
b00000000 )
0*
0+
b111 -
b00000000000000000000000000000000 .
#48402000
0#
#48412000
1#
#48422000
0#
b01110010 %
1'
#48432000
1#
b00000000000000000000000001110010 .
#48442000
0#
b00111011 %
#48452000
1#
b00000000000000000000000010101101 .
#48462000
0#
b01111010 %
#48472000
1#
b00000000000000000000000100100111 .
#48482000
0#
0'
#48492000
1#
#48502000
0#
b01110000 %
1'
#48512000
1#
b00000000000000000000000110010111 .
#48522000
0#
b01100011 %
#48532000
1#
b00000000000000000000000111111010 .
#48542000
0#
b01110100 %
#48552000
1#
b00000000000000000000001001101110 .
#48562000
0#
b00111111 %
#48572000
1#
b00000000000000000000001010101101 .
#48582000
0#
b01110010 %
#48592000
1#
b00000000000000000000001100011111 .
#48602000
0#
b01011101 %
#48612000
1#
b00000000000000000000001101111100 .
#48622000
0#
b00110100 %
0,
#48632000
1#
b00000000000000000000001110110000 .
#48642000
0#
b01100001 %
#48652000
1#
b00000000000000000000010000010001 .
#48662000
0#
b01100110 %
#48672000
1#
b00000000000000000000010001110111 .
#48682000
0#
b00111001 %
#48692000
1#
b00000000000000000000010010110000 .
#48702000
0#
b00110001 %
#48712000
1#
b00000000000000000000010011100001 .
#48722000
0#
b01000010 %
#48732000
1#
b00000000000000000000010100100011 .
#48742000
0#
b01111000 %
#48752000
1#
b00000000000000000000010110011011 .
#48762000
0#
#48772000
1#
b00000000000000000000011000010011 .
#48782000
0#
b01100110 %
1,
#48792000
1#
b00000000000000000000011001111001 .
#48802000
0#
b00111110 %
#48812000
1#
b00000000000000000000011010110111 .
#48822000
0#
b01110101 %
#48832000
1#
b00000000000000000000011100101100 .
#48842000
0#
b00110010 %
#48852000
1#
b00000000000000000000011101011110 .
#48862000
0#
b01011100 %
#48872000
1#
b00000000000000000000011110111010 .
#48882000
0#
b00111011 %
#48892000
1#
b00000000000000000000011111110101 .
#48902000
0#
b01110011 %
0,
#48912000
1#
b00000000000000000000100001101000 .
#48922000
0#
b00110000 %
1&
#48932000
1#
0(
b100 -
b00000000000000000000100010011000 .
#48942000
0#
b01100010 %
0&
#48952000
1#
1+
#48962000
0#
0'
#48972000
1#
#48982000
0#
#48992000
1#
#49002000
0#
#49012000
1#
#49022000
0#
#49032000
1#
#49042000
0#
#49052000
1#
#49062000
0#
#49072000
1#
#49082000
0#
1,
#49092000
1#
b011 -
#49102000
0#
#49112000
1#
b010 -
#49122000
0#
#49132000
1#
b00001000 )
b001 -
#49142000
0#
#49152000
1#
b10011000 )
1*
b000 -
#49162000
0#
#49172000
1#
1(
b00000000 )
0*
0+
b111 -
b00000000000000000000000000000000 .
#49182000
0#
#49192000
1#
#49202000
0#
b01101101 %
1'
#49212000
1#
b00000000000000000000000001101101 .
#49222000
0#
b00111100 %
#49232000
1#
b00000000000000000000000010101001 .
#49242000
0#
b01101101 %
#49252000
1#
b00000000000000000000000100010110 .
#49262000
0#
b01010110 %
#49272000
1#
b00000000000000000000000101101100 .
#49282000
0#
b01001010 %
#49292000
1#
b00000000000000000000000110110110 .
#49302000
0#
b01000101 %
0,
#49312000
1#
b00000000000000000000000111111011 .
#49322000
0#
b01001111 %
#49332000
1#
b00000000000000000000001001001010 .
#49342000
0#
b01101110 %
1,
#49352000
1#
b00000000000000000000001010111000 .
#49362000
0#
b01001000 %
#49372000
1#
b00000000000000000000001100000000 .
#49382000
0#
b01000110 %
#49392000
1#
b00000000000000000000001101000110 .
#49402000
0#
b01111010 %
0,
#49412000
1#
b00000000000000000000001111000000 .
#49422000
0#
b01100011 %
#49432000
1#
b00000000000000000000010000100011 .
#49442000
0#
b00111000 %
#49452000
1#
b00000000000000000000010001011011 .
#49462000
0#
b01100000 %
#49472000
1#
b00000000000000000000010010111011 .
#49482000
0#
b01001010 %
#49492000
1#
b00000000000000000000010100000101 .
#49502000
0#
b00110000 %
#49512000
1#
b00000000000000000000010100110101 .
#49522000
0#
b01010100 %
#49532000
1#
b00000000000000000000010110001001 .
#49542000
0#
b01110001 %
#49552000
1#
b00000000000000000000010111111010 .
#49562000
0#
b01100100 %
1,
#49572000
1#
b00000000000000000000011001011110 .
#49582000
0#
b01110010 %
#49592000
1#
b00000000000000000000011011010000 .
#49602000
0#
b01000000 %
#49612000
1#
b00000000000000000000011100010000 .
#49622000
0#
b01010101 %
#49632000
1#
b00000000000000000000011101100101 .
#49642000
0#
b00110100 %
#49652000
1#
b00000000000000000000011110011001 .
#49662000
0#
b01001111 %
#49672000
1#
b00000000000000000000011111101000 .
#49682000
0#
b01110110 %
#49692000
1#
b00000000000000000000100001011110 .
#49702000
0#
b01010011 %
#49712000
1#
b00000000000000000000100010110001 .
#49722000
0#
b01110100 %
#49732000
1#
b00000000000000000000100100100101 .
#49742000
0#
b01100110 %
#49752000
1#
b00000000000000000000100110001011 .
#49762000
0#
b01110111 %
#49772000
1#
b00000000000000000000101000000010 .
#49782000
0#
b01110011 %
#49792000
1#
b00000000000000000000101001110101 .
#49802000
0#
0'
#49812000
1#
#49822000
0#
#49832000
1#
#49842000
0#
#49852000
1#
#49862000
0#
#49872000
1#
#49882000
0#
#49892000
1#
#49902000
0#
b01101111 %
1'
0,
#49912000
1#
b00000000000000000000101011100100 .
#49922000
0#
b00111010 %
#49932000
1#
b00000000000000000000101100011110 .
#49942000
0#
b01010010 %
#49952000
1#
b00000000000000000000101101110000 .
#49962000
0#
b01100100 %
#49972000
1#
b00000000000000000000101111010100 .
#49982000
0#
b00110110 %
#49992000
1#
b00000000000000000000110000001010 .
#50002000
0#
b01111001 %
#50012000
1#
b00000000000000000000110010000011 .
#50022000
0#
b00111000 %
#50032000
1#
b00000000000000000000110010111011 .
#50042000
0#
b01011000 %
#50052000
1#
b00000000000000000000110100010011 .
#50062000
0#
b00110100 %
#50072000
1#
b00000000000000000000110101000111 .
#50082000
0#
b01100010 %
1,
#50092000
1#
b00000000000000000000110110101001 .
#50102000
0#
b01101100 %
#50112000
1#
b00000000000000000000111000010101 .
#50122000
0#
b00110011 %
#50132000
1#
b00000000000000000000111001001000 .
#50142000
0#
b01000111 %
#50152000
1#
b00000000000000000000111010001111 .
#50162000
0#
b01011101 %
1&
#50172000
1#
0(
b100 -
b00000000000000000000111011101100 .
#50182000
0#
b01100110 %
0&
#50192000
1#
1+
b011 -
#50202000
0#
0'
#50212000
1#
b010 -
#50222000
0#
#50232000
1#
b00001110 )
b001 -
#50242000
0#
#50252000
1#
b11101100 )
1*
b000 -
#50262000
0#
#50272000
1#
1(
b00000000 )
0*
0+
b111 -
b00000000000000000000000000000000 .
#50282000
0#
#50292000
1#
#50302000
0#
b01111000 %
1'
#50312000
1#
b00000000000000000000000001111000 .
#50322000
0#
b00111010 %
#50332000
1#
b00000000000000000000000010110010 .
#50342000
0#
b01011110 %
#50352000
1#
b00000000000000000000000100010000 .
#50362000
0#
b01001100 %
#50372000
1#
b00000000000000000000000101011100 .
#50382000
0#
b01001110 %
#50392000
1#
b00000000000000000000000110101010 .
#50402000
0#
b00110111 %
0,
#50412000
1#
b00000000000000000000000111100001 .
#50422000
0#
b00111000 %
#50432000
1#
b00000000000000000000001000011001 .
#50442000
0#
b00111110 %
#50452000
1#
b00000000000000000000001001010111 .
#50462000
0#
b01001101 %
#50472000
1#
b00000000000000000000001010100100 .
#50482000
0#
b00110000 %
#50492000
1#
b00000000000000000000001011010100 .
#50502000
0#
b00110110 %
#50512000
1#
b00000000000000000000001100001010 .
#50522000
0#
b00110000 %
#50532000
1#
b00000000000000000000001100111010 .
#50542000
0#
b01000100 %
1,
#50552000
1#
b00000000000000000000001101111110 .
#50562000
0#
b01001011 %
#50572000
1#
b00000000000000000000001111001001 .
#50582000
0#
b01001010 %
#50592000
1#
b00000000000000000000010000010011 .
#50602000
0#
b01101011 %
#50612000
1#
b00000000000000000000010001111110 .
#50622000
0#
b01101111 %
#50632000
1#
b00000000000000000000010011101101 .
#50642000
0#
b00111100 %
#50652000
1#
b00000000000000000000010100101001 .
#50662000
0#
b00111010 %
#50672000
1#
b00000000000000000000010101100011 .
#50682000
0#
b00110010 %
0,
#50692000
1#
b00000000000000000000010110010101 .
#50702000
0#
b00110111 %
#50712000
1#
b00000000000000000000010111001100 .
#50722000
0#
b01001000 %
#50732000
1#
b00000000000000000000011000010100 .
#50742000
0#
b00111111 %
#50752000
1#
b00000000000000000000011001010011 .
#50762000
0#
b00110010 %
#50772000
1#
b00000000000000000000011010000101 .
#50782000
0#
b01010010 %
#50792000
1#
b00000000000000000000011011010111 .
#50802000
0#
b00111101 %
#50812000
1#
b00000000000000000000011100010100 .
#50822000
0#
b01001000 %
#50832000
1#
b00000000000000000000011101011100 .
#50842000
0#
b01000110 %
#50852000
1#
b00000000000000000000011110100010 .
#50862000
0#
b01011111 %
#50872000
1#
b00000000000000000000100000000001 .
#50882000
0#
b01111001 %
1,
#50892000
1#
b00000000000000000000100001111010 .
#50902000
0#
b01001111 %
#50912000
1#
b00000000000000000000100011001001 .
#50922000
0#
b01000001 %
#50932000
1#
b00000000000000000000100100001010 .
#50942000
0#
b01110011 %
#50952000
1#
b00000000000000000000100101111101 .
#50962000
0#
b01100011 %
#50972000
1#
b00000000000000000000100111100000 .
#50982000
0#
0'
#50992000
1#
#51002000
0#
#51012000
1#
#51022000
0#
b00111010 %
1'
#51032000
1#
b00000000000000000000101000011010 .
#51042000
0#
b01111000 %
#51052000
1#
b00000000000000000000101010010010 .
#51062000
0#
b01101100 %
#51072000
1#
b00000000000000000000101011111110 .
#51082000
0#
b01100111 %
#51092000
1#
b00000000000000000000101101100101 .
#51102000
0#
b00110000 %
0,
#51112000
1#
b00000000000000000000101110010101 .
#51122000
0#
b01101100 %
#51132000
1#
b00000000000000000000110000000001 .
#51142000
0#
b01000100 %
1&
#51152000
1#
0(
b100 -
b00000000000000000000110001000101 .
#51162000
0#
b00111101 %
0&
#51172000
1#
1+
#51182000
0#
0'
#51192000
1#
#51202000
0#
#51212000
1#
#51222000
0#
#51232000
1#
#51242000
0#
#51252000
1#
#51262000
0#
#51272000
1#
#51282000
0#
#51292000
1#
#51302000
0#
#51312000
1#
#51322000
0#
1,
#51332000
1#
b011 -
#51342000
0#
#51352000
1#
b010 -
#51362000
0#
#51372000
1#
b00001100 )
b001 -
#51382000
0#
#51392000
1#
b01000101 )
1*
b000 -
#51402000
0#
#51412000
1#
1(
b00000000 )
0*
0+
b111 -
b00000000000000000000000000000000 .
#51422000
0#
#51432000
1#
#51442000
0#
b01001101 %
1'
#51452000
1#
b00000000000000000000000001001101 .
#51462000
0#
b01001111 %
#51472000
1#
b00000000000000000000000010011100 .
#51482000
0#
b01110100 %
#51492000
1#
b00000000000000000000000100010000 .
#51502000
0#
b01101000 %
#51512000
1#
b00000000000000000000000101111000 .
#51522000
0#
b01101100 %
#51532000
1#
b00000000000000000000000111100100 .
#51542000
0#
0,
#51552000
1#
b00000000000000000000001001010000 .
#51562000
0#
b01111000 %
#51572000
1#
b00000000000000000000001011001000 .
#51582000
0#
b01110001 %
#51592000
1#
b00000000000000000000001100111001 .
#51602000
0#
b01001001 %
#51612000
1#
b00000000000000000000001110000010 .
#51622000
0#
b01110010 %
#51632000
1#
b00000000000000000000001111110100 .
#51642000
0#
b00111101 %
#51652000
1#
b00000000000000000000010000110001 .
#51662000
0#
b01110011 %
#51672000
1#
b00000000000000000000010010100100 .
#51682000
0#
b01000011 %
#51692000
1#
b00000000000000000000010011100111 .
#51702000
0#
b01001001 %
#51712000
1#
b00000000000000000000010100110000 .
#51722000
0#
b01010101 %
1,
#51732000
1#
b00000000000000000000010110000101 .
#51742000
0#
b00110100 %
#51752000
1#
b00000000000000000000010110111001 .
#51762000
0#
b01010111 %
#51772000
1#
b00000000000000000000011000010000 .
#51782000
0#
b01000110 %
0,
#51792000
1#
b00000000000000000000011001010110 .
#51802000
0#
b01011101 %
1,
#51812000
1#
b00000000000000000000011010110011 .
#51822000
0#
b01101011 %
#51832000
1#
b00000000000000000000011100011110 .
#51842000
0#
b00111001 %
#51852000
1#
b00000000000000000000011101010111 .
#51862000
0#
b01010110 %
#51872000
1#
b00000000000000000000011110101101 .
#51882000
0#
b00110001 %
#51892000
1#
b00000000000000000000011111011110 .
#51902000
0#
b01100000 %
#51912000
1#
b00000000000000000000100000111110 .
#51922000
0#
b01000110 %
#51932000
1#
b00000000000000000000100010000100 .
#51942000
0#
b01001000 %
#51952000
1#
b00000000000000000000100011001100 .
#51962000
0#
b01101010 %
#51972000
1#
b00000000000000000000100100110110 .
#51982000
0#
b01010101 %
#51992000
1#
b00000000000000000000100110001011 .
#52002000
0#
b01000001 %
#52012000
1#
b00000000000000000000100111001100 .
#52022000
0#
b01011100 %
#52032000
1#
b00000000000000000000101000101000 .
#52042000
0#
b01010101 %
#52052000
1#
b00000000000000000000101001111101 .
#52062000
0#
b00111110 %
#52072000
1#
b00000000000000000000101010111011 .
#52082000
0#
b00110000 %
#52092000
1#
b00000000000000000000101011101011 .
#52102000
0#
b00110111 %
#52112000
1#
b00000000000000000000101100100010 .
#52122000
0#
b01101010 %
#52132000
1#
b00000000000000000000101110001100 .
#52142000
0#
b01110010 %
0,
#52152000
1#
b00000000000000000000101111111110 .
#52162000
0#
b00110100 %
#52172000
1#
b00000000000000000000110000110010 .
#52182000
0#
b01100100 %
#52192000
1#
b00000000000000000000110010010110 .
#52202000
0#
b01010010 %
#52212000
1#
b00000000000000000000110011101000 .
#52222000
0#
b01110010 %
#52232000
1#
b00000000000000000000110101011010 .
#52242000
0#
b01000100 %
#52252000
1#
b00000000000000000000110110011110 .
#52262000
0#
b01010011 %
#52272000
1#
b00000000000000000000110111110001 .
#52282000
0#
b00111000 %
1,
#52292000
1#
b00000000000000000000111000101001 .
#52302000
0#
b01010010 %
#52312000
1#
b00000000000000000000111001111011 .
#52322000
0#
b00110111 %
#52332000
1#
b00000000000000000000111010110010 .
#52342000
0#
b01000011 %
#52352000
1#
b00000000000000000000111011110101 .
#52362000
0#
b01110100 %
0,
#52372000
1#
b00000000000000000000111101101001 .
#52382000
0#
b00111101 %
#52392000
1#
b00000000000000000000111110100110 .
#52402000
0#
b00111100 %
#52412000
1#
b00000000000000000000111111100010 .
#52422000
0#
b01001100 %
#52432000
1#
b00000000000000000001000000101110 .
#52442000
0#
b01011000 %
#52452000
1#
b00000000000000000001000010000110 .
#52462000
0#
b01100101 %
#52472000
1#
b00000000000000000001000011101011 .
#52482000
0#
b00110100 %
1&
1,
#52492000
1#
0(
b100 -
b00000000000000000001000100011111 .
#52502000
0#
b01010011 %
0&
#52512000
1#
1+
b011 -
#52522000
0#
0'
#52532000
1#
b010 -
#52542000
0#
#52552000
1#
b00010001 )
b001 -
#52562000
0#
#52572000
1#
b00011111 )
1*
b000 -
#52582000
0#
#52592000
1#
1(
b00000000 )
0*
0+
b111 -
b00000000000000000000000000000000 .
#52602000
0#
#52612000
1#
#52622000
0#
b01100011 %
1'
#52632000
1#
b00000000000000000000000001100011 .
#52642000
0#
b01010000 %
#52652000
1#
b00000000000000000000000010110011 .
#52662000
0#
b01010111 %
#52672000
1#
b00000000000000000000000100001010 .
#52682000
0#
b01010101 %
#52692000
1#
b00000000000000000000000101011111 .
#52702000
0#
b01010111 %
#52712000
1#
b00000000000000000000000110110110 .
#52722000
0#
b01101000 %
0,
#52732000
1#
b00000000000000000000001000011110 .
#52742000
0#
b01000001 %
#52752000
1#
b00000000000000000000001001011111 .
#52762000
0#
b00110101 %
1,
#52772000
1#
b00000000000000000000001010010100 .
#52782000
0#
b01010000 %
#52792000
1#
b00000000000000000000001011100100 .
#52802000
0#
b01011001 %
#52812000
1#
b00000000000000000000001100111101 .
#52822000
0#
b01100100 %
#52832000
1#
b00000000000000000000001110100001 .
#52842000
0#
b01101000 %
#52852000
1#
b00000000000000000000010000001001 .
#52862000
0#
b01000100 %
#52872000
1#
b00000000000000000000010001001101 .
#52882000
0#
b01000111 %
#52892000
1#
b00000000000000000000010010010100 .
#52902000
0#
b01011110 %
#52912000
1#
b00000000000000000000010011110010 .
#52922000
0#
b00110010 %
#52932000
1#
b00000000000000000000010100100100 .
#52942000
0#
b00111011 %
#52952000
1#
b00000000000000000000010101011111 .
#52962000
0#
b01000100 %
#52972000
1#
b00000000000000000000010110100011 .
#52982000
0#
b01000000 %
#52992000
1#
b00000000000000000000010111100011 .
#53002000
0#
b01000011 %
#53012000
1#
b00000000000000000000011000100110 .
#53022000
0#
b01100001 %
#53032000
1#
b00000000000000000000011010000111 .
#53042000
0#
b00111111 %
#53052000
1#
b00000000000000000000011011000110 .
#53062000
0#
b01000001 %
#53072000
1#
b00000000000000000000011100000111 .
#53082000
0#
b01011010 %
#53092000
1#
b00000000000000000000011101100001 .
#53102000
0#
b00111100 %
#53112000
1#
b00000000000000000000011110011101 .
#53122000
0#
b01100100 %
#53132000
1#
b00000000000000000000100000000001 .
#53142000
0#
b01000111 %
#53152000
1#
b00000000000000000000100001001000 .
#53162000
0#
b01001100 %
#53172000
1#
b00000000000000000000100010010100 .
#53182000
0#
b01011101 %
#53192000
1#
b00000000000000000000100011110001 .
#53202000
0#
b01101000 %
#53212000
1#
b00000000000000000000100101011001 .
#53222000
0#
b01011101 %
#53232000
1#
b00000000000000000000100110110110 .
#53242000
0#
b01000010 %
#53252000
1#
b00000000000000000000100111111000 .
#53262000
0#
b01101111 %
#53272000
1#
b00000000000000000000101001100111 .
#53282000
0#
b01100011 %
#53292000
1#
b00000000000000000000101011001010 .
#53302000
0#
b01111000 %
#53312000
1#
b00000000000000000000101101000010 .
#53322000
0#
b01011101 %
#53332000
1#
b00000000000000000000101110011111 .
#53342000
0#
b01100011 %
1&
#53352000
1#
0(
b100 -
b00000000000000000000110000000010 .
#53362000
0#
b00110000 %
0&
#53372000
1#
1+
b011 -
#53382000
0#
0'
#53392000
1#
b010 -
#53402000
0#
#53412000
1#
b00001100 )
b001 -
#53422000
0#
#53432000
1#
b00000010 )
1*
b000 -
#53442000
0#
#53452000
1#
1(
b00000000 )
0*
0+
b111 -
b00000000000000000000000000000000 .
#53462000
0#
#53472000
1#
#53482000
0#
b01010001 %
1'
#53492000
1#
b00000000000000000000000001010001 .
#53502000
0#
b01010110 %
#53512000
1#
b00000000000000000000000010100111 .
#53522000
0#
b01001001 %
#53532000
1#
b00000000000000000000000011110000 .
#53542000
0#
b00110000 %
#53552000
1#
b00000000000000000000000100100000 .
#53562000
0#
b01100100 %
#53572000
1#
b00000000000000000000000110000100 .
#53582000
0#
b01100110 %
#53592000
1#
b00000000000000000000000111101010 .
#53602000
0#
b01000000 %
#53612000
1#
b00000000000000000000001000101010 .
#53622000
0#
b01110011 %
#53632000
1#
b00000000000000000000001010011101 .
#53642000
0#
b01110010 %
0,
#53652000
1#
b00000000000000000000001100001111 .
#53662000
0#
b01110100 %
#53672000
1#
b00000000000000000000001110000011 .
#53682000
0#
b01000001 %
#53692000
1#
b00000000000000000000001111000100 .
#53702000
0#
b00111110 %
1,
#53712000
1#
b00000000000000000000010000000010 .
#53722000
0#
b01011010 %
#53732000
1#
b00000000000000000000010001011100 .
#53742000
0#
b01010001 %
#53752000
1#
b00000000000000000000010010101101 .
#53762000
0#
b01010111 %
#53772000
1#
b00000000000000000000010100000100 .
#53782000
0#
b01111000 %
#53792000
1#
b00000000000000000000010101111100 .
#53802000
0#
b00111011 %
#53812000
1#
b00000000000000000000010110110111 .
#53822000
0#
b01110100 %
#53832000
1#
b00000000000000000000011000101011 .
#53842000
0#
b01110010 %
#53852000
1#
b00000000000000000000011010011101 .
#53862000
0#
b01111001 %
#53872000
1#
b00000000000000000000011100010110 .
#53882000
0#
b01001011 %
#53892000
1#
b00000000000000000000011101100001 .
#53902000
0#
b01001001 %
#53912000
1#
b00000000000000000000011110101010 .
#53922000
0#
b01010011 %
#53932000
1#
b00000000000000000000011111111101 .
#53942000
0#
b01011110 %
#53952000
1#
b00000000000000000000100001011011 .
#53962000
0#
b01110011 %
#53972000
1#
b00000000000000000000100011001110 .
#53982000
0#
b01101010 %
#53992000
1#
b00000000000000000000100100111000 .
#54002000
0#
b01100001 %
#54012000
1#
b00000000000000000000100110011001 .
#54022000
0#
b01010100 %
0,
#54032000
1#
b00000000000000000000100111101101 .
#54042000
0#
b01011010 %
#54052000
1#
b00000000000000000000101001000111 .
#54062000
0#
b00111000 %
#54072000
1#
b00000000000000000000101001111111 .
#54082000
0#
b01100101 %
#54092000
1#
b00000000000000000000101011100100 .
#54102000
0#
b01010100 %
#54112000
1#
b00000000000000000000101100111000 .
#54122000
0#
b01001111 %
1&
#54132000
1#
0(
b100 -
b00000000000000000000101110000111 .
#54142000
0#
b01110101 %
0&
#54152000
1#
1+
#54162000
0#
0'
#54172000
1#
#54182000
0#
#54192000
1#
#54202000
0#
1,
#54212000
1#
b011 -
#54222000
0#
#54232000
1#
b010 -
#54242000
0#
#54252000
1#
b00001011 )
b001 -
#54262000
0#
#54272000
1#
b10000111 )
1*
b000 -
#54282000
0#
#54292000
1#
1(
b00000000 )
0*
0+
b111 -
b00000000000000000000000000000000 .
#54302000
0#
#54312000
1#
#54322000
0#
b01001000 %
1'
#54332000
1#
b00000000000000000000000001001000 .
#54342000
0#
b01010010 %
#54352000
1#
b00000000000000000000000010011010 .
#54362000
0#
b01011000 %
#54372000
1#
b00000000000000000000000011110010 .
#54382000
0#
b01001010 %
#54392000
1#
b00000000000000000000000100111100 .
#54402000
0#
b00111000 %
#54412000
1#
b00000000000000000000000101110100 .
#54422000
0#
b00110001 %
#54432000
1#
b00000000000000000000000110100101 .
#54442000
0#
b00110101 %
#54452000
1#
b00000000000000000000000111011010 .
#54462000
0#
b01000101 %
#54472000
1#
b00000000000000000000001000011111 .
#54482000
0#
0'
#54492000
1#
#54502000
0#
#54512000
1#
#54522000
0#
#54532000
1#
#54542000
0#
#54552000
1#
#54562000
0#
#54572000
1#
#54582000
0#
0,
#54592000
1#
#54602000
0#
#54612000
1#
#54622000
0#
#54632000
1#
#54642000
0#
#54652000
1#
#54662000
0#
b01010010 %
1'
#54672000
1#
b00000000000000000000001001110001 .
#54682000
0#
b00110011 %
#54692000
1#
b00000000000000000000001010100100 .
#54702000
0#
b01011100 %
#54712000
1#
b00000000000000000000001100000000 .
#54722000
0#
b01100001 %
1,
#54732000
1#
b00000000000000000000001101100001 .
#54742000
0#
b01110001 %
#54752000
1#
b00000000000000000000001111010010 .
#54762000
0#
b01011100 %
#54772000
1#
b00000000000000000000010000101110 .
#54782000
0#
b01011111 %
#54792000
1#
b00000000000000000000010010001101 .
#54802000
0#
b00111110 %
0,
#54812000
1#
b00000000000000000000010011001011 .
#54822000
0#
b01011011 %
#54832000
1#
b00000000000000000000010100100110 .
#54842000
0#
b01100111 %
#54852000
1#
b00000000000000000000010110001101 .
#54862000
0#
b01011010 %
#54872000
1#
b00000000000000000000010111100111 .
#54882000
0#
b01100100 %
1,
#54892000
1#
b00000000000000000000011001001011 .
#54902000
0#
b00111001 %
#54912000
1#
b00000000000000000000011010000100 .
#54922000
0#
b01010110 %
#54932000
1#
b00000000000000000000011011011010 .
#54942000
0#
b01011101 %
#54952000
1#
b00000000000000000000011100110111 .
#54962000
0#
b01000111 %
#54972000
1#
b00000000000000000000011101111110 .
#54982000
0#
b01011111 %
#54992000
1#
b00000000000000000000011111011101 .
#55002000
0#
b01011110 %
#55012000
1#
b00000000000000000000100000111011 .
#55022000
0#
b01101010 %
#55032000
1#
b00000000000000000000100010100101 .
#55042000
0#
b01010101 %
#55052000
1#
b00000000000000000000100011111010 .
#55062000
0#
b00110011 %
#55072000
1#
b00000000000000000000100100101101 .
#55082000
0#
b01101100 %
#55092000
1#
b00000000000000000000100110011001 .
#55102000
0#
b01000001 %
#55112000
1#
b00000000000000000000100111011010 .
#55122000
0#
b01001111 %
#55132000
1#
b00000000000000000000101000101001 .
#55142000
0#
b01000101 %
1&
0,
#55152000
1#
0(
b100 -
b00000000000000000000101001101110 .
#55162000
0#
b01001101 %
0&
#55172000
1#
1+
#55182000
0#
0'
#55192000
1#
#55202000
0#
#55212000
1#
#55222000
0#
#55232000
1#
#55242000
0#
#55252000
1#
#55262000
0#
#55272000
1#
#55282000
0#
#55292000
1#
#55302000
0#
#55312000
1#
#55322000
0#
1,
#55332000
1#
b011 -
#55342000
0#
#55352000
1#
b010 -
#55362000
0#
#55372000
1#
b00001010 )
b001 -
#55382000
0#
#55392000
1#
b01101110 )
1*
b000 -
#55402000
0#
#55412000
1#
1(
b00000000 )
0*
0+
b111 -
b00000000000000000000000000000000 .
#55422000
0#
#55432000
1#
#55442000
0#
b01000011 %
1'
#55452000
1#
b00000000000000000000000001000011 .
#55462000
0#
b00110000 %
#55472000
1#
b00000000000000000000000001110011 .
#55482000
0#
b01010111 %
0,
#55492000
1#
b00000000000000000000000011001010 .
#55502000
0#
b01110000 %
#55512000
1#
b00000000000000000000000100111010 .
#55522000
0#
b01001110 %
#55532000
1#
b00000000000000000000000110001000 .
#55542000
0#
b00110110 %
#55552000
1#
b00000000000000000000000110111110 .
#55562000
0#
b01110111 %
#55572000
1#
b00000000000000000000001000110101 .
#55582000
0#
b01100110 %
#55592000
1#
b00000000000000000000001010011011 .
#55602000
0#
b01000110 %
#55612000
1#
b00000000000000000000001011100001 .
#55622000
0#
b01110110 %
1,
#55632000
1#
b00000000000000000000001101010111 .
#55642000
0#
b00111010 %
#55652000
1#
b00000000000000000000001110010001 .
#55662000
0#
b01100110 %
0,
#55672000
1#
b00000000000000000000001111110111 .
#55682000
0#
b01000101 %
#55692000
1#
b00000000000000000000010000111100 .
#55702000
0#
b01110110 %
#55712000
1#
b00000000000000000000010010110010 .
#55722000
0#
b01000011 %
#55732000
1#
b00000000000000000000010011110101 .
#55742000
0#
b00111010 %
#55752000
1#
b00000000000000000000010100101111 .
#55762000
0#
b00110100 %
#55772000
1#
b00000000000000000000010101100011 .
#55782000
0#
b01110111 %
#55792000
1#
b00000000000000000000010111011010 .
#55802000
0#
b01110011 %
#55812000
1#
b00000000000000000000011001001101 .
#55822000
0#
b01100011 %
#55832000
1#
b00000000000000000000011010110000 .
#55842000
0#
b01000110 %
1,
#55852000
1#
b00000000000000000000011011110110 .
#55862000
0#
b01100000 %
#55872000
1#
b00000000000000000000011101010110 .
#55882000
0#
b00111101 %
#55892000
1#
b00000000000000000000011110010011 .
#55902000
0#
b01001110 %
#55912000
1#
b00000000000000000000011111100001 .
#55922000
0#
b00111101 %
#55932000
1#
b00000000000000000000100000011110 .
#55942000
0#
b01000100 %
#55952000
1#
b00000000000000000000100001100010 .
#55962000
0#
0'
#55972000
1#
#55982000
0#
#55992000
1#
#56002000
0#
#56012000
1#
#56022000
0#
#56032000
1#
#56042000
0#
#56052000
1#
#56062000
0#
b01110110 %
1'
#56072000
1#
b00000000000000000000100011011000 .
#56082000
0#
b01010111 %
#56092000
1#
b00000000000000000000100100101111 .
#56102000
0#
b01010000 %
#56112000
1#
b00000000000000000000100101111111 .
#56122000
0#
b01100111 %
0,
#56132000
1#
b00000000000000000000100111100110 .
#56142000
0#
b00110100 %
#56152000
1#
b00000000000000000000101000011010 .
#56162000
0#
b01101101 %
#56172000
1#
b00000000000000000000101010000111 .
#56182000
0#
b01001001 %
1,
#56192000
1#
b00000000000000000000101011010000 .
#56202000
0#
b01011101 %
#56212000
1#
b00000000000000000000101100101101 .
#56222000
0#
b01010110 %
#56232000
1#
b00000000000000000000101110000011 .
#56242000
0#
b01011111 %
#56252000
1#
b00000000000000000000101111100010 .
#56262000
0#
b00111010 %
0,
#56272000
1#
b00000000000000000000110000011100 .
#56282000
0#
b00110101 %
#56292000
1#
b00000000000000000000110001010001 .
#56302000
0#
b01101000 %
#56312000
1#
b00000000000000000000110010111001 .
#56322000
0#
b01000001 %
#56332000
1#
b00000000000000000000110011111010 .
#56342000
0#
b01110111 %
1,
#56352000
1#
b00000000000000000000110101110001 .
#56362000
0#
b01101010 %
#56372000
1#
b00000000000000000000110111011011 .
#56382000
0#
b01010011 %
#56392000
1#
b00000000000000000000111000101110 .
#56402000
0#
b00111011 %
#56412000
1#
b00000000000000000000111001101001 .
#56422000
0#
b01010010 %
#56432000
1#
b00000000000000000000111010111011 .
#56442000
0#
b01100010 %
#56452000
1#
b00000000000000000000111100011101 .
#56462000
0#
b01000111 %
#56472000
1#
b00000000000000000000111101100100 .
#56482000
0#
b01010100 %
#56492000
1#
b00000000000000000000111110111000 .
#56502000
0#
b01000110 %
#56512000
1#
b00000000000000000000111111111110 .
#56522000
0#
b01010000 %
#56532000
1#
b00000000000000000001000001001110 .
#56542000
0#
b01001001 %
#56552000
1#
b00000000000000000001000010010111 .
#56562000
0#
b00111011 %
#56572000
1#
b00000000000000000001000011010010 .
#56582000
0#
b01110010 %
1&
#56592000
1#
0(
b100 -
b00000000000000000001000101000100 .
#56602000
0#
b00110100 %
0&
#56612000
1#
1+
b011 -
#56622000
0#
0'
#56632000
1#
b010 -
#56642000
0#
0,
#56652000
1#
b00010001 )
#56662000
0#
#56672000
1#
#56682000
0#
#56692000
1#
#56702000
0#
#56712000
1#
#56722000
0#
#56732000
1#
#56742000
0#
#56752000
1#
#56762000
0#
#56772000
1#
#56782000
0#
#56792000
1#
#56802000
0#
1,
#56812000
1#
b001 -
#56822000
0#
#56832000
1#
b01000100 )
1*
b000 -
#56842000
0#
0,
#56852000
1#
1(
b00000000 )
0*
0+
b00000000000000000000000000000000 .
#56862000
0#
#56872000
1#
#56882000
0#
b01010111 %
1'
#56892000
1#
b00000000000000000000000001010111 .
#56902000
0#
b01101001 %
#56912000
1#
b00000000000000000000000011000000 .
#56922000
0#
b01101010 %
#56932000
1#
b00000000000000000000000100101010 .
#56942000
0#
b01111001 %
#56952000
1#
b00000000000000000000000110100011 .
#56962000
0#
b01110110 %
1,
#56972000
1#
b00000000000000000000001000011001 .
#56982000
0#
b01100111 %
#56992000
1#
b00000000000000000000001010000000 .
#57002000
0#
b00110101 %
#57012000
1#
b00000000000000000000001010110101 .
#57022000
0#
b01010110 %
#57032000
1#
b00000000000000000000001100001011 .
#57042000
0#
b01000111 %
#57052000
1#
b00000000000000000000001101010010 .
#57062000
0#
b01001101 %
#57072000
1#
b00000000000000000000001110011111 .
#57082000
0#
b01110000 %
0,
#57092000
1#
b00000000000000000000010000001111 .
#57102000
0#
b01001111 %
#57112000
1#
b00000000000000000000010001011110 .
#57122000
0#
b01000111 %
1,
#57132000
1#
b00000000000000000000010010100101 .
#57142000
0#
b01011100 %
#57152000
1#
b00000000000000000000010100000001 .
#57162000
0#
b00111001 %
#57172000
1#
b00000000000000000000010100111010 .
#57182000
0#
b00110001 %
#57192000
1#
b00000000000000000000010101101011 .
#57202000
0#
b01011110 %
#57212000
1#
b00000000000000000000010111001001 .
#57222000
0#
b01101010 %
#57232000
1#
b00000000000000000000011000110011 .
#57242000
0#
b01101100 %
1&
#57252000
1#
0(
b100 -
b00000000000000000000011010011111 .
#57262000
0#
b01100010 %
0&
#57272000
1#
1+
b011 -
#57282000
0#
0'
#57292000
1#
b010 -
#57302000
0#
#57312000
1#
b00000110 )
b001 -
#57322000
0#
#57332000
1#
b10011111 )
1*
b000 -
#57342000
0#
#57352000
1#
1(
b00000000 )
0*
0+
b111 -
b00000000000000000000000000000000 .
#57362000
0#
#57372000
1#
#57382000
0#
b01001100 %
1'
#57392000
1#
b00000000000000000000000001001100 .
#57402000
0#
b00110101 %
#57412000
1#
b00000000000000000000000010000001 .
#57422000
0#
b01000001 %
#57432000
1#
b00000000000000000000000011000010 .
#57442000
0#
b01010100 %
0,
#57452000
1#
b00000000000000000000000100010110 .
#57462000
0#
b00110010 %
#57472000
1#
b00000000000000000000000101001000 .
#57482000
0#
b01011000 %
#57492000
1#
b00000000000000000000000110100000 .
#57502000
0#
b01000100 %
#57512000
1#
b00000000000000000000000111100100 .
#57522000
0#
b01101010 %
#57532000
1#
b00000000000000000000001001001110 .
#57542000
0#
b01101101 %
#57552000
1#
b00000000000000000000001010111011 .
#57562000
0#
b00111100 %
#57572000
1#
b00000000000000000000001011110111 .
#57582000
0#
b01000010 %
1,
#57592000
1#
b00000000000000000000001100111001 .
#57602000
0#
b01011011 %
#57612000
1#
b00000000000000000000001110010100 .
#57622000
0#
b01010011 %
#57632000
1#
b00000000000000000000001111100111 .
#57642000
0#
b01101010 %
#57652000
1#
b00000000000000000000010001010001 .
#57662000
0#
b00111001 %
0,
#57672000
1#
b00000000000000000000010010001010 .
#57682000
0#
b01000101 %
1,
#57692000
1#
b00000000000000000000010011001111 .
#57702000
0#
b00110000 %
#57712000
1#
b00000000000000000000010011111111 .
#57722000
0#
b01110100 %
#57732000
1#
b00000000000000000000010101110011 .
#57742000
0#
b01011010 %
#57752000
1#
b00000000000000000000010111001101 .
#57762000
0#
b01110110 %
#57772000
1#
b00000000000000000000011001000011 .
#57782000
0#
b01100100 %
#57792000
1#
b00000000000000000000011010100111 .
#57802000
0#
b01001010 %
#57812000
1#
b00000000000000000000011011110001 .
#57822000
0#
b01110010 %
#57832000
1#
b00000000000000000000011101100011 .
#57842000
0#
b01001011 %
#57852000
1#
b00000000000000000000011110101110 .
#57862000
0#
b01000010 %
#57872000
1#
b00000000000000000000011111110000 .
#57882000
0#
b01011011 %
#57892000
1#
b00000000000000000000100001001011 .
#57902000
0#
b01010001 %
#57912000
1#
b00000000000000000000100010011100 .
#57922000
0#
b00111011 %
0,
#57932000
1#
b00000000000000000000100011010111 .
#57942000
0#
b01100110 %
#57952000
1#
b00000000000000000000100100111101 .
#57962000
0#
b00111000 %
#57972000
1#
b00000000000000000000100101110101 .
#57982000
0#
b01010100 %
#57992000
1#
b00000000000000000000100111001001 .
#58002000
0#
b01010111 %
#58012000
1#
b00000000000000000000101000100000 .
#58022000
0#
b00110110 %
#58032000
1#
b00000000000000000000101001010110 .
#58042000
0#
b00111010 %
#58052000
1#
b00000000000000000000101010010000 .
#58062000
0#
b00110000 %
1,
#58072000
1#
b00000000000000000000101011000000 .
#58082000
0#
b01001110 %
#58092000
1#
b00000000000000000000101100001110 .
#58102000
0#
b01000111 %
#58112000
1#
b00000000000000000000101101010101 .
#58122000
0#
b01110001 %
#58132000
1#
b00000000000000000000101111000110 .
#58142000
0#
b01001010 %
#58152000
1#
b00000000000000000000110000010000 .
#58162000
0#
b01000101 %
#58172000
1#
b00000000000000000000110001010101 .
#58182000
0#
b01100011 %
#58192000
1#
b00000000000000000000110010111000 .
#58202000
0#
b01001011 %
#58212000
1#
b00000000000000000000110100000011 .
#58222000
0#
b00111110 %
1&
#58232000
1#
0(
b100 -
b00000000000000000000110101000001 .
#58242000
0#
b01001110 %
0&
#58252000
1#
1+
b011 -
#58262000
0#
0'
#58272000
1#
b010 -
#58282000
0#
#58292000
1#
b00001101 )
b001 -
#58302000
0#
#58312000
1#
b01000001 )
1*
b000 -
#58322000
0#
#58332000
1#
1(
b00000000 )
0*
0+
b111 -
b00000000000000000000000000000000 .
#58342000
0#
#58352000
1#
#58362000
0#
b01110110 %
1'
#58372000
1#
b00000000000000000000000001110110 .
#58382000
0#
b00110110 %
#58392000
1#
b00000000000000000000000010101100 .
#58402000
0#
b01111010 %
#58412000
1#
b00000000000000000000000100100110 .
#58422000
0#
b01000000 %
#58432000
1#
b00000000000000000000000101100110 .
#58442000
0#
b01000110 %
#58452000
1#
b00000000000000000000000110101100 .
#58462000
0#
b01110101 %
#58472000
1#
b00000000000000000000001000100001 .
#58482000
0#
b00110110 %
#58492000
1#
b00000000000000000000001001010111 .
#58502000
0#
b01110000 %
#58512000
1#
b00000000000000000000001011000111 .
#58522000
0#
b01000001 %
#58532000
1#
b00000000000000000000001100001000 .
#58542000
0#
b01000000 %
0,
#58552000
1#
b00000000000000000000001101001000 .
#58562000
0#
b01110100 %
#58572000
1#
b00000000000000000000001110111100 .
#58582000
0#
b01011100 %
#58592000
1#
b00000000000000000000010000011000 .
#58602000
0#
b01101111 %
#58612000
1#
b00000000000000000000010010000111 .
#58622000
0#
b01011111 %
#58632000
1#
b00000000000000000000010011100110 .
#58642000
0#
1,
#58652000
1#
b00000000000000000000010101000101 .
#58662000
0#
b00111110 %
1&
#58672000
1#
0(
b100 -
b00000000000000000000010110000011 .
#58682000
0#
b01000100 %
0&
#58692000
1#
1+
b011 -
#58702000
0#
0'
#58712000
1#
b010 -
#58722000
0#
#58732000
1#
b00000101 )
b001 -
#58742000
0#
#58752000
1#
b10000011 )
1*
b000 -
#58762000
0#
#58772000
1#
1(
b00000000 )
0*
0+
b111 -
b00000000000000000000000000000000 .
#58782000
0#
#58792000
1#
#58802000
0#
b01001010 %
1'
#58812000
1#
b00000000000000000000000001001010 .
#58822000
0#
b01101001 %
#58832000
1#
b00000000000000000000000010110011 .
#58842000
0#
b01010001 %
#58852000
1#
b00000000000000000000000100000100 .
#58862000
0#
b00110110 %
#58872000
1#
b00000000000000000000000100111010 .
#58882000
0#
b00111010 %
0,
#58892000
1#
b00000000000000000000000101110100 .
#58902000
0#
#58912000
1#
b00000000000000000000000110101110 .
#58922000
0#
b01000011 %
#58932000
1#
b00000000000000000000000111110001 .
#58942000
0#
b00110100 %
1,
#58952000
1#
b00000000000000000000001000100101 .
#58962000
0#
b01001110 %
#58972000
1#
b00000000000000000000001001110011 .
#58982000
0#
b01010011 %
#58992000
1#
b00000000000000000000001011000110 .
#59002000
0#
b01101110 %
#59012000
1#
b00000000000000000000001100110100 .
#59022000
0#
b00110001 %
#59032000
1#
b00000000000000000000001101100101 .
#59042000
0#
b01001001 %
#59052000
1#
b00000000000000000000001110101110 .
#59062000
0#
b01000110 %
#59072000
1#
b00000000000000000000001111110100 .
#59082000
0#
b01100011 %
#59092000
1#
b00000000000000000000010001010111 .
#59102000
0#
b01001111 %
#59112000
1#
b00000000000000000000010010100110 .
#59122000
0#
b01011100 %
#59132000
1#
b00000000000000000000010100000010 .
#59142000
0#
b01000111 %
#59152000
1#
b00000000000000000000010101001001 .
#59162000
0#
b01111010 %
#59172000
1#
b00000000000000000000010111000011 .
#59182000
0#
b01110100 %
#59192000
1#
b00000000000000000000011000110111 .
#59202000
0#
b01100101 %
#59212000
1#
b00000000000000000000011010011100 .
#59222000
0#
b01000010 %
#59232000
1#
b00000000000000000000011011011110 .
#59242000
0#
b01010011 %
#59252000
1#
b00000000000000000000011100110001 .
#59262000
0#
b01110000 %
#59272000
1#
b00000000000000000000011110100001 .
#59282000
0#
b01111001 %
#59292000
1#
b00000000000000000000100000011010 .
#59302000
0#
b00111000 %
#59312000
1#
b00000000000000000000100001010010 .
#59322000
0#
b01001011 %
0,
#59332000
1#
b00000000000000000000100010011101 .
#59342000
0#
b00111010 %
#59352000
1#
b00000000000000000000100011010111 .
#59362000
0#
b01001101 %
#59372000
1#
b00000000000000000000100100100100 .
#59382000
0#
b01011110 %
#59392000
1#
b00000000000000000000100110000010 .
#59402000
0#
b01001101 %
#59412000
1#
b00000000000000000000100111001111 .
#59422000
0#
b01010010 %
#59432000
1#
b00000000000000000000101000100001 .
#59442000
0#
b00111000 %
#59452000
1#
b00000000000000000000101001011001 .
#59462000
0#
b01010010 %
#59472000
1#
b00000000000000000000101010101011 .
#59482000
0#
b01000010 %
#59492000
1#
b00000000000000000000101011101101 .
#59502000
0#
b00110011 %
1,
#59512000
1#
b00000000000000000000101100100000 .
#59522000
0#
b00111010 %
#59532000
1#
b00000000000000000000101101011010 .
#59542000
0#
b00111000 %
#59552000
1#
b00000000000000000000101110010010 .
#59562000
0#
0'
#59572000
1#
#59582000
0#
b01110001 %
1&
1'
#59592000
1#
0(
b100 -
b00000000000000000000110000000011 .
#59602000
0#
b00111111 %
0&
#59612000
1#
1+
b011 -
#59622000
0#
0'
#59632000
1#
b010 -
#59642000
0#
#59652000
1#
b00001100 )
b001 -
#59662000
0#
#59672000
1#
b00000011 )
1*
b000 -
#59682000
0#
0,
#59692000
1#
1(
b00000000 )
0*
0+
b00000000000000000000000000000000 .
#59702000
0#
#59712000
1#
#59722000
0#
b01110001 %
1'
#59732000
1#
b00000000000000000000000001110001 .
#59742000
0#
0'
#59752000
1#
b00000000000000000000000000000000 .
#59762000
0#
#59772000
1#
#59782000
0#
#59792000
1#
#59802000
0#
b01011100 %
1'
#59812000
1#
b00000000000000000000000001011100 .
#59822000
0#
b01000011 %
1,
#59832000
1#
b00000000000000000000000010011111 .
#59842000
0#
b01011001 %
0,
#59852000
1#
b00000000000000000000000011111000 .
#59862000
0#
b01001100 %
#59872000
1#
b00000000000000000000000101000100 .
#59882000
0#
b00111111 %
#59892000
1#
b00000000000000000000000110000011 .
#59902000
0#
b01110011 %
#59912000
1#
b00000000000000000000000111110110 .
#59922000
0#
b01010111 %
#59932000
1#
b00000000000000000000001001001101 .
#59942000
0#
b01110010 %
#59952000
1#
b00000000000000000000001010111111 .
#59962000
0#
b01101001 %
#59972000
1#
b00000000000000000000001100101000 .
#59982000
0#
b01001011 %
#59992000
1#
b00000000000000000000001101110011 .
#60002000
0#
b01110110 %
#60012000
1#
b00000000000000000000001111101001 .
#60022000
0#
b00111010 %
#60032000
1#
b00000000000000000000010000100011 .
#60042000
0#
b00110111 %
#60052000
1#
b00000000000000000000010001011010 .
#60062000
0#
b01011100 %
#60072000
1#
b00000000000000000000010010110110 .
#60082000
0#
b01101011 %
#60092000
1#
b00000000000000000000010100100001 .
#60102000
0#
b01000000 %
1&
#60112000
1#
0(
b100 -
b00000000000000000000010101100001 .
#60122000
0#
b01011100 %
0&
#60132000
1#
1+
#60142000
0#
0'
#60152000
1#
#60162000
0#
1,
#60172000
1#
b011 -
#60182000
0#
#60192000
1#
b010 -
#60202000
0#
#60212000
1#
b00000101 )
b001 -
#60222000
0#
#60232000
1#
b01100001 )
1*
b000 -
#60242000
0#
#60252000
1#
1(
b00000000 )
0*
0+
b111 -
b00000000000000000000000000000000 .
#60262000
0#
#60272000
1#
#60282000
0#
b01001010 %
1'
#60292000
1#
b00000000000000000000000001001010 .
#60302000
0#
b00110110 %
#60312000
1#
b00000000000000000000000010000000 .
#60322000
0#
b01101110 %
#60332000
1#
b00000000000000000000000011101110 .
#60342000
0#
b01000010 %
#60352000
1#
b00000000000000000000000100110000 .
#60362000
0#
b00110101 %
#60372000
1#
b00000000000000000000000101100101 .
#60382000
0#
b01011110 %
0,
#60392000
1#
b00000000000000000000000111000011 .
#60402000
0#
b01000001 %
#60412000
1#
b00000000000000000000001000000100 .
#60422000
0#
b00110111 %
#60432000
1#
b00000000000000000000001000111011 .
#60442000
0#
b01110111 %
1,
#60452000
1#
b00000000000000000000001010110010 .
#60462000
0#
b01101000 %
#60472000
1#
b00000000000000000000001100011010 .
#60482000
0#
b01010010 %
0,
#60492000
1#
b00000000000000000000001101101100 .
#60502000
0#
b01100110 %
#60512000
1#
b00000000000000000000001111010010 .
#60522000
0#
b01101111 %
#60532000
1#
b00000000000000000000010001000001 .
#60542000
0#
b01011100 %
1,
#60552000
1#
b00000000000000000000010010011101 .
#60562000
0#
b01000111 %
#60572000
1#
b00000000000000000000010011100100 .
#60582000
0#
b01101001 %
0,
#60592000
1#
b00000000000000000000010101001101 .
#60602000
0#
b01100100 %
#60612000
1#
b00000000000000000000010110110001 .
#60622000
0#
b01011000 %
#60632000
1#
b00000000000000000000011000001001 .
#60642000
0#
b01110000 %
#60652000
1#
b00000000000000000000011001111001 .
#60662000
0#
b01000000 %
1,
#60672000
1#
b00000000000000000000011010111001 .
#60682000
0#
b01110001 %
#60692000
1#
b00000000000000000000011100101010 .
#60702000
0#
b01100011 %
#60712000
1#
b00000000000000000000011110001101 .
#60722000
0#
b01111000 %
#60732000
1#
b00000000000000000000100000000101 .
#60742000
0#
b01000100 %
#60752000
1#
b00000000000000000000100001001001 .
#60762000
0#
b00111011 %
0,
#60772000
1#
b00000000000000000000100010000100 .
#60782000
0#
b01001110 %
#60792000
1#
b00000000000000000000100011010010 .
#60802000
0#
b00111100 %
#60812000
1#
b00000000000000000000100100001110 .
#60822000
0#
b01110111 %
#60832000
1#
b00000000000000000000100110000101 .
#60842000
0#
b01110011 %
#60852000
1#
b00000000000000000000100111111000 .
#60862000
0#
b01000000 %
#60872000
1#
b00000000000000000000101000111000 .
#60882000
0#
b01011001 %
#60892000
1#
b00000000000000000000101010010001 .
#60902000
0#
b01000100 %
#60912000
1#
b00000000000000000000101011010101 .
#60922000
0#
b01101110 %
#60932000
1#
b00000000000000000000101101000011 .
#60942000
0#
b00110001 %
1,
#60952000
1#
b00000000000000000000101101110100 .
#60962000
0#
b00111001 %
#60972000
1#
b00000000000000000000101110101101 .
#60982000
0#
b01111010 %
#60992000
1#
b00000000000000000000110000100111 .
#61002000
0#
#61012000
1#
b00000000000000000000110010100001 .
#61022000
0#
b01110010 %
#61032000
1#
b00000000000000000000110100010011 .
#61042000
0#
b01111000 %
#61052000
1#
b00000000000000000000110110001011 .
#61062000
0#
b00110100 %
#61072000
1#
b00000000000000000000110110111111 .
#61082000
0#
b00111101 %
#61092000
1#
b00000000000000000000110111111100 .
#61102000
0#
b00110100 %
#61112000
1#
b00000000000000000000111000110000 .
#61122000
0#
b01100111 %
#61132000
1#
b00000000000000000000111010010111 .
#61142000
0#
b00111011 %
1&
#61152000
1#
0(
b100 -
b00000000000000000000111011010010 .
#61162000
0#
b01101000 %
0&
#61172000
1#
1+
b011 -
#61182000
0#
0'
#61192000
1#
b010 -
#61202000
0#
#61212000
1#
b00001110 )
b001 -
#61222000
0#
#61232000
1#
b11010010 )
1*
b000 -
#61242000
0#
#61252000
1#
1(
b00000000 )
0*
0+
b111 -
b00000000000000000000000000000000 .
#61262000
0#
#61272000
1#
#61282000
0#
b01001111 %
1'
#61292000
1#
b00000000000000000000000001001111 .
#61302000
0#
b01011110 %
#61312000
1#
b00000000000000000000000010101101 .
#61322000
0#
b01000000 %
#61332000
1#
b00000000000000000000000011101101 .
#61342000
0#
b01010001 %
#61352000
1#
b00000000000000000000000100111110 .
#61362000
0#
b00111001 %
#61372000
1#
b00000000000000000000000101110111 .
#61382000
0#
b01010000 %
#61392000
1#
b00000000000000000000000111000111 .
#61402000
0#
b00111111 %
#61412000
1#
b00000000000000000000001000000110 .
#61422000
0#
b00111001 %
0,
#61432000
1#
b00000000000000000000001000111111 .
#61442000
0#
b00111100 %
#61452000
1#
b00000000000000000000001001111011 .
#61462000
0#
b01101011 %
#61472000
1#
b00000000000000000000001011100110 .
#61482000
0#
b01100001 %
#61492000
1#
b00000000000000000000001101000111 .
#61502000
0#
b01101101 %
#61512000
1#
b00000000000000000000001110110100 .
#61522000
0#
b01010001 %
1,
#61532000
1#
b00000000000000000000010000000101 .
#61542000
0#
b01100011 %
#61552000
1#
b00000000000000000000010001101000 .
#61562000
0#
b00111000 %
#61572000
1#
b00000000000000000000010010100000 .
#61582000
0#
b00110101 %
#61592000
1#
b00000000000000000000010011010101 .
#61602000
0#
b01001000 %
#61612000
1#
b00000000000000000000010100011101 .
#61622000
0#
b01010101 %
#61632000
1#
b00000000000000000000010101110010 .
#61642000
0#
b01110101 %
#61652000
1#
b00000000000000000000010111100111 .
#61662000
0#
b01001101 %
#61672000
1#
b00000000000000000000011000110100 .
#61682000
0#
b00111111 %
#61692000
1#
b00000000000000000000011001110011 .
#61702000
0#
b00110010 %
#61712000
1#
b00000000000000000000011010100101 .
#61722000
0#
b01001100 %
1&
#61732000
1#
0(
b100 -
b00000000000000000000011011110001 .
#61742000
0#
0&
#61752000
1#
1+
b011 -
#61762000
0#
0'
#61772000
1#
b010 -
#61782000
0#
#61792000
1#
b00000110 )
b001 -
#61802000
0#
#61812000
1#
b11110001 )
1*
b000 -
#61822000
0#
#61832000
1#
1(
b00000000 )
0*
0+
b111 -
b00000000000000000000000000000000 .
#61842000
0#
#61852000
1#
#61862000
0#
b01000000 %
1'
#61872000
1#
b00000000000000000000000001000000 .
#61882000
0#
b01010110 %
#61892000
1#
b00000000000000000000000010010110 .
#61902000
0#
b00110001 %
#61912000
1#
b00000000000000000000000011000111 .
#61922000
0#
b01000100 %
#61932000
1#
b00000000000000000000000100001011 .
#61942000
0#
b01001001 %
#61952000
1#
b00000000000000000000000101010100 .
#61962000
0#
b01011100 %
#61972000
1#
b00000000000000000000000110110000 .
#61982000
0#
b01100011 %
#61992000
1#
b00000000000000000000001000010011 .
#62002000
0#
b00111111 %
#62012000
1#
b00000000000000000000001001010010 .
#62022000
0#
b01010100 %
#62032000
1#
b00000000000000000000001010100110 .
#62042000
0#
b01000100 %
0,
#62052000
1#
b00000000000000000000001011101010 .
#62062000
0#
b01000000 %
#62072000
1#
b00000000000000000000001100101010 .
#62082000
0#
b01010000 %
#62092000
1#
b00000000000000000000001101111010 .
#62102000
0#
b00110101 %
1,
#62112000
1#
b00000000000000000000001110101111 .
#62122000
0#
b01001110 %
#62132000
1#
b00000000000000000000001111111101 .
#62142000
0#
b01001011 %
#62152000
1#
b00000000000000000000010001001000 .
#62162000
0#
b01001010 %
#62172000
1#
b00000000000000000000010010010010 .
#62182000
0#
b01100010 %
0,
#62192000
1#
b00000000000000000000010011110100 .
#62202000
0#
b01101100 %
#62212000
1#
b00000000000000000000010101100000 .
#62222000
0#
b01011000 %
#62232000
1#
b00000000000000000000010110111000 .
#62242000
0#
b01101011 %
1,
#62252000
1#
b00000000000000000000011000100011 .
#62262000
0#
b00110111 %
#62272000
1#
b00000000000000000000011001011010 .
#62282000
0#
0'
#62292000
1#
#62302000
0#
#62312000
1#
#62322000
0#
#62332000
1#
#62342000
0#
#62352000
1#
#62362000
0#
#62372000
1#
#62382000
0#
b01101110 %
1'
#62392000
1#
b00000000000000000000011011001000 .
#62402000
0#
b00111000 %
#62412000
1#
b00000000000000000000011100000000 .
#62422000
0#
b01010011 %
#62432000
1#
b00000000000000000000011101010011 .
#62442000
0#
b01011000 %
0,
#62452000
1#
b00000000000000000000011110101011 .
#62462000
0#
b01001010 %
#62472000
1#
b00000000000000000000011111110101 .
#62482000
0#
b00111101 %
#62492000
1#
b00000000000000000000100000110010 .
#62502000
0#
b00111011 %
#62512000
1#
b00000000000000000000100001101101 .
#62522000
0#
b01101101 %
#62532000
1#
b00000000000000000000100011011010 .
#62542000
0#
b01010100 %
#62552000
1#
b00000000000000000000100100101110 .
#62562000
0#
b01001011 %
1,
#62572000
1#
b00000000000000000000100101111001 .
#62582000
0#
b00110110 %
#62592000
1#
b00000000000000000000100110101111 .
#62602000
0#
b00111000 %
#62612000
1#
b00000000000000000000100111100111 .
#62622000
0#
b01100001 %
#62632000
1#
b00000000000000000000101001001000 .
#62642000
0#
b01011000 %
#62652000
1#
b00000000000000000000101010100000 .
#62662000
0#
b01001000 %
#62672000
1#
b00000000000000000000101011101000 .
#62682000
0#
b01100010 %
#62692000
1#
b00000000000000000000101101001010 .
#62702000
0#
b01011000 %
#62712000
1#
b00000000000000000000101110100010 .
#62722000
0#
b01111010 %
#62732000
1#
b00000000000000000000110000011100 .
#62742000
0#
b01011100 %
#62752000
1#
b00000000000000000000110001111000 .
#62762000
0#
b01000111 %
#62772000
1#
b00000000000000000000110010111111 .
#62782000
0#
b01000010 %
#62792000
1#
b00000000000000000000110100000001 .
#62802000
0#
b01010100 %
#62812000
1#
b00000000000000000000110101010101 .
#62822000
0#
b01010001 %
#62832000
1#
b00000000000000000000110110100110 .
#62842000
0#
b00111101 %
#62852000
1#
b00000000000000000000110111100011 .
#62862000
0#
b01110111 %
#62872000
1#
b00000000000000000000111001011010 .
#62882000
0#
b01101111 %
#62892000
1#
b00000000000000000000111011001001 .
#62902000
0#
0'
#62912000
1#
#62922000
0#
b01010111 %
1'
#62932000
1#
b00000000000000000000111100100000 .
#62942000
0#
b01000000 %
#62952000
1#
b00000000000000000000111101100000 .
#62962000
0#
b01001101 %
#62972000
1#
b00000000000000000000111110101101 .
#62982000
0#
b00111011 %
#62992000
1#
b00000000000000000000111111101000 .
#63002000
0#
b01101000 %
#63012000
1#
b00000000000000000001000001010000 .
#63022000
0#
b01001001 %
#63032000
1#
b00000000000000000001000010011001 .
#63042000
0#
b01101101 %
#63052000
1#
b00000000000000000001000100000110 .
#63062000
0#
b01100101 %
#63072000
1#
b00000000000000000001000101101011 .
#63082000
0#
b01001100 %
#63092000
1#
b00000000000000000001000110110111 .
#63102000
0#
b01011000 %
#63112000
1#
b00000000000000000001001000001111 .
#63122000
0#
b01001100 %
#63132000
1#
b00000000000000000001001001011011 .
#63142000
0#
b00111111 %
#63152000
1#
b00000000000000000001001010011010 .
#63162000
0#
b01010110 %
#63172000
1#
b00000000000000000001001011110000 .
#63182000
0#
b01001010 %
#63192000
1#
b00000000000000000001001100111010 .
#63202000
0#
b01010111 %
1&
#63212000
1#
0(
b100 -
b00000000000000000001001110010001 .
#63222000
0#
b01000010 %
0&
0,
#63232000
1#
1+
#63242000
0#
0'
#63252000
1#
#63262000
0#
#63272000
1#
#63282000
0#
#63292000
1#
#63302000
0#
#63312000
1#
#63322000
0#
#63332000
1#
#63342000
0#
#63352000
1#
#63362000
0#
#63372000
1#
#63382000
0#
#63392000
1#
#63402000
0#
1,
#63412000
1#
b011 -
#63422000
0#
0,
#63432000
1#
#63442000
0#
#63452000
1#
#63462000
0#
1,
#63472000
1#
b010 -
#63482000
0#
#63492000
1#
b00010011 )
b001 -
#63502000
0#
#63512000
1#
b10010001 )
1*
b000 -
#63522000
0#
#63532000
1#
1(
b00000000 )
0*
0+
b111 -
b00000000000000000000000000000000 .
#63542000
0#
#63552000
1#
#63562000
0#
b01000100 %
1'
#63572000
1#
b00000000000000000000000001000100 .
#63582000
0#
b01011101 %
#63592000
1#
b00000000000000000000000010100001 .
#63602000
0#
b01001000 %
#63612000
1#
b00000000000000000000000011101001 .
#63622000
0#
b01110110 %
#63632000
1#
b00000000000000000000000101011111 .
#63642000
0#
b01100000 %
#63652000
1#
b00000000000000000000000110111111 .
#63662000
0#
b00110110 %
#63672000
1#
b00000000000000000000000111110101 .
#63682000
0#
b01011100 %
#63692000
1#
b00000000000000000000001001010001 .
#63702000
0#
b01010111 %
#63712000
1#
b00000000000000000000001010101000 .
#63722000
0#
b01010011 %
#63732000
1#
b00000000000000000000001011111011 .
#63742000
0#
b00111110 %
#63752000
1#
b00000000000000000000001100111001 .
#63762000
0#
b01010111 %
#63772000
1#
b00000000000000000000001110010000 .
#63782000
0#
b01110101 %
#63792000
1#
b00000000000000000000010000000101 .
#63802000
0#
b01011011 %
#63812000
1#
b00000000000000000000010001100000 .
#63822000
0#
b00110011 %
#63832000
1#
b00000000000000000000010010010011 .
#63842000
0#
b01110100 %
#63852000
1#
b00000000000000000000010100000111 .
#63862000
0#
b01110010 %
#63872000
1#
b00000000000000000000010101111001 .
#63882000
0#
b01101100 %
#63892000
1#
b00000000000000000000010111100101 .
#63902000
0#
b01011110 %
#63912000
1#
b00000000000000000000011001000011 .
#63922000
0#
b00111100 %
#63932000
1#
b00000000000000000000011001111111 .
#63942000
0#
b00111111 %
#63952000
1#
b00000000000000000000011010111110 .
#63962000
0#
b00110001 %
#63972000
1#
b00000000000000000000011011101111 .
#63982000
0#
b01001001 %
#63992000
1#
b00000000000000000000011100111000 .
#64002000
0#
b01110000 %
#64012000
1#
b00000000000000000000011110101000 .
#64022000
0#
b00110111 %
#64032000
1#
b00000000000000000000011111011111 .
#64042000
0#
b01001000 %
#64052000
1#
b00000000000000000000100000100111 .
#64062000
0#
b01010110 %
#64072000
1#
b00000000000000000000100001111101 .
#64082000
0#
b01001001 %
0,
#64092000
1#
b00000000000000000000100011000110 .
#64102000
0#
b00110101 %
#64112000
1#
b00000000000000000000100011111011 .
#64122000
0#
b01110101 %
#64132000
1#
b00000000000000000000100101110000 .
#64142000
0#
b01101000 %
#64152000
1#
b00000000000000000000100111011000 .
#64162000
0#
b01010001 %
#64172000
1#
b00000000000000000000101000101001 .
#64182000
0#
b01001100 %
#64192000
1#
b00000000000000000000101001110101 .
#64202000
0#
b01000111 %
1,
#64212000
1#
b00000000000000000000101010111100 .
#64222000
0#
b00111011 %
#64232000
1#
b00000000000000000000101011110111 .
#64242000
0#
b01010000 %
#64252000
1#
b00000000000000000000101101000111 .
#64262000
0#
b00111011 %
#64272000
1#
b00000000000000000000101110000010 .
#64282000
0#
b01000100 %
#64292000
1#
b00000000000000000000101111000110 .
#64302000
0#
b01110000 %
#64312000
1#
b00000000000000000000110000110110 .
#64322000
0#
b01011000 %
#64332000
1#
b00000000000000000000110010001110 .
#64342000
0#
b01001010 %
#64352000
1#
b00000000000000000000110011011000 .
#64362000
0#
b01011111 %
#64372000
1#
b00000000000000000000110100110111 .
#64382000
0#
b01000100 %
1&
#64392000
1#
0(
b100 -
b00000000000000000000110101111011 .
#64402000
0#
b01110001 %
0&
#64412000
1#
1+
b011 -
#64422000
0#
0'
#64432000
1#
b010 -
#64442000
0#
#64452000
1#
b00001101 )
b001 -
#64462000
0#
#64472000
1#
b01111011 )
1*
b000 -
#64482000
0#
#64492000
1#
1(
b00000000 )
0*
0+
b111 -
b00000000000000000000000000000000 .
#64502000
0#
#64512000
1#
#64522000
0#
b00110101 %
1'
#64532000
1#
b00000000000000000000000000110101 .
#64542000
0#
b01101111 %
#64552000
1#
b00000000000000000000000010100100 .
#64562000
0#
b01001011 %
#64572000
1#
b00000000000000000000000011101111 .
#64582000
0#
b01011101 %
#64592000
1#
b00000000000000000000000101001100 .
#64602000
0#
b01011111 %
#64612000
1#
b00000000000000000000000110101011 .
#64622000
0#
b01010100 %
#64632000
1#
b00000000000000000000000111111111 .
#64642000
0#
b00110100 %
#64652000
1#
b00000000000000000000001000110011 .
#64662000
0#
b01010110 %
#64672000
1#
b00000000000000000000001010001001 .
#64682000
0#
b01001111 %
#64692000
1#
b00000000000000000000001011011000 .
#64702000
0#
b01010010 %
#64712000
1#
b00000000000000000000001100101010 .
#64722000
0#
b01000100 %
0,
#64732000
1#
b00000000000000000000001101101110 .
#64742000
0#
b01110110 %
#64752000
1#
b00000000000000000000001111100100 .
#64762000
0#
b01100010 %
#64772000
1#
b00000000000000000000010001000110 .
#64782000
0#
b00110111 %
1,
#64792000
1#
b00000000000000000000010001111101 .
#64802000
0#
b01110100 %
#64812000
1#
b00000000000000000000010011110001 .
#64822000
0#
b01011011 %
#64832000
1#
b00000000000000000000010101001100 .
#64842000
0#
b01011001 %
#64852000
1#
b00000000000000000000010110100101 .
#64862000
0#
b01011100 %
#64872000
1#
b00000000000000000000011000000001 .
#64882000
0#
b01001000 %
#64892000
1#
b00000000000000000000011001001001 .
#64902000
0#
b01001110 %
#64912000
1#
b00000000000000000000011010010111 .
#64922000
0#
b01101000 %
#64932000
1#
b00000000000000000000011011111111 .
#64942000
0#
b01011010 %
#64952000
1#
b00000000000000000000011101011001 .
#64962000
0#
b01011001 %
#64972000
1#
b00000000000000000000011110110010 .
#64982000
0#
b01100101 %
#64992000
1#
b00000000000000000000100000010111 .
#65002000
0#
b01100100 %
#65012000
1#
b00000000000000000000100001111011 .
#65022000
0#
b01000110 %
#65032000
1#
b00000000000000000000100011000001 .
#65042000
0#
b01010100 %
#65052000
1#
b00000000000000000000100100010101 .
#65062000
0#
b01100110 %
#65072000
1#
b00000000000000000000100101111011 .
#65082000
0#
b01100001 %
#65092000
1#
b00000000000000000000100111011100 .
#65102000
0#
b00110010 %
#65112000
1#
b00000000000000000000101000001110 .
#65122000
0#
b00111111 %
#65132000
1#
b00000000000000000000101001001101 .
#65142000
0#
b01110010 %
#65152000
1#
b00000000000000000000101010111111 .
#65162000
0#
b01110101 %
#65172000
1#
b00000000000000000000101100110100 .
#65182000
0#
b01000000 %
#65192000
1#
b00000000000000000000101101110100 .
#65202000
0#
b01110100 %
#65212000
1#
b00000000000000000000101111101000 .
#65222000
0#
b01000001 %
#65232000
1#
b00000000000000000000110000101001 .
#65242000
0#
b00110100 %
0,
#65252000
1#
b00000000000000000000110001011101 .
#65262000
0#
b01100001 %
#65272000
1#
b00000000000000000000110010111110 .
#65282000
0#
b01000010 %
#65292000
1#
b00000000000000000000110100000000 .
#65302000
0#
#65312000
1#
b00000000000000000000110101000010 .
#65322000
0#
0'
#65332000
1#
#65342000
0#
b01100000 %
1'
#65352000
1#
b00000000000000000000110110100010 .
#65362000
0#
b01111010 %
1,
#65372000
1#
b00000000000000000000111000011100 .
#65382000
0#
b00110101 %
#65392000
1#
b00000000000000000000111001010001 .
#65402000
0#
b00110001 %
#65412000
1#
b00000000000000000000111010000010 .
#65422000
0#
b01010110 %
#65432000
1#
b00000000000000000000111011011000 .
#65442000
0#
b01111010 %
#65452000
1#
b00000000000000000000111101010010 .
#65462000
0#
b01100100 %
#65472000
1#
b00000000000000000000111110110110 .
#65482000
0#
b01010100 %
#65492000
1#
b00000000000000000001000000001010 .
#65502000
0#
b01110010 %
0,
#65512000
1#
b00000000000000000001000001111100 .
#65522000
0#
b01100101 %
#65532000
1#
b00000000000000000001000011100001 .
#65542000
0#
b01001010 %
#65552000
1#
b00000000000000000001000100101011 .
#65562000
0#
b01111000 %
#65572000
1#
b00000000000000000001000110100011 .
#65582000
0#
b01111001 %
#65592000
1#
b00000000000000000001001000011100 .
#65602000
0#
b00110111 %
#65612000
1#
b00000000000000000001001001010011 .
#65622000
0#
b00111111 %
#65632000
1#
b00000000000000000001001010010010 .
#65642000
0#
b00111110 %
#65652000
1#
b00000000000000000001001011010000 .
#65662000
0#
b00110000 %
1&
1,
#65672000
1#
0(
b100 -
b00000000000000000001001100000000 .
#65682000
0#
b01011000 %
0&
#65692000
1#
1+
b011 -
#65702000
0#
0'
#65712000
1#
b010 -
#65722000
0#
#65732000
1#
b00010011 )
b001 -
#65742000
0#
#65752000
1#
b00000000 )
1*
b000 -
#65762000
0#
0,
#65772000
1#
1(
0*
0+
b00000000000000000000000000000000 .
#65782000
0#
#65792000
1#
#65802000
0#
b01100101 %
1'
1,
#65812000
1#
b00000000000000000000000001100101 .
#65822000
0#
b01011101 %
0,
#65832000
1#
b00000000000000000000000011000010 .
#65842000
0#
b01100001 %
#65852000
1#
b00000000000000000000000100100011 .
#65862000
0#
b00111100 %
#65872000
1#
b00000000000000000000000101011111 .
#65882000
0#
b01100001 %
#65892000
1#
b00000000000000000000000111000000 .
#65902000
0#
b01000001 %
#65912000
1#
b00000000000000000000001000000001 .
#65922000
0#
b01101101 %
#65932000
1#
b00000000000000000000001001101110 .
#65942000
0#
b00111111 %
#65952000
1#
b00000000000000000000001010101101 .
#65962000
0#
b01110011 %
#65972000
1#
b00000000000000000000001100100000 .
#65982000
0#
b00111010 %
1,
#65992000
1#
b00000000000000000000001101011010 .
#66002000
0#
b01101110 %
#66012000
1#
b00000000000000000000001111001000 .
#66022000
0#
b00111100 %
#66032000
1#
b00000000000000000000010000000100 .
#66042000
0#
b01110101 %
#66052000
1#
b00000000000000000000010001111001 .
#66062000
0#
b01101010 %
#66072000
1#
b00000000000000000000010011100011 .
#66082000
0#
b01001001 %
#66092000
1#
b00000000000000000000010100101100 .
#66102000
0#
b01000100 %
#66112000
1#
b00000000000000000000010101110000 .
#66122000
0#
b01110100 %
#66132000
1#
b00000000000000000000010111100100 .
#66142000
0#
b00110011 %
#66152000
1#
b00000000000000000000011000010111 .
#66162000
0#
b01101111 %
#66172000
1#
b00000000000000000000011010000110 .
#66182000
0#
b01011111 %
#66192000
1#
b00000000000000000000011011100101 .
#66202000
0#
b01100000 %
#66212000
1#
b00000000000000000000011101000101 .
#66222000
0#
b01110100 %
#66232000
1#
b00000000000000000000011110111001 .
#66242000
0#
b01000111 %
#66252000
1#
b00000000000000000000100000000000 .
#66262000
0#
b01010000 %
#66272000
1#
b00000000000000000000100001010000 .
#66282000
0#
b01101000 %
#66292000
1#
b00000000000000000000100010111000 .
#66302000
0#
b01110010 %
#66312000
1#
b00000000000000000000100100101010 .
#66322000
0#
b01000100 %
0,
#66332000
1#
b00000000000000000000100101101110 .
#66342000
0#
b01000001 %
#66352000
1#
b00000000000000000000100110101111 .
#66362000
0#
b01101001 %
#66372000
1#
b00000000000000000000101000011000 .
#66382000
0#
b01100100 %
1,
#66392000
1#
b00000000000000000000101001111100 .
#66402000
0#
0'
#66412000
1#
b00000000000000000000000000000000 .
#66422000
0#
#66432000
1#
#66442000
0#
#66452000
1#
#66462000
0#
#66472000
1#
#66482000
0#
b01000001 %
1'
#66492000
1#
b00000000000000000000000001000001 .
#66502000
0#
b01100011 %
#66512000
1#
b00000000000000000000000010100100 .
#66522000
0#
b01100010 %
#66532000
1#
b00000000000000000000000100000110 .
#66542000
0#
b00110000 %
#66552000
1#
b00000000000000000000000100110110 .
#66562000
0#
b01101111 %
#66572000
1#
b00000000000000000000000110100101 .
#66582000
0#
b01010111 %
#66592000
1#
b00000000000000000000000111111100 .
#66602000
0#
b01011010 %
#66612000
1#
b00000000000000000000001001010110 .
#66622000
0#
b01100111 %
#66632000
1#
b00000000000000000000001010111101 .
#66642000
0#
b01011110 %
#66652000
1#
b00000000000000000000001100011011 .
#66662000
0#
b01001100 %
0,
#66672000
1#
b00000000000000000000001101100111 .
#66682000
0#
b00111100 %
#66692000
1#
b00000000000000000000001110100011 .
#66702000
0#
b01001110 %
#66712000
1#
b00000000000000000000001111110001 .
#66722000
0#
b01100100 %
#66732000
1#
b00000000000000000000010001010101 .
#66742000
0#
b01000100 %
#66752000
1#
b00000000000000000000010010011001 .
#66762000
0#
b00111111 %
#66772000
1#
b00000000000000000000010011011000 .
#66782000
0#
b01010100 %
#66792000
1#
b00000000000000000000010100101100 .
#66802000
0#
b01000010 %
#66812000
1#
b00000000000000000000010101101110 .
#66822000
0#
b01100011 %
#66832000
1#
b00000000000000000000010111010001 .
#66842000
0#
b01110011 %
1,
#66852000
1#
b00000000000000000000011001000100 .
#66862000
0#
b01100000 %
#66872000
1#
b00000000000000000000011010100100 .
#66882000
0#
b01010100 %
1&
#66892000
1#
0(
b100 -
b00000000000000000000011011111000 .
#66902000
0#
b01100011 %
0&
#66912000
1#
1+
b011 -
#66922000
0#
0'
#66932000
1#
b010 -
#66942000
0#
0,
#66952000
1#
b00000110 )
#66962000
0#
#66972000
1#
#66982000
0#
#66992000
1#
#67002000
0#
#67012000
1#
#67022000
0#
#67032000
1#
#67042000
0#
#67052000
1#
#67062000
0#
#67072000
1#
#67082000
0#
#67092000
1#
#67102000
0#
1,
#67112000
1#
b001 -
#67122000
0#
#67132000
1#
b11111000 )
1*
b000 -
#67142000
0#
#67152000
1#
1(
b00000000 )
0*
0+
b111 -
b00000000000000000000000000000000 .
#67162000
0#
#67172000
1#
#67182000
0#
b00110000 %
1'
#67192000
1#
b00000000000000000000000000110000 .
#67202000
0#
b00110100 %
#67212000
1#
b00000000000000000000000001100100 .
#67222000
0#
b00111000 %
#67232000
1#
b00000000000000000000000010011100 .
#67242000
0#
b01001001 %
#67252000
1#
b00000000000000000000000011100101 .
#67262000
0#
b01000110 %
0,
#67272000
1#
b00000000000000000000000100101011 .
#67282000
0#
b01010000 %
#67292000
1#
b00000000000000000000000101111011 .
#67302000
0#
b01010011 %
#67312000
1#
b00000000000000000000000111001110 .
#67322000
0#
b00111000 %
#67332000
1#
b00000000000000000000001000000110 .
#67342000
0#
b00110111 %
#67352000
1#
b00000000000000000000001000111101 .
#67362000
0#
b01000010 %
#67372000
1#
b00000000000000000000001001111111 .
#67382000
0#
b01010111 %
#67392000
1#
b00000000000000000000001011010110 .
#67402000
0#
b01011110 %
#67412000
1#
b00000000000000000000001100110100 .
#67422000
0#
b01010110 %
#67432000
1#
b00000000000000000000001110001010 .
#67442000
0#
b01001101 %
#67452000
1#
b00000000000000000000001111010111 .
#67462000
0#
b01101001 %
#67472000
1#
b00000000000000000000010001000000 .
#67482000
0#
b01100001 %
#67492000
1#
b00000000000000000000010010100001 .
#67502000
0#
b01000111 %
#67512000
1#
b00000000000000000000010011101000 .
#67522000
0#
b01011000 %
#67532000
1#
b00000000000000000000010101000000 .
#67542000
0#
b01100000 %
#67552000
1#
b00000000000000000000010110100000 .
#67562000
0#
b00110011 %
#67572000
1#
b00000000000000000000010111010011 .
#67582000
0#
b01001000 %
1,
#67592000
1#
b00000000000000000000011000011011 .
#67602000
0#
b01011011 %
#67612000
1#
b00000000000000000000011001110110 .
#67622000
0#
b01111001 %
#67632000
1#
b00000000000000000000011011101111 .
#67642000
0#
b00110011 %
#67652000
1#
b00000000000000000000011100100010 .
#67662000
0#
b01100010 %
#67672000
1#
b00000000000000000000011110000100 .
#67682000
0#
b01000011 %
0,
#67692000
1#
b00000000000000000000011111000111 .
#67702000
0#
b01111010 %
#67712000
1#
b00000000000000000000100001000001 .
#67722000
0#
b01011000 %
1&
#67732000
1#
0(
b100 -
b00000000000000000000100010011001 .
#67742000
0#
b01101000 %
0&
#67752000
1#
1+
#67762000
0#
0'
#67772000
1#
#67782000
0#
1,
#67792000
1#
b011 -
#67802000
0#
0,
#67812000
1#
#67822000
0#
#67832000
1#
#67842000
0#
#67852000
1#
#67862000
0#
#67872000
1#
#67882000
0#
#67892000
1#
#67902000
0#
#67912000
1#
#67922000
0#
#67932000
1#
#67942000
0#
#67952000
1#
#67962000
0#
1,
#67972000
1#
b010 -
#67982000
0#
#67992000
1#
b00001000 )
b001 -
#68002000
0#
#68012000
1#
b10011001 )
1*
b000 -
#68022000
0#
#68032000
1#
1(
b00000000 )
0*
0+
b111 -
b00000000000000000000000000000000 .
#68042000
0#
#68052000
1#
#68062000
0#
b01000100 %
1'
#68072000
1#
b00000000000000000000000001000100 .
#68082000
0#
b01100100 %
#68092000
1#
b00000000000000000000000010101000 .
#68102000
0#
b01011000 %
#68112000
1#
b00000000000000000000000100000000 .
#68122000
0#
b00110010 %
#68132000
1#
b00000000000000000000000100110010 .
#68142000
0#
b01011010 %
#68152000
1#
b00000000000000000000000110001100 .
#68162000
0#
b01110101 %
#68172000
1#
b00000000000000000000001000000001 .
#68182000
0#
b01001111 %
#68192000
1#
b00000000000000000000001001010000 .
#68202000
0#
b01001010 %
#68212000
1#
b00000000000000000000001010011010 .
#68222000
0#
b01101100 %
#68232000
1#
b00000000000000000000001100000110 .
#68242000
0#
b01111000 %
#68252000
1#
b00000000000000000000001101111110 .
#68262000
0#
b00111011 %
#68272000
1#
b00000000000000000000001110111001 .
#68282000
0#
b00111110 %
#68292000
1#
b00000000000000000000001111110111 .
#68302000
0#
b01101111 %
#68312000
1#
b00000000000000000000010001100110 .
#68322000
0#
b00111111 %
0,
#68332000
1#
b00000000000000000000010010100101 .
#68342000
0#
b00111001 %
#68352000
1#
b00000000000000000000010011011110 .
#68362000
0#
b01001001 %
#68372000
1#
b00000000000000000000010100100111 .
#68382000
0#
b01110100 %
#68392000
1#
b00000000000000000000010110011011 .
#68402000
0#
b00110110 %
#68412000
1#
b00000000000000000000010111010001 .
#68422000
0#
b01111000 %
#68432000
1#
b00000000000000000000011001001001 .
#68442000
0#
b01011100 %
#68452000
1#
b00000000000000000000011010100101 .
#68462000
0#
b01000100 %
#68472000
1#
b00000000000000000000011011101001 .
#68482000
0#
b01010000 %
1,
#68492000
1#
b00000000000000000000011100111001 .
#68502000
0#
b01100101 %
#68512000
1#
b00000000000000000000011110011110 .
#68522000
0#
b01100111 %
#68532000
1#
b00000000000000000000100000000101 .
#68542000
0#
b00111000 %
#68552000
1#
b00000000000000000000100000111101 .
#68562000
0#
b00110000 %
#68572000
1#
b00000000000000000000100001101101 .
#68582000
0#
b01101000 %
#68592000
1#
b00000000000000000000100011010101 .
#68602000
0#
b00111000 %
#68612000
1#
b00000000000000000000100100001101 .
#68622000
0#
b01010011 %
#68632000
1#
b00000000000000000000100101100000 .
#68642000
0#
b01111000 %
#68652000
1#
b00000000000000000000100111011000 .
#68662000
0#
b01101111 %
#68672000
1#
b00000000000000000000101001000111 .
#68682000
0#
b01101110 %
#68692000
1#
b00000000000000000000101010110101 .
#68702000
0#
b01110111 %
#68712000
1#
b00000000000000000000101100101100 .
#68722000
0#
b01010100 %
1&
#68732000
1#
0(
b100 -
b00000000000000000000101110000000 .
#68742000
0#
b01101011 %
0&
#68752000
1#
1+
b011 -
#68762000
0#
0'
#68772000
1#
b010 -
#68782000
0#
#68792000
1#
b00001011 )
b001 -
#68802000
0#
#68812000
1#
b10000000 )
1*
b000 -
#68822000
0#
#68832000
1#
1(
b00000000 )
0*
0+
b111 -
b00000000000000000000000000000000 .
#68842000
0#
#68852000
1#
#68862000
0#
b01011000 %
1'
#68872000
1#
b00000000000000000000000001011000 .
#68882000
0#
b00111101 %
#68892000
1#
b00000000000000000000000010010101 .
#68902000
0#
b01100100 %
#68912000
1#
b00000000000000000000000011111001 .
#68922000
0#
b01001110 %
#68932000
1#
b00000000000000000000000101000111 .
#68942000
0#
b01000001 %
#68952000
1#
b00000000000000000000000110001000 .
#68962000
0#
b01001101 %
#68972000
1#
b00000000000000000000000111010101 .
#68982000
0#
b01110100 %
0,
#68992000
1#
b00000000000000000000001001001001 .
#69002000
0#
b01000011 %
#69012000
1#
b00000000000000000000001010001100 .
#69022000
0#
b01100010 %
#69032000
1#
b00000000000000000000001011101110 .
#69042000
0#
b01001001 %
#69052000
1#
b00000000000000000000001100110111 .
#69062000
0#
b01011011 %
#69072000
1#
b00000000000000000000001110010010 .
#69082000
0#
b01110000 %
#69092000
1#
b00000000000000000000010000000010 .
#69102000
0#
b01001000 %
#69112000
1#
b00000000000000000000010001001010 .
#69122000
0#
b01010110 %
#69132000
1#
b00000000000000000000010010100000 .
#69142000
0#
#69152000
1#
b00000000000000000000010011110110 .
#69162000
0#
b01000010 %
1,
#69172000
1#
b00000000000000000000010100111000 .
#69182000
0#
b01100100 %
#69192000
1#
b00000000000000000000010110011100 .
#69202000
0#
b01110000 %
#69212000
1#
b00000000000000000000011000001100 .
#69222000
0#
b00110100 %
#69232000
1#
b00000000000000000000011001000000 .
#69242000
0#
b01110100 %
#69252000
1#
b00000000000000000000011010110100 .
#69262000
0#
b01101111 %
#69272000
1#
b00000000000000000000011100100011 .
#69282000
0#
b00110011 %
#69292000
1#
b00000000000000000000011101010110 .
#69302000
0#
0'
#69312000
1#
#69322000
0#
#69332000
1#
#69342000
0#
#69352000
1#
#69362000
0#
b01001000 %
1'
#69372000
1#
b00000000000000000000011110011110 .
#69382000
0#
b01001101 %
0,
#69392000
1#
b00000000000000000000011111101011 .
#69402000
0#
b01011010 %
#69412000
1#
b00000000000000000000100001000101 .
#69422000
0#
b01010010 %
#69432000
1#
b00000000000000000000100010010111 .
#69442000
0#
b01000100 %
#69452000
1#
b00000000000000000000100011011011 .
#69462000
0#
b00110100 %
1,
#69472000
1#
b00000000000000000000100100001111 .
#69482000
0#
b01001110 %
#69492000
1#
b00000000000000000000100101011101 .
#69502000
0#
b01100110 %
#69512000
1#
b00000000000000000000100111000011 .
#69522000
0#
b01100010 %
#69532000
1#
b00000000000000000000101000100101 .
#69542000
0#
b00110001 %
#69552000
1#
b00000000000000000000101001010110 .
#69562000
0#
b01111010 %
#69572000
1#
b00000000000000000000101011010000 .
#69582000
0#
b01101110 %
#69592000
1#
b00000000000000000000101100111110 .
#69602000
0#
b01010111 %
#69612000
1#
b00000000000000000000101110010101 .
#69622000
0#
b01110011 %
#69632000
1#
b00000000000000000000110000001000 .
#69642000
0#
b01101001 %
#69652000
1#
b00000000000000000000110001110001 .
#69662000
0#
b01100001 %
#69672000
1#
b00000000000000000000110011010010 .
#69682000
0#
b01010110 %
#69692000
1#
b00000000000000000000110100101000 .
#69702000
0#
b01101100 %
#69712000
1#
b00000000000000000000110110010100 .
#69722000
0#
b01010101 %
0,
#69732000
1#
b00000000000000000000110111101001 .
#69742000
0#
b00110100 %
#69752000
1#
b00000000000000000000111000011101 .
#69762000
0#
b01001101 %
#69772000
1#
b00000000000000000000111001101010 .
#69782000
0#
b01000001 %
1,
#69792000
1#
b00000000000000000000111010101011 .
#69802000
0#
b00110000 %
#69812000
1#
b00000000000000000000111011011011 .
#69822000
0#
b01110011 %
#69832000
1#
b00000000000000000000111101001110 .
#69842000
0#
b01000001 %
#69852000
1#
b00000000000000000000111110001111 .
#69862000
0#
b00111011 %
#69872000
1#
b00000000000000000000111111001010 .
#69882000
0#
b01000000 %
#69892000
1#
b00000000000000000001000000001010 .
#69902000
0#
b00111010 %
#69912000
1#
b00000000000000000001000001000100 .
#69922000
0#
b01101011 %
#69932000
1#
b00000000000000000001000010101111 .
#69942000
0#
b01001100 %
#69952000
1#
b00000000000000000001000011111011 .
#69962000
0#
b00111011 %
#69972000
1#
b00000000000000000001000100110110 .
#69982000
0#
b00110101 %
#69992000
1#
b00000000000000000001000101101011 .
#70002000
0#
b01000110 %
#70012000
1#
b00000000000000000001000110110001 .
#70022000
0#
b01011001 %
#70032000
1#
b00000000000000000001001000001010 .
#70042000
0#
0'
#70052000
1#
#70062000
0#
#70072000
1#
#70082000
0#
#70092000
1#
#70102000
0#
#70112000
1#
#70122000
0#
#70132000
1#
#70142000
0#
#70152000
1#
#70162000
0#
b01111001 %
1'
#70172000
1#
b00000000000000000001001010000011 .
#70182000
0#
b01010010 %
#70192000
1#
b00000000000000000001001011010101 .
#70202000
0#
1&
#70212000
1#
0(
b100 -
b00000000000000000001001100100111 .
#70222000
0#
b01111000 %
0&
#70232000
1#
1+
b011 -
#70242000
0#
0'
#70252000
1#
b010 -
#70262000
0#
#70272000
1#
b00010011 )
b001 -
#70282000
0#
#70292000
1#
b00100111 )
1*
b000 -
#70302000
0#
#70312000
1#
1(
b00000000 )
0*
0+
b111 -
b00000000000000000000000000000000 .
#70322000
0#
#70332000
1#
#70342000
0#
b01110001 %
1'
0,
#70352000
1#
b00000000000000000000000001110001 .
#70362000
0#
b01110111 %
#70372000
1#
b00000000000000000000000011101000 .
#70382000
0#
b01010001 %
#70392000
1#
b00000000000000000000000100111001 .
#70402000
0#
b01110101 %
#70412000
1#
b00000000000000000000000110101110 .
#70422000
0#
b01000111 %
#70432000
1#
b00000000000000000000000111110101 .
#70442000
0#
b01010001 %
#70452000
1#
b00000000000000000000001001000110 .
#70462000
0#
#70472000
1#
b00000000000000000000001010010111 .
#70482000
0#
b01100101 %
#70492000
1#
b00000000000000000000001011111100 .
#70502000
0#
b01001000 %
#70512000
1#
b00000000000000000000001101000100 .
#70522000
0#
b01001011 %
1,
#70532000
1#
b00000000000000000000001110001111 .
#70542000
0#
b01100111 %
#70552000
1#
b00000000000000000000001111110110 .
#70562000
0#
b01000011 %
#70572000
1#
b00000000000000000000010000111001 .
#70582000
0#
b01110010 %
#70592000
1#
b00000000000000000000010010101011 .
#70602000
0#
b01010001 %
#70612000
1#
b00000000000000000000010011111100 .
#70622000
0#
b00111110 %
#70632000
1#
b00000000000000000000010100111010 .
#70642000
0#
b01100001 %
#70652000
1#
b00000000000000000000010110011011 .
#70662000
0#
b01110001 %
#70672000
1#
b00000000000000000000011000001100 .
#70682000
0#
#70692000
1#
b00000000000000000000011001111101 .
#70702000
0#
b01100000 %
#70712000
1#
b00000000000000000000011011011101 .
#70722000
0#
b01100111 %
#70732000
1#
b00000000000000000000011101000100 .
#70742000
0#
b01110000 %
0,
#70752000
1#
b00000000000000000000011110110100 .
#70762000
0#
b01000001 %
#70772000
1#
b00000000000000000000011111110101 .
#70782000
0#
b00111011 %
#70792000
1#
b00000000000000000000100000110000 .
#70802000
0#
b01100101 %
#70812000
1#
b00000000000000000000100010010101 .
#70822000
0#
b01010101 %
1,
#70832000
1#
b00000000000000000000100011101010 .
#70842000
0#
b01100000 %
#70852000
1#
b00000000000000000000100101001010 .
#70862000
0#
b01101101 %
#70872000
1#
b00000000000000000000100110110111 .
#70882000
0#
b01100111 %
#70892000
1#
b00000000000000000000101000011110 .
#70902000
0#
b01101011 %
#70912000
1#
b00000000000000000000101010001001 .
#70922000
0#
b01011101 %
0,
#70932000
1#
b00000000000000000000101011100110 .
#70942000
0#
b00110101 %
#70952000
1#
b00000000000000000000101100011011 .
#70962000
0#
b01010000 %
1,
#70972000
1#
b00000000000000000000101101101011 .
#70982000
0#
b01110101 %
#70992000
1#
b00000000000000000000101111100000 .
#71002000
0#
b01000011 %
#71012000
1#
b00000000000000000000110000100011 .
#71022000
0#
b01110110 %
#71032000
1#
b00000000000000000000110010011001 .
#71042000
0#
b01011001 %
#71052000
1#
b00000000000000000000110011110010 .
#71062000
0#
b01101011 %
#71072000
1#
b00000000000000000000110101011101 .
#71082000
0#
b01001101 %
0,
#71092000
1#
b00000000000000000000110110101010 .
#71102000
0#
b00110100 %
#71112000
1#
b00000000000000000000110111011110 .
#71122000
0#
b00110011 %
#71132000
1#
b00000000000000000000111000010001 .
#71142000
0#
b01110000 %
1&
#71152000
1#
0(
b100 -
b00000000000000000000111010000001 .
#71162000
0#
b01100111 %
0&
#71172000
1#
1+
#71182000
0#
0'
#71192000
1#
#71202000
0#
#71212000
1#
#71222000
0#
#71232000
1#
#71242000
0#
#71252000
1#
#71262000
0#
1,
#71272000
1#
b011 -
#71282000
0#
#71292000
1#
b010 -
#71302000
0#
#71312000
1#
b00001110 )
b001 -
#71322000
0#
#71332000
1#
b10000001 )
1*
b000 -
#71342000
0#
#71352000
1#
1(
b00000000 )
0*
0+
b111 -
b00000000000000000000000000000000 .
#71362000
0#
#71372000
1#
#71382000
0#
b01100010 %
1'
#71392000
1#
b00000000000000000000000001100010 .
#71402000
0#
b01000000 %
#71412000
1#
b00000000000000000000000010100010 .
#71422000
0#
b01101111 %
#71432000
1#
b00000000000000000000000100010001 .
#71442000
0#
b00111000 %
#71452000
1#
b00000000000000000000000101001001 .
#71462000
0#
b00110011 %
#71472000
1#
b00000000000000000000000101111100 .
#71482000
0#
b01110111 %
0,
#71492000
1#
b00000000000000000000000111110011 .
#71502000
0#
b01011100 %
#71512000
1#
b00000000000000000000001001001111 .
#71522000
0#
b01011111 %
#71532000
1#
b00000000000000000000001010101110 .
#71542000
0#
b01000100 %
#71552000
1#
b00000000000000000000001011110010 .
#71562000
0#
b01110111 %
1,
#71572000
1#
b00000000000000000000001101101001 .
#71582000
0#
b01000100 %
#71592000
1#
b00000000000000000000001110101101 .
#71602000
0#
b00110001 %
0,
#71612000
1#
b00000000000000000000001111011110 .
#71622000
0#
b01000100 %
#71632000
1#
b00000000000000000000010000100010 .
#71642000
0#
b00111010 %
#71652000
1#
b00000000000000000000010001011100 .
#71662000
0#
b00111001 %
#71672000
1#
b00000000000000000000010010010101 .
#71682000
0#
b00111110 %
#71692000
1#
b00000000000000000000010011010011 .
#71702000
0#
b01101000 %
#71712000
1#
b00000000000000000000010100111011 .
#71722000
0#
b01101101 %
#71732000
1#
b00000000000000000000010110101000 .
#71742000
0#
b01100100 %
1,
#71752000
1#
b00000000000000000000011000001100 .
#71762000
0#
b01011000 %
#71772000
1#
b00000000000000000000011001100100 .
#71782000
0#
b01110100 %
1&
#71792000
1#
0(
b100 -
b00000000000000000000011011011000 .
#71802000
0#
b00110101 %
0&
#71812000
1#
1+
b011 -
#71822000
0#
0'
#71832000
1#
b010 -
#71842000
0#
#71852000
1#
b00000110 )
b001 -
#71862000
0#
#71872000
1#
b11011000 )
1*
b000 -
#71882000
0#
#71892000
1#
1(
b00000000 )
0*
0+
b111 -
b00000000000000000000000000000000 .
#71902000
0#
#71912000
1#
#71922000
0#
b01111010 %
1'
0,
#71932000
1#
b00000000000000000000000001111010 .
#71942000
0#
b01100010 %
#71952000
1#
b00000000000000000000000011011100 .
#71962000
0#
b01011110 %
#71972000
1#
b00000000000000000000000100111010 .
#71982000
0#
b00111010 %
#71992000
1#
b00000000000000000000000101110100 .
#72002000
0#
b01010010 %
#72012000
1#
b00000000000000000000000111000110 .
#72022000
0#
b01001100 %
1,
#72032000
1#
b00000000000000000000001000010010 .
#72042000
0#
b01100010 %
#72052000
1#
b00000000000000000000001001110100 .
#72062000
0#
b01011001 %
#72072000
1#
b00000000000000000000001011001101 .
#72082000
0#
b01000110 %
#72092000
1#
b00000000000000000000001100010011 .
#72102000
0#
b01100000 %
#72112000
1#
b00000000000000000000001101110011 .
#72122000
0#
b01010001 %
#72132000
1#
b00000000000000000000001111000100 .
#72142000
0#
b01101011 %
#72152000
1#
b00000000000000000000010000101111 .
#72162000
0#
b01011110 %
#72172000
1#
b00000000000000000000010010001101 .
#72182000
0#
b01110000 %
#72192000
1#
b00000000000000000000010011111101 .
#72202000
0#
b00111001 %
#72212000
1#
b00000000000000000000010100110110 .
#72222000
0#
b00111110 %
#72232000
1#
b00000000000000000000010101110100 .
#72242000
0#
b01011100 %
#72252000
1#
b00000000000000000000010111010000 .
#72262000
0#
b01110011 %
#72272000
1#
b00000000000000000000011001000011 .
#72282000
0#
b01001111 %
#72292000
1#
b00000000000000000000011010010010 .
#72302000
0#
b00111101 %
#72312000
1#
b00000000000000000000011011001111 .
#72322000
0#
b01001010 %
#72332000
1#
b00000000000000000000011100011001 .
#72342000
0#
b01000010 %
#72352000
1#
b00000000000000000000011101011011 .
#72362000
0#
b01011101 %
#72372000
1#
b00000000000000000000011110111000 .
#72382000
0#
b01001001 %
#72392000
1#
b00000000000000000000100000000001 .
#72402000
0#
b01101101 %
#72412000
1#
b00000000000000000000100001101110 .
#72422000
0#
b01100111 %
#72432000
1#
b00000000000000000000100011010101 .
#72442000
0#
b01110110 %
#72452000
1#
b00000000000000000000100101001011 .
#72462000
0#
b01100100 %
#72472000
1#
b00000000000000000000100110101111 .
#72482000
0#
b01110010 %
#72492000
1#
b00000000000000000000101000100001 .
#72502000
0#
b00111111 %
#72512000
1#
b00000000000000000000101001100000 .
#72522000
0#
b00111010 %
#72532000
1#
b00000000000000000000101010011010 .
#72542000
0#
b01000111 %
#72552000
1#
b00000000000000000000101011100001 .
#72562000
0#
b01101001 %
#72572000
1#
b00000000000000000000101101001010 .
#72582000
0#
b01010011 %
#72592000
1#
b00000000000000000000101110011101 .
#72602000
0#
b01011101 %
#72612000
1#
b00000000000000000000101111111010 .
#72622000
0#
b01111001 %
#72632000
1#
b00000000000000000000110001110011 .
#72642000
0#
b01001101 %
#72652000
1#
b00000000000000000000110011000000 .
#72662000
0#
b01001011 %
#72672000
1#
b00000000000000000000110100001011 .
#72682000
0#
b01010100 %
#72692000
1#
b00000000000000000000110101011111 .
#72702000
0#
b00111011 %
#72712000
1#
b00000000000000000000110110011010 .
#72722000
0#
b01100111 %
#72732000
1#
b00000000000000000000111000000001 .
#72742000
0#
b01001001 %
#72752000
1#
b00000000000000000000111001001010 .
#72762000
0#
b01001011 %
#72772000
1#
b00000000000000000000111010010101 .
#72782000
0#
b01101110 %
#72792000
1#
b00000000000000000000111100000011 .
#72802000
0#
b01111000 %
#72812000
1#
b00000000000000000000111101111011 .
#72822000
0#
b01000111 %
0,
#72832000
1#
b00000000000000000000111111000010 .
#72842000
0#
b01000001 %
#72852000
1#
b00000000000000000001000000000011 .
#72862000
0#
b01011001 %
#72872000
1#
b00000000000000000001000001011100 .
#72882000
0#
b01001010 %
1&
#72892000
1#
0(
b100 -
b00000000000000000001000010100110 .
#72902000
0#
b01111000 %
0&
#72912000
1#
1+
#72922000
0#
0'
#72932000
1#
#72942000
0#
#72952000
1#
#72962000
0#
1,
#72972000
1#
b011 -
#72982000
0#
#72992000
1#
b010 -
#73002000
0#
#73012000
1#
b00010000 )
b001 -
#73022000
0#
#73032000
1#
b10100110 )
1*
b000 -
#73042000
0#
#73052000
1#
1(
b00000000 )
0*
0+
b111 -
b00000000000000000000000000000000 .
#73062000
0#
#73072000
1#
#73082000
0#
b01011100 %
1'
#73092000
1#
b00000000000000000000000001011100 .
#73102000
0#
b01000001 %
#73112000
1#
b00000000000000000000000010011101 .
#73122000
0#
b01101100 %
#73132000
1#
b00000000000000000000000100001001 .
#73142000
0#
b01101110 %
#73152000
1#
b00000000000000000000000101110111 .
#73162000
0#
b01010001 %
#73172000
1#
b00000000000000000000000111001000 .
#73182000
0#
b01110000 %
#73192000
1#
b00000000000000000000001000111000 .
#73202000
0#
b01101001 %
#73212000
1#
b00000000000000000000001010100001 .
#73222000
0#
b00110011 %
#73232000
1#
b00000000000000000000001011010100 .
#73242000
0#
b01110011 %
#73252000
1#
b00000000000000000000001101000111 .
#73262000
0#
b01001110 %
0,
#73272000
1#
b00000000000000000000001110010101 .
#73282000
0#
b00110011 %
#73292000
1#
b00000000000000000000001111001000 .
#73302000
0#
b01101001 %
#73312000
1#
b00000000000000000000010000110001 .
#73322000
0#
b01100001 %
1,
#73332000
1#
b00000000000000000000010010010010 .
#73342000
0#
b00111001 %
#73352000
1#
b00000000000000000000010011001011 .
#73362000
0#
b00111011 %
#73372000
1#
b00000000000000000000010100000110 .
#73382000
0#
b01001110 %
#73392000
1#
b00000000000000000000010101010100 .
#73402000
0#
b00111010 %
#73412000
1#
b00000000000000000000010110001110 .
#73422000
0#
b01110011 %
#73432000
1#
b00000000000000000000011000000001 .
#73442000
0#
b01101011 %
0,
#73452000
1#
b00000000000000000000011001101100 .
#73462000
0#
b01000001 %
#73472000
1#
b00000000000000000000011010101101 .
#73482000
0#
b01100011 %
#73492000
1#
b00000000000000000000011100010000 .
#73502000
0#
b01000000 %
#73512000
1#
b00000000000000000000011101010000 .
#73522000
0#
b00111001 %
1,
#73532000
1#
b00000000000000000000011110001001 .
#73542000
0#
b01000001 %
#73552000
1#
b00000000000000000000011111001010 .
#73562000
0#
b01001000 %
#73572000
1#
b00000000000000000000100000010010 .
#73582000
0#
b01101110 %
#73592000
1#
b00000000000000000000100010000000 .
#73602000
0#
b01001101 %
#73612000
1#
b00000000000000000000100011001101 .
#73622000
0#
b00111110 %
#73632000
1#
b00000000000000000000100100001011 .
#73642000
0#
b01110111 %
#73652000
1#
b00000000000000000000100110000010 .
#73662000
0#
b01010101 %
#73672000
1#
b00000000000000000000100111010111 .
#73682000
0#
b01110010 %
#73692000
1#
b00000000000000000000101001001001 .
#73702000
0#
b00110100 %
#73712000
1#
b00000000000000000000101001111101 .
#73722000
0#
b00111101 %
#73732000
1#
b00000000000000000000101010111010 .
#73742000
0#
b01101000 %
#73752000
1#
b00000000000000000000101100100010 .
#73762000
0#
b00110001 %
#73772000
1#
b00000000000000000000101101010011 .
#73782000
0#
#73792000
1#
b00000000000000000000101110000100 .
#73802000
0#
b01110011 %
#73812000
1#
b00000000000000000000101111110111 .
#73822000
0#
b01100100 %
#73832000
1#
b00000000000000000000110001011011 .
#73842000
0#
b01000100 %
#73852000
1#
b00000000000000000000110010011111 .
#73862000
0#
b01011101 %
0,
#73872000
1#
b00000000000000000000110011111100 .
#73882000
0#
b00110101 %
#73892000
1#
b00000000000000000000110100110001 .
#73902000
0#
b01011011 %
#73912000
1#
b00000000000000000000110110001100 .
#73922000
0#
b01001110 %
1,
#73932000
1#
b00000000000000000000110111011010 .
#73942000
0#
b01010100 %
#73952000
1#
b00000000000000000000111000101110 .
#73962000
0#
b00111110 %
#73972000
1#
b00000000000000000000111001101100 .
#73982000
0#
b01100011 %
#73992000
1#
b00000000000000000000111011001111 .
#74002000
0#
b01110011 %
#74012000
1#
b00000000000000000000111101000010 .
#74022000
0#
b01111000 %
#74032000
1#
b00000000000000000000111110111010 .
#74042000
0#
b01000110 %
0,
#74052000
1#
b00000000000000000001000000000000 .
#74062000
0#
b01101110 %
#74072000
1#
b00000000000000000001000001101110 .
#74082000
0#
b01110100 %
#74092000
1#
b00000000000000000001000011100010 .
#74102000
0#
b01010111 %
#74112000
1#
b00000000000000000001000100111001 .
#74122000
0#
b00110001 %
#74132000
1#
b00000000000000000001000101101010 .
#74142000
0#
b01100010 %
#74152000
1#
b00000000000000000001000111001100 .
#74162000
0#
b01100101 %
#74172000
1#
b00000000000000000001001000110001 .
#74182000
0#
b00111000 %
#74192000
1#
b00000000000000000001001001101001 .
#74202000
0#
b01000111 %
#74212000
1#
b00000000000000000001001010110000 .
#74222000
0#
b01110100 %
1&
1,
#74232000
1#
0(
b100 -
b00000000000000000001001100100100 .
#74242000
0#
b01001101 %
0&
#74252000
1#
1+
b011 -
#74262000
0#
0'
#74272000
1#
b010 -
#74282000
0#
#74292000
1#
b00010011 )
b001 -
#74302000
0#
#74312000
1#
b00100100 )
1*
b000 -
#74322000
0#
#74332000
1#
1(
b00000000 )
0*
0+
b111 -
b00000000000000000000000000000000 .
#74342000
0#
0,
#74352000
1#
#74362000
0#
b01010000 %
1'
#74372000
1#
b00000000000000000000000001010000 .
#74382000
0#
b00111001 %
#74392000
1#
b00000000000000000000000010001001 .
#74402000
0#
b01001000 %
#74412000
1#
b00000000000000000000000011010001 .
#74422000
0#
b00111000 %
#74432000
1#
b00000000000000000000000100001001 .
#74442000
0#
b01110110 %
#74452000
1#
b00000000000000000000000101111111 .
#74462000
0#
b01110001 %
#74472000
1#
b00000000000000000000000111110000 .
#74482000
0#
b00111111 %
#74492000
1#
b00000000000000000000001000101111 .
#74502000
0#
b01111001 %
1,
#74512000
1#
b00000000000000000000001010101000 .
#74522000
0#
b01010111 %
#74532000
1#
b00000000000000000000001011111111 .
#74542000
0#
b01000000 %
#74552000
1#
b00000000000000000000001100111111 .
#74562000
0#
b01100001 %
0,
#74572000
1#
b00000000000000000000001110100000 .
#74582000
0#
b01110001 %
#74592000
1#
b00000000000000000000010000010001 .
#74602000
0#
b00111011 %
#74612000
1#
b00000000000000000000010001001100 .
#74622000
0#
b01011010 %
#74632000
1#
b00000000000000000000010010100110 .
#74642000
0#
b01100000 %
#74652000
1#
b00000000000000000000010100000110 .
#74662000
0#
b01110100 %
#74672000
1#
b00000000000000000000010101111010 .
#74682000
0#
b01001011 %
#74692000
1#
b00000000000000000000010111000101 .
#74702000
0#
b01100011 %
1,
#74712000
1#
b00000000000000000000011000101000 .
#74722000
0#
b01100001 %
#74732000
1#
b00000000000000000000011010001001 .
#74742000
0#
b01010100 %
#74752000
1#
b00000000000000000000011011011101 .
#74762000
0#
b01101001 %
#74772000
1#
b00000000000000000000011101000110 .
#74782000
0#
b01101110 %
#74792000
1#
b00000000000000000000011110110100 .
#74802000
0#
b00110011 %
#74812000
1#
b00000000000000000000011111100111 .
#74822000
0#
b01011100 %
#74832000
1#
b00000000000000000000100001000011 .
#74842000
0#
b01100001 %
1&
#74852000
1#
0(
b100 -
b00000000000000000000100010100100 .
#74862000
0#
b01101110 %
0&
#74872000
1#
1+
b011 -
#74882000
0#
0'
#74892000
1#
b010 -
#74902000
0#
#74912000
1#
b00001000 )
b001 -
#74922000
0#
#74932000
1#
b10100100 )
1*
b000 -
#74942000
0#
#74952000
1#
1(
b00000000 )
0*
0+
b111 -
b00000000000000000000000000000000 .
#74962000
0#
#74972000
1#
#74982000
0#
b01010000 %
1'
#74992000
1#
b00000000000000000000000001010000 .
#75002000
0#
b01001110 %
#75012000
1#
b00000000000000000000000010011110 .
#75022000
0#
b01001010 %
#75032000
1#
b00000000000000000000000011101000 .
#75042000
0#
b01010000 %
#75052000
1#
b00000000000000000000000100111000 .
#75062000
0#
b01111000 %
#75072000
1#
b00000000000000000000000110110000 .
#75082000
0#
b01001001 %
#75092000
1#
b00000000000000000000000111111001 .
#75102000
0#
b01101011 %
#75112000
1#
b00000000000000000000001001100100 .
#75122000
0#
b01011000 %
#75132000
1#
b00000000000000000000001010111100 .
#75142000
0#
b00110010 %
#75152000
1#
b00000000000000000000001011101110 .
#75162000
0#
b01011010 %
#75172000
1#
b00000000000000000000001101001000 .
#75182000
0#
b01010000 %
#75192000
1#
b00000000000000000000001110011000 .
#75202000
0#
b00110110 %
#75212000
1#
b00000000000000000000001111001110 .
#75222000
0#
b01100111 %
#75232000
1#
b00000000000000000000010000110101 .
#75242000
0#
b01010110 %
#75252000
1#
b00000000000000000000010010001011 .
#75262000
0#
b01110010 %
#75272000
1#
b00000000000000000000010011111101 .
#75282000
0#
b01100010 %
#75292000
1#
b00000000000000000000010101011111 .
#75302000
0#
b01010110 %
#75312000
1#
b00000000000000000000010110110101 .
#75322000
0#
b00110100 %
#75332000
1#
b00000000000000000000010111101001 .
#75342000
0#
b01000101 %
#75352000
1#
b00000000000000000000011000101110 .
#75362000
0#
b01011101 %
0,
#75372000
1#
b00000000000000000000011010001011 .
#75382000
0#
b01110111 %
1,
#75392000
1#
b00000000000000000000011100000010 .
#75402000
0#
b01000110 %
#75412000
1#
b00000000000000000000011101001000 .
#75422000
0#
b01110111 %
0,
#75432000
1#
b00000000000000000000011110111111 .
#75442000
0#
b01101101 %
1,
#75452000
1#
b00000000000000000000100000101100 .
#75462000
0#
b00110110 %
#75472000
1#
b00000000000000000000100001100010 .
#75482000
0#
b01001011 %
#75492000
1#
b00000000000000000000100010101101 .
#75502000
0#
b01100110 %
#75512000
1#
b00000000000000000000100100010011 .
#75522000
0#
b01101111 %
#75532000
1#
b00000000000000000000100110000010 .
#75542000
0#
b01101101 %
#75552000
1#
b00000000000000000000100111101111 .
#75562000
0#
b01111001 %
0,
#75572000
1#
b00000000000000000000101001101000 .
#75582000
0#
b01001111 %
#75592000
1#
b00000000000000000000101010110111 .
#75602000
0#
b00111010 %
1&
#75612000
1#
0(
b100 -
b00000000000000000000101011110001 .
#75622000
0#
b01001001 %
0&
#75632000
1#
1+
#75642000
0#
0'
#75652000
1#
#75662000
0#
#75672000
1#
#75682000
0#
1,
#75692000
1#
b011 -
#75702000
0#
#75712000
1#
b010 -
#75722000
0#
#75732000
1#
b00001010 )
b001 -
#75742000
0#
#75752000
1#
b11110001 )
1*
b000 -
#75762000
0#
#75772000
1#
1(
b00000000 )
0*
0+
b111 -
b00000000000000000000000000000000 .
#75782000
0#
#75792000
1#
#75802000
0#
1'
#75812000
1#
b00000000000000000000000001001001 .
#75822000
0#
b01010110 %
#75832000
1#
b00000000000000000000000010011111 .
#75842000
0#
b00110100 %
0,
#75852000
1#
b00000000000000000000000011010011 .
#75862000
0#
b00111011 %
#75872000
1#
b00000000000000000000000100001110 .
#75882000
0#
b01100010 %
#75892000
1#
b00000000000000000000000101110000 .
#75902000
0#
b01000011 %
#75912000
1#
b00000000000000000000000110110011 .
#75922000
0#
b01011110 %
#75932000
1#
b00000000000000000000001000010001 .
#75942000
0#
b00111101 %
#75952000
1#
b00000000000000000000001001001110 .
#75962000
0#
b01011011 %
#75972000
1#
b00000000000000000000001010101001 .
#75982000
0#
b01101100 %
#75992000
1#
b00000000000000000000001100010101 .
#76002000
0#
b00111111 %
#76012000
1#
b00000000000000000000001101010100 .
#76022000
0#
b01110010 %
1,
#76032000
1#
b00000000000000000000001111000110 .
#76042000
0#
b01100100 %
#76052000
1#
b00000000000000000000010000101010 .
#76062000
0#
b01010110 %
#76072000
1#
b00000000000000000000010010000000 .
#76082000
0#
b01010101 %
#76092000
1#
b00000000000000000000010011010101 .
#76102000
0#
b01110110 %
#76112000
1#
b00000000000000000000010101001011 .
#76122000
0#
b01110000 %
0,
#76132000
1#
b00000000000000000000010110111011 .
#76142000
0#
b01001110 %
#76152000
1#
b00000000000000000000011000001001 .
#76162000
0#
b01110111 %
#76172000
1#
b00000000000000000000011010000000 .
#76182000
0#
b01000010 %
#76192000
1#
b00000000000000000000011011000010 .
#76202000
0#
b01000000 %
#76212000
1#
b00000000000000000000011100000010 .
#76222000
0#
b01110001 %
#76232000
1#
b00000000000000000000011101110011 .
#76242000
0#
b01101001 %
#76252000
1#
b00000000000000000000011111011100 .
#76262000
0#
b00111110 %
#76272000
1#
b00000000000000000000100000011010 .
#76282000
0#
b01110001 %
#76292000
1#
b00000000000000000000100010001011 .
#76302000
0#
b00110001 %
1,
#76312000
1#
b00000000000000000000100010111100 .
#76322000
0#
b01101001 %
0,
#76332000
1#
b00000000000000000000100100100101 .
#76342000
0#
b01101101 %
#76352000
1#
b00000000000000000000100110010010 .
#76362000
0#
b01110100 %
#76372000
1#
b00000000000000000000101000000110 .
#76382000
0#
b01111010 %
#76392000
1#
b00000000000000000000101010000000 .
#76402000
0#
b00110010 %
1,
#76412000
1#
b00000000000000000000101010110010 .
#76422000
0#
b00111001 %
0,
#76432000
1#
b00000000000000000000101011101011 .
#76442000
0#
b01110000 %
1,
#76452000
1#
b00000000000000000000101101011011 .
#76462000
0#
b01111000 %
#76472000
1#
b00000000000000000000101111010011 .
#76482000
0#
b01101000 %
#76492000
1#
b00000000000000000000110000111011 .
#76502000
0#
b00111010 %
#76512000
1#
b00000000000000000000110001110101 .
#76522000
0#
b01010110 %
#76532000
1#
b00000000000000000000110011001011 .
#76542000
0#
b00111010 %
#76552000
1#
b00000000000000000000110100000101 .
#76562000
0#
b01101111 %
#76572000
1#
b00000000000000000000110101110100 .
#76582000
0#
b00110001 %
#76592000
1#
b00000000000000000000110110100101 .
#76602000
0#
b00111101 %
#76612000
1#
b00000000000000000000110111100010 .
#76622000
0#
b01110100 %
#76632000
1#
b00000000000000000000111001010110 .
#76642000
0#
b01010000 %
#76652000
1#
b00000000000000000000111010100110 .
#76662000
0#
b00110100 %
#76672000
1#
b00000000000000000000111011011010 .
#76682000
0#
b01001101 %
#76692000
1#
b00000000000000000000111100100111 .
#76702000
0#
b01101101 %
1&
#76712000
1#
0(
b100 -
b00000000000000000000111110010100 .
#76722000
0#
b01010011 %
0&
#76732000
1#
1+
b011 -
#76742000
0#
0'
#76752000
1#
b010 -
#76762000
0#
#76772000
1#
b00001111 )
b001 -
#76782000
0#
#76792000
1#
b10010100 )
1*
b000 -
#76802000
0#
#76812000
1#
1(
b00000000 )
0*
0+
b111 -
b00000000000000000000000000000000 .
#76822000
0#
#76832000
1#
#76842000
0#
b01101101 %
1'
#76852000
1#
b00000000000000000000000001101101 .
#76862000
0#
b01000110 %
0,
#76872000
1#
b00000000000000000000000010110011 .
#76882000
0#
b01011101 %
#76892000
1#
b00000000000000000000000100010000 .
#76902000
0#
b00111010 %
#76912000
1#
b00000000000000000000000101001010 .
#76922000
0#
b01001001 %
#76932000
1#
b00000000000000000000000110010011 .
#76942000
0#
b01000111 %
#76952000
1#
b00000000000000000000000111011010 .
#76962000
0#
b01110110 %
#76972000
1#
b00000000000000000000001001010000 .
#76982000
0#
b01101010 %
#76992000
1#
b00000000000000000000001010111010 .
#77002000
0#
b00110000 %
#77012000
1#
b00000000000000000000001011101010 .
#77022000
0#
b01101000 %
#77032000
1#
b00000000000000000000001101010010 .
#77042000
0#
1,
#77052000
1#
b00000000000000000000001110111010 .
#77062000
0#
b01010110 %
#77072000
1#
b00000000000000000000010000010000 .
#77082000
0#
b01001110 %
#77092000
1#
b00000000000000000000010001011110 .
#77102000
0#
b01100011 %
#77112000
1#
b00000000000000000000010011000001 .
#77122000
0#
b01110100 %
#77132000
1#
b00000000000000000000010100110101 .
#77142000
0#
b00111100 %
0,
#77152000
1#
b00000000000000000000010101110001 .
#77162000
0#
b01010000 %
#77172000
1#
b00000000000000000000010111000001 .
#77182000
0#
b01100111 %
#77192000
1#
b00000000000000000000011000101000 .
#77202000
0#
b01101110 %
#77212000
1#
b00000000000000000000011010010110 .
#77222000
0#
b00111010 %
#77232000
1#
b00000000000000000000011011010000 .
#77242000
0#
b01010100 %
#77252000
1#
b00000000000000000000011100100100 .
#77262000
0#
b01000000 %
#77272000
1#
b00000000000000000000011101100100 .
#77282000
0#
b01011011 %
#77292000
1#
b00000000000000000000011110111111 .
#77302000
0#
b00110101 %
1,
#77312000
1#
b00000000000000000000011111110100 .
#77322000
0#
b01011100 %
#77332000
1#
b00000000000000000000100001010000 .
#77342000
0#
b01011000 %
1&
#77352000
1#
0(
b100 -
b00000000000000000000100010101000 .
#77362000
0#
b01011100 %
0&
#77372000
1#
1+
b011 -
#77382000
0#
0'
#77392000
1#
b010 -
#77402000
0#
#77412000
1#
b00001000 )
b001 -
#77422000
0#
#77432000
1#
b10101000 )
1*
b000 -
#77442000
0#
#77452000
1#
1(
b00000000 )
0*
0+
b111 -
b00000000000000000000000000000000 .
#77462000
0#
#77472000
1#
#77482000
0#
b01011011 %
1'
#77492000
1#
b00000000000000000000000001011011 .
#77502000
0#
b01111001 %
#77512000
1#
b00000000000000000000000011010100 .
#77522000
0#
b01010101 %
#77532000
1#
b00000000000000000000000100101001 .
#77542000
0#
b01010011 %
0,
#77552000
1#
b00000000000000000000000101111100 .
#77562000
0#
b01110011 %
#77572000
1#
b00000000000000000000000111101111 .
#77582000
0#
b00110110 %
#77592000
1#
b00000000000000000000001000100101 .
#77602000
0#
b01010000 %
#77612000
1#
b00000000000000000000001001110101 .
#77622000
0#
b00111010 %
#77632000
1#
b00000000000000000000001010101111 .
#77642000
0#
b00110000 %
#77652000
1#
b00000000000000000000001011011111 .
#77662000
0#
b00110110 %
#77672000
1#
b00000000000000000000001100010101 .
#77682000
0#
#77692000
1#
b00000000000000000000001101001011 .
#77702000
0#
b01001011 %
#77712000
1#
b00000000000000000000001110010110 .
#77722000
0#
b01101001 %
1,
#77732000
1#
b00000000000000000000001111111111 .
#77742000
0#
b01000000 %
#77752000
1#
b00000000000000000000010000111111 .
#77762000
0#
b01110110 %
#77772000
1#
b00000000000000000000010010110101 .
#77782000
0#
b01011000 %
#77792000
1#
b00000000000000000000010100001101 .
#77802000
0#
b00111011 %
#77812000
1#
b00000000000000000000010101001000 .
#77822000
0#
b01001101 %
#77832000
1#
b00000000000000000000010110010101 .
#77842000
0#
b01000011 %
#77852000
1#
b00000000000000000000010111011000 .
#77862000
0#
b01011010 %
#77872000
1#
b00000000000000000000011000110010 .
#77882000
0#
b01000000 %
#77892000
1#
b00000000000000000000011001110010 .
#77902000
0#
b01010010 %
#77912000
1#
b00000000000000000000011011000100 .
#77922000
0#
b01000110 %
#77932000
1#
b00000000000000000000011100001010 .
#77942000
0#
b01000111 %
#77952000
1#
b00000000000000000000011101010001 .
#77962000
0#
b01111000 %
1&
#77972000
1#
0(
b100 -
b00000000000000000000011111001001 .
#77982000
0#
b01100111 %
0&
#77992000
1#
1+
b011 -
#78002000
0#
0'
#78012000
1#
b010 -
#78022000
0#
#78032000
1#
b00000111 )
b001 -
#78042000
0#
#78052000
1#
b11001001 )
1*
b000 -
#78062000
0#
#78072000
1#
1(
b00000000 )
0*
0+
b111 -
b00000000000000000000000000000000 .
#78082000
0#
#78092000
1#
#78102000
0#
b00111000 %
1'
#78112000
1#
b00000000000000000000000000111000 .
#78122000
0#
b00111010 %
#78132000
1#
b00000000000000000000000001110010 .
#78142000
0#
b01011010 %
#78152000
1#
b00000000000000000000000011001100 .
#78162000
0#
b01100001 %
#78172000
1#
b00000000000000000000000100101101 .
#78182000
0#
b00110001 %
#78192000
1#
b00000000000000000000000101011110 .
#78202000
0#
b01100001 %
#78212000
1#
b00000000000000000000000110111111 .
#78222000
0#
b01101100 %
#78232000
1#
b00000000000000000000001000101011 .
#78242000
0#
b01110111 %
#78252000
1#
b00000000000000000000001010100010 .
#78262000
0#
b00110000 %
#78272000
1#
b00000000000000000000001011010010 .
#78282000
0#
b00110010 %
#78292000
1#
b00000000000000000000001100000100 .
#78302000
0#
b01010000 %
#78312000
1#
b00000000000000000000001101010100 .
#78322000
0#
b01101110 %
#78332000
1#
b00000000000000000000001111000010 .
#78342000
0#
b01110011 %
#78352000
1#
b00000000000000000000010000110101 .
#78362000
0#
b01100110 %
0,
#78372000
1#
b00000000000000000000010010011011 .
#78382000
0#
b01000010 %
#78392000
1#
b00000000000000000000010011011101 .
#78402000
0#
b01001101 %
1,
#78412000
1#
b00000000000000000000010100101010 .
#78422000
0#
b01100011 %
#78432000
1#
b00000000000000000000010110001101 .
#78442000
0#
b01011110 %
#78452000
1#
b00000000000000000000010111101011 .
#78462000
0#
b01100000 %
#78472000
1#
b00000000000000000000011001001011 .
#78482000
0#
b01101111 %
#78492000
1#
b00000000000000000000011010111010 .
#78502000
0#
b01001001 %
#78512000
1#
b00000000000000000000011100000011 .
#78522000
0#
b01110000 %
#78532000
1#
b00000000000000000000011101110011 .
#78542000
0#
b00110100 %
#78552000
1#
b00000000000000000000011110100111 .
#78562000
0#
b01001100 %
#78572000
1#
b00000000000000000000011111110011 .
#78582000
0#
b00111000 %
#78592000
1#
b00000000000000000000100000101011 .
#78602000
0#
b01011000 %
1&
#78612000
1#
0(
b100 -
b00000000000000000000100010000011 .
#78622000
0#
b01011110 %
0&
#78632000
1#
1+
b011 -
#78642000
0#
0'
#78652000
1#
b010 -
#78662000
0#
#78672000
1#
b00001000 )
b001 -
#78682000
0#
0,
#78692000
1#
b10000011 )
1*
#78702000
0#
1,
#78712000
1#
b000 -
#78722000
0#
#78732000
1#
1(
b00000000 )
0*
0+
b111 -
b00000000000000000000000000000000 .
#78742000
0#
#78752000
1#
#78762000
0#
b01100110 %
1'
#78772000
1#
b00000000000000000000000001100110 .
#78782000
0#
b01101100 %
#78792000
1#
b00000000000000000000000011010010 .
#78802000
0#
b01010110 %
#78812000
1#
b00000000000000000000000100101000 .
#78822000
0#
b01000110 %
#78832000
1#
b00000000000000000000000101101110 .
#78842000
0#
b00110011 %
#78852000
1#
b00000000000000000000000110100001 .
#78862000
0#
b00111100 %
#78872000
1#
b00000000000000000000000111011101 .
#78882000
0#
b01000111 %
#78892000
1#
b00000000000000000000001000100100 .
#78902000
0#
b00110011 %
0,
#78912000
1#
b00000000000000000000001001010111 .
#78922000
0#
b01100100 %
1,
#78932000
1#
b00000000000000000000001010111011 .
#78942000
0#
b01010000 %
#78952000
1#
b00000000000000000000001100001011 .
#78962000
0#
b00110010 %
0,
#78972000
1#
b00000000000000000000001100111101 .
#78982000
0#
b01010110 %
#78992000
1#
b00000000000000000000001110010011 .
#79002000
0#
b01110001 %
#79012000
1#
b00000000000000000000010000000100 .
#79022000
0#
b00110000 %
#79032000
1#
b00000000000000000000010000110100 .
#79042000
0#
b00111111 %
#79052000
1#
b00000000000000000000010001110011 .
#79062000
0#
b01010111 %
#79072000
1#
b00000000000000000000010011001010 .
#79082000
0#
b01100001 %
#79092000
1#
b00000000000000000000010100101011 .
#79102000
0#
b01100101 %
#79112000
1#
b00000000000000000000010110010000 .
#79122000
0#
b01101110 %
1,
#79132000
1#
b00000000000000000000010111111110 .
#79142000
0#
b00110101 %
#79152000
1#
b00000000000000000000011000110011 .
#79162000
0#
b01001110 %
#79172000
1#
b00000000000000000000011010000001 .
#79182000
0#
b01101111 %
#79192000
1#
b00000000000000000000011011110000 .
#79202000
0#
b01001010 %
#79212000
1#
b00000000000000000000011100111010 .
#79222000
0#
b01101011 %
#79232000
1#
b00000000000000000000011110100101 .
#79242000
0#
b01100011 %
#79252000
1#
b00000000000000000000100000001000 .
#79262000
0#
b01011001 %
#79272000
1#
b00000000000000000000100001100001 .
#79282000
0#
b00111111 %
#79292000
1#
b00000000000000000000100010100000 .
#79302000
0#
b01100101 %
#79312000
1#
b00000000000000000000100100000101 .
#79322000
0#
b00111111 %
#79332000
1#
b00000000000000000000100101000100 .
#79342000
0#
b00110010 %
#79352000
1#
b00000000000000000000100101110110 .
#79362000
0#
b01001101 %
0,
#79372000
1#
b00000000000000000000100111000011 .
#79382000
0#
b01010110 %
#79392000
1#
b00000000000000000000101000011001 .
#79402000
0#
b01011011 %
#79412000
1#
b00000000000000000000101001110100 .
#79422000
0#
b01010101 %
1,
#79432000
1#
b00000000000000000000101011001001 .
#79442000
0#
b00110000 %
0,
#79452000
1#
b00000000000000000000101011111001 .
#79462000
0#
b01100100 %
#79472000
1#
b00000000000000000000101101011101 .
#79482000
0#
b01100010 %
#79492000
1#
b00000000000000000000101110111111 .
#79502000
0#
b00111100 %
#79512000
1#
b00000000000000000000101111111011 .
#79522000
0#
b01111000 %
#79532000
1#
b00000000000000000000110001110011 .
#79542000
0#
b00111001 %
#79552000
1#
b00000000000000000000110010101100 .
#79562000
0#
b01000110 %
#79572000
1#
b00000000000000000000110011110010 .
#79582000
0#
b01101111 %
#79592000
1#
b00000000000000000000110101100001 .
#79602000
0#
b00111101 %
#79612000
1#
b00000000000000000000110110011110 .
#79622000
0#
b01110101 %
1,
#79632000
1#
b00000000000000000000111000010011 .
#79642000
0#
b01110000 %
#79652000
1#
b00000000000000000000111010000011 .
#79662000
0#
b01000100 %
#79672000
1#
b00000000000000000000111011000111 .
#79682000
0#
b01110110 %
#79692000
1#
b00000000000000000000111100111101 .
#79702000
0#
b00110110 %
#79712000
1#
b00000000000000000000111101110011 .
#79722000
0#
0,
#79732000
1#
b00000000000000000000111110101001 .
#79742000
0#
b01011110 %
#79752000
1#
b00000000000000000001000000000111 .
#79762000
0#
b01100001 %
#79772000
1#
b00000000000000000001000001101000 .
#79782000
0#
b01110100 %
#79792000
1#
b00000000000000000001000011011100 .
#79802000
0#
b01000010 %
#79812000
1#
b00000000000000000001000100011110 .
#79822000
0#
b01011101 %
1,
#79832000
1#
b00000000000000000001000101111011 .
#79842000
0#
b01101001 %
#79852000
1#
b00000000000000000001000111100100 .
#79862000
0#
b00110010 %
0,
#79872000
1#
b00000000000000000001001000010110 .
#79882000
0#
b01101011 %
1&
#79892000
1#
0(
b100 -
b00000000000000000001001010000001 .
#79902000
0#
b01011001 %
0&
#79912000
1#
1+
#79922000
0#
0'
#79932000
1#
#79942000
0#
#79952000
1#
#79962000
0#
#79972000
1#
#79982000
0#
#79992000
1#
#80002000
0#
#80012000
1#
#80022000
0#
1,
#80032000
1#
b011 -
#80042000
0#
#80052000
1#
b010 -
#80062000
0#
#80072000
1#
b00010010 )
b001 -
#80082000
0#
#80092000
1#
b10000001 )
1*
b000 -
#80102000
0#
#80112000
1#
1(
b00000000 )
0*
0+
b111 -
b00000000000000000000000000000000 .
#80122000
0#
#80132000
1#
#80142000
0#
b01111001 %
1'
#80152000
1#
b00000000000000000000000001111001 .
#80162000
0#
b01010101 %
#80172000
1#
b00000000000000000000000011001110 .
#80182000
0#
b01001000 %
#80192000
1#
b00000000000000000000000100010110 .
#80202000
0#
b01111000 %
#80212000
1#
b00000000000000000000000110001110 .
#80222000
0#
b01010011 %
#80232000
1#
b00000000000000000000000111100001 .
#80242000
0#
b01010010 %
#80252000
1#
b00000000000000000000001000110011 .
#80262000
0#
b00110111 %
#80272000
1#
b00000000000000000000001001101010 .
#80282000
0#
b01000000 %
#80292000
1#
b00000000000000000000001010101010 .
#80302000
0#
b01111010 %
#80312000
1#
b00000000000000000000001100100100 .
#80322000
0#
b01001101 %
#80332000
1#
b00000000000000000000001101110001 .
#80342000
0#
b01100100 %
#80352000
1#
b00000000000000000000001111010101 .
#80362000
0#
b01100111 %
#80372000
1#
b00000000000000000000010000111100 .
#80382000
0#
b01110000 %
#80392000
1#
b00000000000000000000010010101100 .
#80402000
0#
b01111010 %
#80412000
1#
b00000000000000000000010100100110 .
#80422000
0#
b01101100 %
#80432000
1#
b00000000000000000000010110010010 .
#80442000
0#
b01000011 %
#80452000
1#
b00000000000000000000010111010101 .
#80462000
0#
b01001010 %
#80472000
1#
b00000000000000000000011000011111 .
#80482000
0#
b01000101 %
#80492000
1#
b00000000000000000000011001100100 .
#80502000
0#
b00111110 %
#80512000
1#
b00000000000000000000011010100010 .
#80522000
0#
b01101001 %
#80532000
1#
b00000000000000000000011100001011 .
#80542000
0#
b01010000 %
#80552000
1#
b00000000000000000000011101011011 .
#80562000
0#
b01011010 %
#80572000
1#
b00000000000000000000011110110101 .
#80582000
0#
b00110110 %
#80592000
1#
b00000000000000000000011111101011 .
#80602000
0#
b01000000 %
0,
#80612000
1#
b00000000000000000000100000101011 .
#80622000
0#
b01000011 %
#80632000
1#
b00000000000000000000100001101110 .
#80642000
0#
b01001110 %
#80652000
1#
b00000000000000000000100010111100 .
#80662000
0#
b01001001 %
#80672000
1#
b00000000000000000000100100000101 .
#80682000
0#
b01010010 %
#80692000
1#
b00000000000000000000100101010111 .
#80702000
0#
b00110011 %
1,
#80712000
1#
b00000000000000000000100110001010 .
#80722000
0#
#80732000
1#
b00000000000000000000100110111101 .
#80742000
0#
b01100011 %
#80752000
1#
b00000000000000000000101000100000 .
#80762000
0#
b01010100 %
#80772000
1#
b00000000000000000000101001110100 .
#80782000
0#
b01110000 %
#80792000
1#
b00000000000000000000101011100100 .
#80802000
0#
b01100111 %
#80812000
1#
b00000000000000000000101101001011 .
#80822000
0#
b00110110 %
1&
#80832000
1#
0(
b100 -
b00000000000000000000101110000001 .
#80842000
0#
b01001101 %
0&
#80852000
1#
1+
b011 -
#80862000
0#
0'
#80872000
1#
b010 -
#80882000
0#
#80892000
1#
b00001011 )
b001 -
#80902000
0#
#80912000
1#
b10000001 )
1*
b000 -
#80922000
0#
#80932000
1#
1(
b00000000 )
0*
0+
b111 -
b00000000000000000000000000000000 .
#80942000
0#
#80952000
1#
#80962000
0#
b01100111 %
1'
#80972000
1#
b00000000000000000000000001100111 .
#80982000
0#
b00111001 %
#80992000
1#
b00000000000000000000000010100000 .
#81002000
0#
b01011010 %
#81012000
1#
b00000000000000000000000011111010 .
#81022000
0#
b01000110 %
#81032000
1#
b00000000000000000000000101000000 .
#81042000
0#
b00111000 %
#81052000
1#
b00000000000000000000000101111000 .
#81062000
0#
b01010100 %
#81072000
1#
b00000000000000000000000111001100 .
#81082000
0#
b00110010 %
#81092000
1#
b00000000000000000000000111111110 .
#81102000
0#
b00111011 %
#81112000
1#
b00000000000000000000001000111001 .
#81122000
0#
b01001100 %
#81132000
1#
b00000000000000000000001010000101 .
#81142000
0#
b00110010 %
#81152000
1#
b00000000000000000000001010110111 .
#81162000
0#
b01001011 %
#81172000
1#
b00000000000000000000001100000010 .
#81182000
0#
b01000011 %
#81192000
1#
b00000000000000000000001101000101 .
#81202000
0#
b01000010 %
#81212000
1#
b00000000000000000000001110000111 .
#81222000
0#
b01001010 %
#81232000
1#
b00000000000000000000001111010001 .
#81242000
0#
b01101011 %
#81252000
1#
b00000000000000000000010000111100 .
#81262000
0#
0'
#81272000
1#
#81282000
0#
#81292000
1#
#81302000
0#
#81312000
1#
#81322000
0#
#81332000
1#
#81342000
0#
#81352000
1#
#81362000
0#
#81372000
1#
#81382000
0#
#81392000
1#
#81402000
0#
b00110111 %
1'
#81412000
1#
b00000000000000000000010001110011 .
#81422000
0#
b01000010 %
#81432000
1#
b00000000000000000000010010110101 .
#81442000
0#
b01000001 %
#81452000
1#
b00000000000000000000010011110110 .
#81462000
0#
b01101100 %
#81472000
1#
b00000000000000000000010101100010 .
#81482000
0#
b01011010 %
#81492000
1#
b00000000000000000000010110111100 .
#81502000
0#
b01010100 %
#81512000
1#
b00000000000000000000011000010000 .
#81522000
0#
b01011111 %
0,
#81532000
1#
b00000000000000000000011001101111 .
#81542000
0#
b01011100 %
#81552000
1#
b00000000000000000000011011001011 .
#81562000
0#
b00110001 %
#81572000
1#
b00000000000000000000011011111100 .
#81582000
0#
b01001100 %
#81592000
1#
b00000000000000000000011101001000 .
#81602000
0#
b00111001 %
#81612000
1#
b00000000000000000000011110000001 .
#81622000
0#
b01110001 %
1,
#81632000
1#
b00000000000000000000011111110010 .
#81642000
0#
b01101101 %
#81652000
1#
b00000000000000000000100001011111 .
#81662000
0#
b01001101 %
#81672000
1#
b00000000000000000000100010101100 .
#81682000
0#
b01011011 %
#81692000
1#
b00000000000000000000100100000111 .
#81702000
0#
b00111110 %
#81712000
1#
b00000000000000000000100101000101 .
#81722000
0#
b00110101 %
#81732000
1#
b00000000000000000000100101111010 .
#81742000
0#
b01110001 %
#81752000
1#
b00000000000000000000100111101011 .
#81762000
0#
b01100010 %
0,
#81772000
1#
b00000000000000000000101001001101 .
#81782000
0#
b01110011 %
#81792000
1#
b00000000000000000000101011000000 .
#81802000
0#
b01001010 %
#81812000
1#
b00000000000000000000101100001010 .
#81822000
0#
b01110111 %
1&
#81832000
1#
0(
b100 -
b00000000000000000000101110000001 .
#81842000
0#
b01100100 %
0&
#81852000
1#
1+
#81862000
0#
0'
#81872000
1#
#81882000
0#
#81892000
1#
#81902000
0#
#81912000
1#
#81922000
0#
#81932000
1#
#81942000
0#
1,
#81952000
1#
b011 -
#81962000
0#
#81972000
1#
b010 -
#81982000
0#
#81992000
1#
b00001011 )
b001 -
#82002000
0#
#82012000
1#
b10000001 )
1*
b000 -
#82022000
0#
#82032000
1#
1(
b00000000 )
0*
0+
b111 -
b00000000000000000000000000000000 .
#82042000
0#
#82052000
1#
#82062000
0#
b00110010 %
1'
#82072000
1#
b00000000000000000000000000110010 .
#82082000
0#
b01011100 %
#82092000
1#
b00000000000000000000000010001110 .
#82102000
0#
b01011001 %
#82112000
1#
b00000000000000000000000011100111 .
#82122000
0#
b01101001 %
#82132000
1#
b00000000000000000000000101010000 .
#82142000
0#
b01011111 %
#82152000
1#
b00000000000000000000000110101111 .
#82162000
0#
b00111111 %
#82172000
1#
b00000000000000000000000111101110 .
#82182000
0#
b00110110 %
#82192000
1#
b00000000000000000000001000100100 .
#82202000
0#
b01010000 %
#82212000
1#
b00000000000000000000001001110100 .
#82222000
0#
b01010111 %
#82232000
1#
b00000000000000000000001011001011 .
#82242000
0#
b01000110 %
#82252000
1#
b00000000000000000000001100010001 .
#82262000
0#
b01000010 %
#82272000
1#
b00000000000000000000001101010011 .
#82282000
0#
b01000100 %
#82292000
1#
b00000000000000000000001110010111 .
#82302000
0#
b01000010 %
#82312000
1#
b00000000000000000000001111011001 .
#82322000
0#
b01110011 %
#82332000
1#
b00000000000000000000010001001100 .
#82342000
0#
b01010000 %
#82352000
1#
b00000000000000000000010010011100 .
#82362000
0#
b01011100 %
#82372000
1#
b00000000000000000000010011111000 .
#82382000
0#
b01011101 %
0,
#82392000
1#
b00000000000000000000010101010101 .
#82402000
0#
b01000100 %
1,
#82412000
1#
b00000000000000000000010110011001 .
#82422000
0#
b01100010 %
#82432000
1#
b00000000000000000000010111111011 .
#82442000
0#
b01100100 %
#82452000
1#
b00000000000000000000011001011111 .
#82462000
0#
b01000110 %
#82472000
1#
b00000000000000000000011010100101 .
#82482000
0#
b01101111 %
#82492000
1#
b00000000000000000000011100010100 .
#82502000
0#
b01000100 %
#82512000
1#
b00000000000000000000011101011000 .
#82522000
0#
b01111010 %
#82532000
1#
b00000000000000000000011111010010 .
#82542000
0#
b01000000 %
#82552000
1#
b00000000000000000000100000010010 .
#82562000
0#
b01001000 %
#82572000
1#
b00000000000000000000100001011010 .
#82582000
0#
b00110101 %
#82592000
1#
b00000000000000000000100010001111 .
#82602000
0#
b01011010 %
#82612000
1#
b00000000000000000000100011101001 .
#82622000
0#
b00111100 %
#82632000
1#
b00000000000000000000100100100101 .
#82642000
0#
b01010011 %
#82652000
1#
b00000000000000000000100101111000 .
#82662000
0#
b01101010 %
#82672000
1#
b00000000000000000000100111100010 .
#82682000
0#
b01000000 %
#82692000
1#
b00000000000000000000101000100010 .
#82702000
0#
b01110100 %
#82712000
1#
b00000000000000000000101010010110 .
#82722000
0#
b00110010 %
#82732000
1#
b00000000000000000000101011001000 .
#82742000
0#
b01110110 %
#82752000
1#
b00000000000000000000101100111110 .
#82762000
0#
b00110010 %
#82772000
1#
b00000000000000000000101101110000 .
#82782000
0#
b01001001 %
0,
#82792000
1#
b00000000000000000000101110111001 .
#82802000
0#
b01100111 %
#82812000
1#
b00000000000000000000110000100000 .
#82822000
0#
b01101011 %
#82832000
1#
b00000000000000000000110010001011 .
#82842000
0#
b01110010 %
#82852000
1#
b00000000000000000000110011111101 .
#82862000
0#
b01000101 %
#82872000
1#
b00000000000000000000110101000010 .
#82882000
0#
b01100000 %
#82892000
1#
b00000000000000000000110110100010 .
#82902000
0#
b00110011 %
1,
#82912000
1#
b00000000000000000000110111010101 .
#82922000
0#
b01000001 %
#82932000
1#
b00000000000000000000111000010110 .
#82942000
0#
b00110001 %
#82952000
1#
b00000000000000000000111001000111 .
#82962000
0#
b01000101 %
#82972000
1#
b00000000000000000000111010001100 .
#82982000
0#
0'
#82992000
1#
#83002000
0#
#83012000
1#
#83022000
0#
#83032000
1#
#83042000
0#
b00110011 %
1&
1'
#83052000
1#
0(
b100 -
b00000000000000000000111010111111 .
#83062000
0#
b00110110 %
0&
#83072000
1#
1+
b011 -
#83082000
0#
0'
#83092000
1#
b010 -
#83102000
0#
#83112000
1#
b00001110 )
b001 -
#83122000
0#
#83132000
1#
b10111111 )
1*
b000 -
#83142000
0#
#83152000
1#
1(
b00000000 )
0*
0+
b111 -
b00000000000000000000000000000000 .
#83162000
0#
#83172000
1#
#83182000
0#
b01101000 %
1'
#83192000
1#
b00000000000000000000000001101000 .
#83202000
0#
b01100000 %
#83212000
1#
b00000000000000000000000011001000 .
#83222000
0#
b01010000 %
#83232000
1#
b00000000000000000000000100011000 .
#83242000
0#
b00110011 %
#83252000
1#
b00000000000000000000000101001011 .
#83262000
0#
b00111010 %
#83272000
1#
b00000000000000000000000110000101 .
#83282000
0#
b00110100 %
#83292000
1#
b00000000000000000000000110111001 .
#83302000
0#
b01101000 %
0,
#83312000
1#
b00000000000000000000001000100001 .
#83322000
0#
b01001010 %
#83332000
1#
b00000000000000000000001001101011 .
#83342000
0#
b00110000 %
#83352000
1#
b00000000000000000000001010011011 .
#83362000
0#
b01011010 %
#83372000
1#
b00000000000000000000001011110101 .
#83382000
0#
b01001010 %
#83392000
1#
b00000000000000000000001100111111 .
#83402000
0#
b01000001 %
1,
#83412000
1#
b00000000000000000000001110000000 .
#83422000
0#
b00110100 %
#83432000
1#
b00000000000000000000001110110100 .
#83442000
0#
b01011011 %
#83452000
1#
b00000000000000000000010000001111 .
#83462000
0#
b01010011 %
#83472000
1#
b00000000000000000000010001100010 .
#83482000
0#
b01101011 %
#83492000
1#
b00000000000000000000010011001101 .
#83502000
0#
b01100010 %
#83512000
1#
b00000000000000000000010100101111 .
#83522000
0#
b01101101 %
#83532000
1#
b00000000000000000000010110011100 .
#83542000
0#
b01010110 %
#83552000
1#
b00000000000000000000010111110010 .
#83562000
0#
b01010001 %
#83572000
1#
b00000000000000000000011001000011 .
#83582000
0#
b01110111 %
#83592000
1#
b00000000000000000000011010111010 .
#83602000
0#
b01000111 %
#83612000
1#
b00000000000000000000011100000001 .
#83622000
0#
b01001100 %
#83632000
1#
b00000000000000000000011101001101 .
#83642000
0#
b01110110 %
#83652000
1#
b00000000000000000000011111000011 .
#83662000
0#
b01000011 %
#83672000
1#
b00000000000000000000100000000110 .
#83682000
0#
b01001110 %
#83692000
1#
b00000000000000000000100001010100 .
#83702000
0#
b00110011 %
#83712000
1#
b00000000000000000000100010000111 .
#83722000
0#
b01110100 %
#83732000
1#
b00000000000000000000100011111011 .
#83742000
0#
b01011100 %
#83752000
1#
b00000000000000000000100101010111 .
#83762000
0#
b00111010 %
#83772000
1#
b00000000000000000000100110010001 .
#83782000
0#
b00111011 %
#83792000
1#
b00000000000000000000100111001100 .
#83802000
0#
b00110001 %
#83812000
1#
b00000000000000000000100111111101 .
#83822000
0#
b00110010 %
0,
#83832000
1#
b00000000000000000000101000101111 .
#83842000
0#
b01101000 %
#83852000
1#
b00000000000000000000101010010111 .
#83862000
0#
b01100000 %
#83872000
1#
b00000000000000000000101011110111 .
#83882000
0#
b00110111 %
#83892000
1#
b00000000000000000000101100101110 .
#83902000
0#
b01100011 %
#83912000
1#
b00000000000000000000101110010001 .
#83922000
0#
b01010101 %
1,
#83932000
1#
b00000000000000000000101111100110 .
#83942000
0#
b01011111 %
#83952000
1#
b00000000000000000000110001000101 .
#83962000
0#
b01110010 %
#83972000
1#
b00000000000000000000110010110111 .
#83982000
0#
b00111110 %
#83992000
1#
b00000000000000000000110011110101 .
#84002000
0#
b01111001 %
#84012000
1#
b00000000000000000000110101101110 .
#84022000
0#
b01011010 %
#84032000
1#
b00000000000000000000110111001000 .
#84042000
0#
b01000010 %
#84052000
1#
b00000000000000000000111000001010 .
#84062000
0#
b01100011 %
#84072000
1#
b00000000000000000000111001101101 .
#84082000
0#
b01110001 %
#84092000
1#
b00000000000000000000111011011110 .
#84102000
0#
b01001100 %
0,
#84112000
1#
b00000000000000000000111100101010 .
#84122000
0#
b00111010 %
#84132000
1#
b00000000000000000000111101100100 .
#84142000
0#
b01010111 %
#84152000
1#
b00000000000000000000111110111011 .
#84162000
0#
b01011001 %
#84172000
1#
b00000000000000000001000000010100 .
#84182000
0#
b00111010 %
#84192000
1#
b00000000000000000001000001001110 .
#84202000
0#
b01111000 %
#84212000
1#
b00000000000000000001000011000110 .
#84222000
0#
b01001110 %
#84232000
1#
b00000000000000000001000100010100 .
#84242000
0#
b01100111 %
#84252000
1#
b00000000000000000001000101111011 .
#84262000
0#
b01011101 %
#84272000
1#
b00000000000000000001000111011000 .
#84282000
0#
b01010111 %
#84292000
1#
b00000000000000000001001000101111 .
#84302000
0#
b01010110 %
#84312000
1#
b00000000000000000001001010000101 .
#84322000
0#
b01101111 %
#84332000
1#
b00000000000000000001001011110100 .
#84342000
0#
1&
#84352000
1#
0(
b100 -
b00000000000000000001001101100011 .
#84362000
0#
b01000011 %
0&
#84372000
1#
1+
#84382000
0#
0'
#84392000
1#
#84402000
0#
1,
#84412000
1#
b011 -
#84422000
0#
#84432000
1#
b010 -
#84442000
0#
#84452000
1#
b00010011 )
b001 -
#84462000
0#
#84472000
1#
b01100011 )
1*
b000 -
#84482000
0#
#84492000
1#
1(
b00000000 )
0*
0+
b111 -
b00000000000000000000000000000000 .
#84502000
0#
#84512000
1#
#84522000
0#
b00111111 %
1'
#84532000
1#
b00000000000000000000000000111111 .
#84542000
0#
b01110100 %
#84552000
1#
b00000000000000000000000010110011 .
#84562000
0#
b01011011 %
#84572000
1#
b00000000000000000000000100001110 .
#84582000
0#
b01011111 %
#84592000
1#
b00000000000000000000000101101101 .
#84602000
0#
b00111101 %
#84612000
1#
b00000000000000000000000110101010 .
#84622000
0#
b01110111 %
#84632000
1#
b00000000000000000000001000100001 .
#84642000
0#
b01011001 %
#84652000
1#
b00000000000000000000001001111010 .
#84662000
0#
b01100011 %
#84672000
1#
b00000000000000000000001011011101 .
#84682000
0#
b01101001 %
#84692000
1#
b00000000000000000000001101000110 .
#84702000
0#
b01100011 %
#84712000
1#
b00000000000000000000001110101001 .
#84722000
0#
b01111001 %
#84732000
1#
b00000000000000000000010000100010 .
#84742000
0#
b01100101 %
#84752000
1#
b00000000000000000000010010000111 .
#84762000
0#
b01011100 %
#84772000
1#
b00000000000000000000010011100011 .
#84782000
0#
b01001111 %
#84792000
1#
b00000000000000000000010100110010 .
#84802000
0#
b01111010 %
#84812000
1#
b00000000000000000000010110101100 .
#84822000
0#
b00110011 %
#84832000
1#
b00000000000000000000010111011111 .
#84842000
0#
b01111001 %
#84852000
1#
b00000000000000000000011001011000 .
#84862000
0#
b01101111 %
#84872000
1#
b00000000000000000000011011000111 .
#84882000
0#
b01001011 %
#84892000
1#
b00000000000000000000011100010010 .
#84902000
0#
b01111010 %
0,
#84912000
1#
b00000000000000000000011110001100 .
#84922000
0#
b01100001 %
#84932000
1#
b00000000000000000000011111101101 .
#84942000
0#
b01110000 %
#84952000
1#
b00000000000000000000100001011101 .
#84962000
0#
b01010001 %
#84972000
1#
b00000000000000000000100010101110 .
#84982000
0#
b01110011 %
#84992000
1#
b00000000000000000000100100100001 .
#85002000
0#
b01001001 %
#85012000
1#
b00000000000000000000100101101010 .
#85022000
0#
b01110111 %
1,
#85032000
1#
b00000000000000000000100111100001 .
#85042000
0#
b01001111 %
1&
#85052000
1#
0(
b100 -
b00000000000000000000101000110000 .
#85062000
0#
b01001000 %
0&
#85072000
1#
1+
b011 -
#85082000
0#
0'
#85092000
1#
b010 -
#85102000
0#
#85112000
1#
b00001010 )
b001 -
#85122000
0#
#85132000
1#
b00110000 )
1*
b000 -
#85142000
0#
0,
#85152000
1#
1(
b00000000 )
0*
0+
b00000000000000000000000000000000 .
#85162000
0#
#85172000
1#
#85182000
0#
b01101000 %
1'
#85192000
1#
b00000000000000000000000001101000 .
#85202000
0#
b01011011 %
#85212000
1#
b00000000000000000000000011000011 .
#85222000
0#
b01110111 %
#85232000
1#
b00000000000000000000000100111010 .
#85242000
0#
b00110011 %
#85252000
1#
b00000000000000000000000101101101 .
#85262000
0#
b01111001 %
#85272000
1#
b00000000000000000000000111100110 .
#85282000
0#
b01100011 %
#85292000
1#
b00000000000000000000001001001001 .
#85302000
0#
b01110100 %
#85312000
1#
b00000000000000000000001010111101 .
#85322000
0#
b01001000 %
1,
#85332000
1#
b00000000000000000000001100000101 .
#85342000
0#
b01000001 %
0,
#85352000
1#
b00000000000000000000001101000110 .
#85362000
0#
b01101101 %
#85372000
1#
b00000000000000000000001110110011 .
#85382000
0#
b01010111 %
#85392000
1#
b00000000000000000000010000001010 .
#85402000
0#
b01110100 %
#85412000
1#
b00000000000000000000010001111110 .
#85422000
0#
b00110111 %
1,
#85432000
1#
b00000000000000000000010010110101 .
#85442000
0#
b01110101 %
#85452000
1#
b00000000000000000000010100101010 .
#85462000
0#
b01010010 %
#85472000
1#
b00000000000000000000010101111100 .
#85482000
0#
b01011001 %
#85492000
1#
b00000000000000000000010111010101 .
#85502000
0#
b01001010 %
#85512000
1#
b00000000000000000000011000011111 .
#85522000
0#
b01001011 %
#85532000
1#
b00000000000000000000011001101010 .
#85542000
0#
b01000001 %
#85552000
1#
b00000000000000000000011010101011 .
#85562000
0#
b00111010 %
#85572000
1#
b00000000000000000000011011100101 .
#85582000
0#
b01110001 %
#85592000
1#
b00000000000000000000011101010110 .
#85602000
0#
b01100101 %
0,
#85612000
1#
b00000000000000000000011110111011 .
#85622000
0#
b01000110 %
#85632000
1#
b00000000000000000000100000000001 .
#85642000
0#
b00110000 %
#85652000
1#
b00000000000000000000100000110001 .
#85662000
0#
b01111001 %
#85672000
1#
b00000000000000000000100010101010 .
#85682000
0#
b00111010 %
#85692000
1#
b00000000000000000000100011100100 .
#85702000
0#
b01010000 %
#85712000
1#
b00000000000000000000100100110100 .
#85722000
0#
b01100011 %
#85732000
1#
b00000000000000000000100110010111 .
#85742000
0#
b01011111 %
1,
#85752000
1#
b00000000000000000000100111110110 .
#85762000
0#
b01011011 %
#85772000
1#
b00000000000000000000101001010001 .
#85782000
0#
b01010000 %
#85792000
1#
b00000000000000000000101010100001 .
#85802000
0#
b01111000 %
#85812000
1#
b00000000000000000000101100011001 .
#85822000
0#
b01010001 %
#85832000
1#
b00000000000000000000101101101010 .
#85842000
0#
b01110110 %
#85852000
1#
b00000000000000000000101111100000 .
#85862000
0#
b01010101 %
#85872000
1#
b00000000000000000000110000110101 .
#85882000
0#
b01000100 %
#85892000
1#
b00000000000000000000110001111001 .
#85902000
0#
b01111010 %
1&
#85912000
1#
0(
b100 -
b00000000000000000000110011110011 .
#85922000
0#
b01101010 %
0&
0,
#85932000
1#
1+
#85942000
0#
0'
#85952000
1#
#85962000
0#
#85972000
1#
#85982000
0#
#85992000
1#
#86002000
0#
#86012000
1#
#86022000
0#
#86032000
1#
#86042000
0#
#86052000
1#
#86062000
0#
#86072000
1#
#86082000
0#
1,
#86092000
1#
b011 -
#86102000
0#
#86112000
1#
b010 -
#86122000
0#
#86132000
1#
b00001100 )
b001 -
#86142000
0#
#86152000
1#
b11110011 )
1*
b000 -
#86162000
0#
0,
#86172000
1#
1(
b00000000 )
0*
0+
b00000000000000000000000000000000 .
#86182000
0#
#86192000
1#
#86202000
0#
b00110011 %
1'
#86212000
1#
b00000000000000000000000000110011 .
#86222000
0#
b01100010 %
#86232000
1#
b00000000000000000000000010010101 .
#86242000
0#
b01101001 %
#86252000
1#
b00000000000000000000000011111110 .
#86262000
0#
b01001000 %
#86272000
1#
b00000000000000000000000101000110 .
#86282000
0#
b01100010 %
1,
#86292000
1#
b00000000000000000000000110101000 .
#86302000
0#
b01010110 %
#86312000
1#
b00000000000000000000000111111110 .
#86322000
0#
b01010100 %
#86332000
1#
b00000000000000000000001001010010 .
#86342000
0#
b01011110 %
#86352000
1#
b00000000000000000000001010110000 .
#86362000
0#
b01101111 %
#86372000
1#
b00000000000000000000001100011111 .
#86382000
0#
b01010000 %
#86392000
1#
b00000000000000000000001101101111 .
#86402000
0#
b01000111 %
#86412000
1#
b00000000000000000000001110110110 .
#86422000
0#
b01111000 %
#86432000
1#
b00000000000000000000010000101110 .
#86442000
0#
b01000100 %
#86452000
1#
b00000000000000000000010001110010 .
#86462000
0#
b01010101 %
#86472000
1#
b00000000000000000000010011000111 .
#86482000
0#
b01100101 %
#86492000
1#
b00000000000000000000010100101100 .
#86502000
0#
b01100011 %
#86512000
1#
b00000000000000000000010110001111 .
#86522000
0#
b01000100 %
#86532000
1#
b00000000000000000000010111010011 .
#86542000
0#
b01110100 %
#86552000
1#
b00000000000000000000011001000111 .
#86562000
0#
b00110111 %
#86572000
1#
b00000000000000000000011001111110 .
#86582000
0#
b01100101 %
#86592000
1#
b00000000000000000000011011100011 .
#86602000
0#
b01110011 %
0,
#86612000
1#
b00000000000000000000011101010110 .
#86622000
0#
b01010011 %
#86632000
1#
b00000000000000000000011110101001 .
#86642000
0#
b01110001 %
1&
#86652000
1#
0(
b100 -
b00000000000000000000100000011010 .
#86662000
0#
b01110000 %
0&
#86672000
1#
1+
#86682000
0#
0'
1,
#86692000
1#
b011 -
#86702000
0#
#86712000
1#
b010 -
#86722000
0#
#86732000
1#
b00001000 )
b001 -
#86742000
0#
#86752000
1#
b00011010 )
1*
b000 -
#86762000
0#
#86772000
1#
1(
b00000000 )
0*
0+
b111 -
b00000000000000000000000000000000 .
#86782000
0#
#86792000
1#
#86802000
0#
b01100110 %
1'
#86812000
1#
b00000000000000000000000001100110 .
#86822000
0#
b00110010 %
#86832000
1#
b00000000000000000000000010011000 .
#86842000
0#
b00111011 %
#86852000
1#
b00000000000000000000000011010011 .
#86862000
0#
b01011111 %
#86872000
1#
b00000000000000000000000100110010 .
#86882000
0#
b01000010 %
#86892000
1#
b00000000000000000000000101110100 .
#86902000
0#
b00110000 %
#86912000
1#
b00000000000000000000000110100100 .
#86922000
0#
b00110011 %
#86932000
1#
b00000000000000000000000111010111 .
#86942000
0#
b01110101 %
#86952000
1#
b00000000000000000000001001001100 .
#86962000
0#
b01100111 %
#86972000
1#
b00000000000000000000001010110011 .
#86982000
0#
b00110011 %
#86992000
1#
b00000000000000000000001011100110 .
#87002000
0#
b01010101 %
#87012000
1#
b00000000000000000000001100111011 .
#87022000
0#
b01111000 %
#87032000
1#
b00000000000000000000001110110011 .
#87042000
0#
b01101011 %
#87052000
1#
b00000000000000000000010000011110 .
#87062000
0#
b01101010 %
#87072000
1#
b00000000000000000000010010001000 .
#87082000
0#
b01010000 %
#87092000
1#
b00000000000000000000010011011000 .
#87102000
0#
b01100100 %
#87112000
1#
b00000000000000000000010100111100 .
#87122000
0#
b01000100 %
0,
#87132000
1#
b00000000000000000000010110000000 .
#87142000
0#
b01100100 %
#87152000
1#
b00000000000000000000010111100100 .
#87162000
0#
b00110110 %
#87172000
1#
b00000000000000000000011000011010 .
#87182000
0#
b01001110 %
#87192000
1#
b00000000000000000000011001101000 .
#87202000
0#
b00110010 %
#87212000
1#
b00000000000000000000011010011010 .
#87222000
0#
b01011111 %
1&
#87232000
1#
0(
b100 -
b00000000000000000000011011111001 .
#87242000
0#
b01101110 %
0&
#87252000
1#
1+
#87262000
0#
0'
#87272000
1#
#87282000
0#
#87292000
1#
#87302000
0#
1,
#87312000
1#
b011 -
#87322000
0#
#87332000
1#
b010 -
#87342000
0#
#87352000
1#
b00000110 )
b001 -
#87362000
0#
0,
#87372000
1#
b11111001 )
1*
#87382000
0#
#87392000
1#
#87402000
0#
#87412000
1#
#87422000
0#
#87432000
1#
#87442000
0#
#87452000
1#
#87462000
0#
#87472000
1#
#87482000
0#
#87492000
1#
#87502000
0#
#87512000
1#
#87522000
0#
1,
#87532000
1#
b000 -
#87542000
0#
#87552000
1#
1(
b00000000 )
0*
0+
b111 -
b00000000000000000000000000000000 .
#87562000
0#
#87572000
1#
#87582000
0#
b01001001 %
1'
#87592000
1#
b00000000000000000000000001001001 .
#87602000
0#
b00111101 %
#87612000
1#
b00000000000000000000000010000110 .
#87622000
0#
b00110101 %
#87632000
1#
b00000000000000000000000010111011 .
#87642000
0#
b01001110 %
#87652000
1#
b00000000000000000000000100001001 .
#87662000
0#
b01110001 %
#87672000
1#
b00000000000000000000000101111010 .
#87682000
0#
b01110010 %
0,
#87692000
1#
b00000000000000000000000111101100 .
#87702000
0#
b01010110 %
#87712000
1#
b00000000000000000000001001000010 .
#87722000
0#
b01000110 %
#87732000
1#
b00000000000000000000001010001000 .
#87742000
0#
b01000010 %
#87752000
1#
b00000000000000000000001011001010 .
#87762000
0#
b01101010 %
#87772000
1#
b00000000000000000000001100110100 .
#87782000
0#
b01000001 %
1,
#87792000
1#
b00000000000000000000001101110101 .
#87802000
0#
b01101010 %
#87812000
1#
b00000000000000000000001111011111 .
#87822000
0#
b01101001 %
#87832000
1#
b00000000000000000000010001001000 .
#87842000
0#
b01011011 %
#87852000
1#
b00000000000000000000010010100011 .
#87862000
0#
b01011110 %
#87872000
1#
b00000000000000000000010100000001 .
#87882000
0#
b01011001 %
#87892000
1#
b00000000000000000000010101011010 .
#87902000
0#
b00110011 %
#87912000
1#
b00000000000000000000010110001101 .
#87922000
0#
b01000011 %
#87932000
1#
b00000000000000000000010111010000 .
#87942000
0#
b01001010 %
0,
#87952000
1#
b00000000000000000000011000011010 .
#87962000
0#
b00111100 %
#87972000
1#
b00000000000000000000011001010110 .
#87982000
0#
b01100001 %
#87992000
1#
b00000000000000000000011010110111 .
#88002000
0#
b01101111 %
#88012000
1#
b00000000000000000000011100100110 .
#88022000
0#
b01010010 %
#88032000
1#
b00000000000000000000011101111000 .
#88042000
0#
b01100000 %
#88052000
1#
b00000000000000000000011111011000 .
#88062000
0#
b00111101 %
1&
#88072000
1#
0(
b100 -
b00000000000000000000100000010101 .
#88082000
0#
b01110100 %
0&
#88092000
1#
1+
#88102000
0#
0'
#88112000
1#
#88122000
0#
#88132000
1#
#88142000
0#
#88152000
1#
#88162000
0#
#88172000
1#
#88182000
0#
#88192000
1#
#88202000
0#
#88212000
1#
#88222000
0#
#88232000
1#
#88242000
0#
#88252000
1#
#88262000
0#
1,
#88272000
1#
b011 -
#88282000
0#
#88292000
1#
b010 -
#88302000
0#
#88312000
1#
b00001000 )
b001 -
#88322000
0#
#88332000
1#
b00010101 )
1*
b000 -
#88342000
0#
#88352000
1#
1(
b00000000 )
0*
0+
b111 -
b00000000000000000000000000000000 .
#88362000
0#
#88372000
1#
#88382000
0#
b01001100 %
1'
#88392000
1#
b00000000000000000000000001001100 .
#88402000
0#
b01100111 %
#88412000
1#
b00000000000000000000000010110011 .
#88422000
0#
b01100001 %
#88432000
1#
b00000000000000000000000100010100 .
#88442000
0#
b01010111 %
#88452000
1#
b00000000000000000000000101101011 .
#88462000
0#
b01001111 %
#88472000
1#
b00000000000000000000000110111010 .
#88482000
0#
b00111000 %
#88492000
1#
b00000000000000000000000111110010 .
#88502000
0#
b00110110 %
#88512000
1#
b00000000000000000000001000101000 .
#88522000
0#
b00110101 %
#88532000
1#
b00000000000000000000001001011101 .
#88542000
0#
b01110111 %
#88552000
1#
b00000000000000000000001011010100 .
#88562000
0#
b01111010 %
#88572000
1#
b00000000000000000000001101001110 .
#88582000
0#
b01010100 %
0,
#88592000
1#
b00000000000000000000001110100010 .
#88602000
0#
b01010001 %
#88612000
1#
b00000000000000000000001111110011 .
#88622000
0#
b00111011 %
#88632000
1#
b00000000000000000000010000101110 .
#88642000
0#
b01100111 %
1,
#88652000
1#
b00000000000000000000010010010101 .
#88662000
0#
b00111011 %
#88672000
1#
b00000000000000000000010011010000 .
#88682000
0#
b01000111 %
#88692000
1#
b00000000000000000000010100010111 .
#88702000
0#
b01101111 %
0,
#88712000
1#
b00000000000000000000010110000110 .
#88722000
0#
b01011111 %
#88732000
1#
b00000000000000000000010111100101 .
#88742000
0#
b01110010 %
#88752000
1#
b00000000000000000000011001010111 .
#88762000
0#
b01001000 %
1,
#88772000
1#
b00000000000000000000011010011111 .
#88782000
0#
b01001010 %
#88792000
1#
b00000000000000000000011011101001 .
#88802000
0#
b00111110 %
#88812000
1#
b00000000000000000000011100100111 .
#88822000
0#
b01001000 %
#88832000
1#
b00000000000000000000011101101111 .
#88842000
0#
b01111000 %
#88852000
1#
b00000000000000000000011111100111 .
#88862000
0#
b01101101 %
0,
#88872000
1#
b00000000000000000000100001010100 .
#88882000
0#
b01100011 %
#88892000
1#
b00000000000000000000100010110111 .
#88902000
0#
b01100100 %
#88912000
1#
b00000000000000000000100100011011 .
#88922000
0#
b01110010 %
#88932000
1#
b00000000000000000000100110001101 .
#88942000
0#
b00110010 %
#88952000
1#
b00000000000000000000100110111111 .
#88962000
0#
b01110111 %
#88972000
1#
b00000000000000000000101000110110 .
#88982000
0#
b00111101 %
#88992000
1#
b00000000000000000000101001110011 .
#89002000
0#
b01100001 %
#89012000
1#
b00000000000000000000101011010100 .
#89022000
0#
b01111010 %
#89032000
1#
b00000000000000000000101101001110 .
#89042000
0#
b01110100 %
#89052000
1#
b00000000000000000000101111000010 .
#89062000
0#
b01011111 %
#89072000
1#
b00000000000000000000110000100001 .
#89082000
0#
b01000011 %
#89092000
1#
b00000000000000000000110001100100 .
#89102000
0#
b00111000 %
#89112000
1#
b00000000000000000000110010011100 .
#89122000
0#
b01010101 %
1,
#89132000
1#
b00000000000000000000110011110001 .
#89142000
0#
b01101111 %
#89152000
1#
b00000000000000000000110101100000 .
#89162000
0#
b00111111 %
#89172000
1#
b00000000000000000000110110011111 .
#89182000
0#
b01011111 %
#89192000
1#
b00000000000000000000110111111110 .
#89202000
0#
b01011001 %
#89212000
1#
b00000000000000000000111001010111 .
#89222000
0#
b00110110 %
#89232000
1#
b00000000000000000000111010001101 .
#89242000
0#
b01001011 %
#89252000
1#
b00000000000000000000111011011000 .
#89262000
0#
b01110111 %
#89272000
1#
b00000000000000000000111101001111 .
#89282000
0#
b01100110 %
#89292000
1#
b00000000000000000000111110110101 .
#89302000
0#
#89312000
1#
b00000000000000000001000000011011 .
#89322000
0#
b01111001 %
#89332000
1#
b00000000000000000001000010010100 .
#89342000
0#
b01101101 %
#89352000
1#
b00000000000000000001000100000001 .
#89362000
0#
b01011011 %
#89372000
1#
b00000000000000000001000101011100 .
#89382000
0#
b00110100 %
#89392000
1#
b00000000000000000001000110010000 .
#89402000
0#
b01110001 %
#89412000
1#
b00000000000000000001001000000001 .
#89422000
0#
b00111010 %
#89432000
1#
b00000000000000000001001000111011 .
#89442000
0#
b01110110 %
#89452000
1#
b00000000000000000001001010110001 .
#89462000
0#
b01011101 %
1&
0,
#89472000
1#
0(
b100 -
b00000000000000000001001100001110 .
#89482000
0#
b01001000 %
0&
#89492000
1#
1+
#89502000
0#
0'
#89512000
1#
#89522000
0#
#89532000
1#
#89542000
0#
#89552000
1#
#89562000
0#
#89572000
1#
#89582000
0#
#89592000
1#
#89602000
0#
#89612000
1#
#89622000
0#
#89632000
1#
#89642000
0#
1,
#89652000
1#
b011 -
#89662000
0#
#89672000
1#
b010 -
#89682000
0#
0,
#89692000
1#
b00010011 )
#89702000
0#
#89712000
1#
#89722000
0#
#89732000
1#
#89742000
0#
#89752000
1#
#89762000
0#
#89772000
1#
#89782000
0#
1,
#89792000
1#
b001 -
#89802000
0#
0,
#89812000
1#
b00001110 )
1*
#89822000
0#
#89832000
1#
#89842000
0#
#89852000
1#
#89862000
0#
#89872000
1#
#89882000
0#
1,
#89892000
1#
b000 -
#89902000
0#
#89912000
1#
1(
b00000000 )
0*
0+
b111 -
b00000000000000000000000000000000 .
#89922000
0#
#89932000
1#
#89942000
0#
b01011000 %
1'
0,
#89952000
1#
b00000000000000000000000001011000 .
#89962000
0#
b01010010 %
#89972000
1#
b00000000000000000000000010101010 .
#89982000
0#
b00111010 %
#89992000
1#
b00000000000000000000000011100100 .
#90002000
0#
b01011000 %
#90012000
1#
b00000000000000000000000100111100 .
#90022000
0#
b01110001 %
#90032000
1#
b00000000000000000000000110101101 .
#90042000
0#
b01000110 %
#90052000
1#
b00000000000000000000000111110011 .
#90062000
0#
b01101010 %
#90072000
1#
b00000000000000000000001001011101 .
#90082000
0#
b01110010 %
#90092000
1#
b00000000000000000000001011001111 .
#90102000
0#
b01010110 %
#90112000
1#
b00000000000000000000001100100101 .
#90122000
0#
b00110010 %
1,
#90132000
1#
b00000000000000000000001101010111 .
#90142000
0#
b01100111 %
#90152000
1#
b00000000000000000000001110111110 .
#90162000
0#
b01000010 %
#90172000
1#
b00000000000000000000010000000000 .
#90182000
0#
b01011101 %
#90192000
1#
b00000000000000000000010001011101 .
#90202000
0#
b01110100 %
#90212000
1#
b00000000000000000000010011010001 .
#90222000
0#
b01001000 %
#90232000
1#
b00000000000000000000010100011001 .
#90242000
0#
b01100110 %
#90252000
1#
b00000000000000000000010101111111 .
#90262000
0#
b01010000 %
0,
#90272000
1#
b00000000000000000000010111001111 .
#90282000
0#
b01010001 %
#90292000
1#
b00000000000000000000011000100000 .
#90302000
0#
b01101111 %
#90312000
1#
b00000000000000000000011010001111 .
#90322000
0#
b01101110 %
#90332000
1#
b00000000000000000000011011111101 .
#90342000
0#
b01011011 %
#90352000
1#
b00000000000000000000011101011000 .
#90362000
0#
b00110001 %
1,
#90372000
1#
b00000000000000000000011110001001 .
#90382000
0#
b01011000 %
#90392000
1#
b00000000000000000000011111100001 .
#90402000
0#
b01101101 %
#90412000
1#
b00000000000000000000100001001110 .
#90422000
0#
b01100001 %
#90432000
1#
b00000000000000000000100010101111 .
#90442000
0#
b01001111 %
#90452000
1#
b00000000000000000000100011111110 .
#90462000
0#
b00110010 %
0,
#90472000
1#
b00000000000000000000100100110000 .
#90482000
0#
b01001100 %
#90492000
1#
b00000000000000000000100101111100 .
#90502000
0#
b01101110 %
#90512000
1#
b00000000000000000000100111101010 .
#90522000
0#
b01001111 %
#90532000
1#
b00000000000000000000101000111001 .
#90542000
0#
#90552000
1#
b00000000000000000000101010001000 .
#90562000
0#
b01000111 %
#90572000
1#
b00000000000000000000101011001111 .
#90582000
0#
b01011100 %
#90592000
1#
b00000000000000000000101100101011 .
#90602000
0#
b01001101 %
#90612000
1#
b00000000000000000000101101111000 .
#90622000
0#
b01010100 %
#90632000
1#
b00000000000000000000101111001100 .
#90642000
0#
b00110100 %
#90652000
1#
b00000000000000000000110000000000 .
#90662000
0#
b01110010 %
#90672000
1#
b00000000000000000000110001110010 .
#90682000
0#
b01001101 %
#90692000
1#
b00000000000000000000110010111111 .
#90702000
0#
b00111101 %
#90712000
1#
b00000000000000000000110011111100 .
#90722000
0#
b00110101 %
#90732000
1#
b00000000000000000000110100110001 .
#90742000
0#
b01001111 %
#90752000
1#
b00000000000000000000110110000000 .
#90762000
0#
b00111010 %
1&
#90772000
1#
0(
b100 -
b00000000000000000000110110111010 .
#90782000
0#
b01011010 %
0&
#90792000
1#
1+
#90802000
0#
0'
#90812000
1#
#90822000
0#
1,
#90832000
1#
b011 -
#90842000
0#
#90852000
1#
b010 -
#90862000
0#
#90872000
1#
b00001101 )
b001 -
#90882000
0#
#90892000
1#
b10111010 )
1*
b000 -
#90902000
0#
#90912000
1#
1(
b00000000 )
0*
0+
b111 -
b00000000000000000000000000000000 .
#90922000
0#
#90932000
1#
#90942000
0#
b01011110 %
1'
#90952000
1#
b00000000000000000000000001011110 .
#90962000
0#
b01010100 %
#90972000
1#
b00000000000000000000000010110010 .
#90982000
0#
b01111000 %
#90992000
1#
b00000000000000000000000100101010 .
#91002000
0#
b00111010 %
#91012000
1#
b00000000000000000000000101100100 .
#91022000
0#
#91032000
1#
b00000000000000000000000110011110 .
#91042000
0#
b00111101 %
#91052000
1#
b00000000000000000000000111011011 .
#91062000
0#
b00111001 %
#91072000
1#
b00000000000000000000001000010100 .
#91082000
0#
b01111001 %
#91092000
1#
b00000000000000000000001010001101 .
#91102000
0#
b01001111 %
#91112000
1#
b00000000000000000000001011011100 .
#91122000
0#
b00110100 %
#91132000
1#
b00000000000000000000001100010000 .
#91142000
0#
b01101010 %
#91152000
1#
b00000000000000000000001101111010 .
#91162000
0#
b01101101 %
#91172000
1#
b00000000000000000000001111100111 .
#91182000
0#
b00111011 %
#91192000
1#
b00000000000000000000010000100010 .
#91202000
0#
b01101010 %
#91212000
1#
b00000000000000000000010010001100 .
#91222000
0#
b01001000 %
#91232000
1#
b00000000000000000000010011010100 .
#91242000
0#
b00110101 %
#91252000
1#
b00000000000000000000010100001001 .
#91262000
0#
b01000101 %
#91272000
1#
b00000000000000000000010101001110 .
#91282000
0#
b00110010 %
#91292000
1#
b00000000000000000000010110000000 .
#91302000
0#
b01100001 %
#91312000
1#
b00000000000000000000010111100001 .
#91322000
0#
b00111010 %
#91332000
1#
b00000000000000000000011000011011 .
#91342000
0#
b01111001 %
#91352000
1#
b00000000000000000000011010010100 .
#91362000
0#
b01110000 %
#91372000
1#
b00000000000000000000011100000100 .
#91382000
0#
b00111110 %
#91392000
1#
b00000000000000000000011101000010 .
#91402000
0#
b01011011 %
#91412000
1#
b00000000000000000000011110011101 .
#91422000
0#
b01001010 %
#91432000
1#
b00000000000000000000011111100111 .
#91442000
0#
b01011010 %
#91452000
1#
b00000000000000000000100001000001 .
#91462000
0#
b01101110 %
#91472000
1#
b00000000000000000000100010101111 .
#91482000
0#
b01010100 %
#91492000
1#
b00000000000000000000100100000011 .
#91502000
0#
b00111110 %
#91512000
1#
b00000000000000000000100101000001 .
#91522000
0#
b01011101 %
#91532000
1#
b00000000000000000000100110011110 .
#91542000
0#
b01110010 %
#91552000
1#
b00000000000000000000101000010000 .
#91562000
0#
b01101101 %
#91572000
1#
b00000000000000000000101001111101 .
#91582000
0#
b01001000 %
0,
#91592000
1#
b00000000000000000000101011000101 .
#91602000
0#
b01000111 %
#91612000
1#
b00000000000000000000101100001100 .
#91622000
0#
b01011111 %
#91632000
1#
b00000000000000000000101101101011 .
#91642000
0#
b01100101 %
#91652000
1#
b00000000000000000000101111010000 .
#91662000
0#
b01001000 %
#91672000
1#
b00000000000000000000110000011000 .
#91682000
0#
b00110110 %
#91692000
1#
b00000000000000000000110001001110 .
#91702000
0#
b01001111 %
1,
#91712000
1#
b00000000000000000000110010011101 .
#91722000
0#
b01100011 %
#91732000
1#
b00000000000000000000110100000000 .
#91742000
0#
b01011101 %
#91752000
1#
b00000000000000000000110101011101 .
#91762000
0#
b01101011 %
0,
#91772000
1#
b00000000000000000000110111001000 .
#91782000
0#
b01100100 %
#91792000
1#
b00000000000000000000111000101100 .
#91802000
0#
b01110111 %
#91812000
1#
b00000000000000000000111010100011 .
#91822000
0#
b01010001 %
#91832000
1#
b00000000000000000000111011110100 .
#91842000
0#
b01100001 %
#91852000
1#
b00000000000000000000111101010101 .
#91862000
0#
b01001010 %
1,
#91872000
1#
b00000000000000000000111110011111 .
#91882000
0#
b00111110 %
#91892000
1#
b00000000000000000000111111011101 .
#91902000
0#
b01001000 %
#91912000
1#
b00000000000000000001000000100101 .
#91922000
0#
b01010000 %
#91932000
1#
b00000000000000000001000001110101 .
#91942000
0#
b01010110 %
#91952000
1#
b00000000000000000001000011001011 .
#91962000
0#
b01000101 %
#91972000
1#
b00000000000000000001000100010000 .
#91982000
0#
b01101111 %
#91992000
1#
b00000000000000000001000101111111 .
#92002000
0#
b01011011 %
#92012000
1#
b00000000000000000001000111011010 .
#92022000
0#
b00110101 %
#92032000
1#
b00000000000000000001001000001111 .
#92042000
0#
b00111000 %
#92052000
1#
b00000000000000000001001001000111 .
#92062000
0#
b01010101 %
#92072000
1#
b00000000000000000001001010011100 .
#92082000
0#
b01111001 %
#92092000
1#
b00000000000000000001001100010101 .
#92102000
0#
b00111011 %
#92112000
1#
b00000000000000000001001101010000 .
#92122000
0#
b01100011 %
1&
#92132000
1#
0(
b100 -
b00000000000000000001001110110011 .
#92142000
0#
b00111010 %
0&
#92152000
1#
1+
b011 -
#92162000
0#
0'
#92172000
1#
b010 -
#92182000
0#
#92192000
1#
b00010011 )
b001 -
#92202000
0#
#92212000
1#
b10110011 )
1*
b000 -
#92222000
0#
#92232000
1#
1(
b00000000 )
0*
0+
b111 -
b00000000000000000000000000000000 .
#92242000
0#
#92252000
1#
#92262000
0#
b01000011 %
1'
#92272000
1#
b00000000000000000000000001000011 .
#92282000
0#
b01011110 %
#92292000
1#
b00000000000000000000000010100001 .
#92302000
0#
b01101111 %
#92312000
1#
b00000000000000000000000100010000 .
#92322000
0#
b00110001 %
#92332000
1#
b00000000000000000000000101000001 .
#92342000
0#
b00110011 %
#92352000
1#
b00000000000000000000000101110100 .
#92362000
0#
b01000111 %
#92372000
1#
b00000000000000000000000110111011 .
#92382000
0#
b00111000 %
#92392000
1#
b00000000000000000000000111110011 .
#92402000
0#
b01100110 %
#92412000
1#
b00000000000000000000001001011001 .
#92422000
0#
b01010110 %
#92432000
1#
b00000000000000000000001010101111 .
#92442000
0#
b00110011 %
0,
#92452000
1#
b00000000000000000000001011100010 .
#92462000
0#
b01011011 %
#92472000
1#
b00000000000000000000001100111101 .
#92482000
0#
b01110000 %
#92492000
1#
b00000000000000000000001110101101 .
#92502000
0#
b01101010 %
1,
#92512000
1#
b00000000000000000000010000010111 .
#92522000
0#
b01111000 %
#92532000
1#
b00000000000000000000010010001111 .
#92542000
0#
b01101000 %
#92552000
1#
b00000000000000000000010011110111 .
#92562000
0#
b00111000 %
#92572000
1#
b00000000000000000000010100101111 .
#92582000
0#
b01100000 %
0,
#92592000
1#
b00000000000000000000010110001111 .
#92602000
0#
b01001011 %
#92612000
1#
b00000000000000000000010111011010 .
#92622000
0#
b01011111 %
#92632000
1#
b00000000000000000000011000111001 .
#92642000
0#
b01100100 %
#92652000
1#
b00000000000000000000011010011101 .
#92662000
0#
b01101000 %
#92672000
1#
b00000000000000000000011100000101 .
#92682000
0#
b00111010 %
#92692000
1#
b00000000000000000000011100111111 .
#92702000
0#
b01011001 %
1,
#92712000
1#
b00000000000000000000011110011000 .
#92722000
0#
b00110000 %
#92732000
1#
b00000000000000000000011111001000 .
#92742000
0#
b01101101 %
#92752000
1#
b00000000000000000000100000110101 .
#92762000
0#
b01011001 %
#92772000
1#
b00000000000000000000100010001110 .
#92782000
0#
b01111010 %
#92792000
1#
b00000000000000000000100100001000 .
#92802000
0#
b00110100 %
#92812000
1#
b00000000000000000000100100111100 .
#92822000
0#
b01110000 %
0,
#92832000
1#
b00000000000000000000100110101100 .
#92842000
0#
b01110110 %
#92852000
1#
b00000000000000000000101000100010 .
#92862000
0#
b01010010 %
#92872000
1#
b00000000000000000000101001110100 .
#92882000
0#
b01010100 %
1,
#92892000
1#
b00000000000000000000101011001000 .
#92902000
0#
b01100010 %
0,
#92912000
1#
b00000000000000000000101100101010 .
#92922000
0#
b00110111 %
#92932000
1#
b00000000000000000000101101100001 .
#92942000
0#
b01110101 %
1,
#92952000
1#
b00000000000000000000101111010110 .
#92962000
0#
b01110110 %
#92972000
1#
b00000000000000000000110001001100 .
#92982000
0#
b01010111 %
0,
#92992000
1#
b00000000000000000000110010100011 .
#93002000
0#
b01110001 %
#93012000
1#
b00000000000000000000110100010100 .
#93022000
0#
b01110101 %
#93032000
1#
b00000000000000000000110110001001 .
#93042000
0#
b01001000 %
1,
#93052000
1#
b00000000000000000000110111010001 .
#93062000
0#
b01100111 %
#93072000
1#
b00000000000000000000111000111000 .
#93082000
0#
b01000000 %
#93092000
1#
b00000000000000000000111001111000 .
#93102000
0#
b01011001 %
#93112000
1#
b00000000000000000000111011010001 .
#93122000
0#
b00110011 %
1&
#93132000
1#
0(
b100 -
b00000000000000000000111100000100 .
#93142000
0#
b01111000 %
0&
#93152000
1#
1+
b011 -
#93162000
0#
0'
#93172000
1#
b010 -
#93182000
0#
#93192000
1#
b00001111 )
b001 -
#93202000
0#
#93212000
1#
b00000100 )
1*
b000 -
#93222000
0#
#93232000
1#
1(
b00000000 )
0*
0+
b111 -
b00000000000000000000000000000000 .
#93242000
0#
#93252000
1#
#93262000
0#
b00110011 %
1'
#93272000
1#
b00000000000000000000000000110011 .
#93282000
0#
b01000111 %
#93292000
1#
b00000000000000000000000001111010 .
#93302000
0#
b00111101 %
#93312000
1#
b00000000000000000000000010110111 .
#93322000
0#
b00110110 %
#93332000
1#
b00000000000000000000000011101101 .
#93342000
0#
b00110100 %
#93352000
1#
b00000000000000000000000100100001 .
#93362000
0#
b01100010 %
#93372000
1#
b00000000000000000000000110000011 .
#93382000
0#
b01110000 %
#93392000
1#
b00000000000000000000000111110011 .
#93402000
0#
b00110110 %
#93412000
1#
b00000000000000000000001000101001 .
#93422000
0#
b00110000 %
#93432000
1#
b00000000000000000000001001011001 .
#93442000
0#
b01101101 %
#93452000
1#
b00000000000000000000001011000110 .
#93462000
0#
b01100110 %
#93472000
1#
b00000000000000000000001100101100 .
#93482000
0#
b01010100 %
#93492000
1#
b00000000000000000000001110000000 .
#93502000
0#
b01011110 %
#93512000
1#
b00000000000000000000001111011110 .
#93522000
0#
b01101111 %
#93532000
1#
b00000000000000000000010001001101 .
#93542000
0#
b01110011 %
#93552000
1#
b00000000000000000000010011000000 .
#93562000
0#
b01011101 %
#93572000
1#
b00000000000000000000010100011101 .
#93582000
0#
b01011010 %
#93592000
1#
b00000000000000000000010101110111 .
#93602000
0#
b01111001 %
#93612000
1#
b00000000000000000000010111110000 .
#93622000
0#
b01011110 %
#93632000
1#
b00000000000000000000011001001110 .
#93642000
0#
b00111000 %
#93652000
1#
b00000000000000000000011010000110 .
#93662000
0#
b01011101 %
#93672000
1#
b00000000000000000000011011100011 .
#93682000
0#
b01001101 %
#93692000
1#
b00000000000000000000011100110000 .
#93702000
0#
b01011110 %
#93712000
1#
b00000000000000000000011110001110 .
#93722000
0#
b01010110 %
#93732000
1#
b00000000000000000000011111100100 .
#93742000
0#
b01101001 %
#93752000
1#
b00000000000000000000100001001101 .
#93762000
0#
b01101010 %
#93772000
1#
b00000000000000000000100010110111 .
#93782000
0#
b00110001 %
#93792000
1#
b00000000000000000000100011101000 .
#93802000
0#
b01001110 %
#93812000
1#
b00000000000000000000100100110110 .
#93822000
0#
b01101011 %
#93832000
1#
b00000000000000000000100110100001 .
#93842000
0#
b01000001 %
#93852000
1#
b00000000000000000000100111100010 .
#93862000
0#
b00111001 %
#93872000
1#
b00000000000000000000101000011011 .
#93882000
0#
b01011101 %
#93892000
1#
b00000000000000000000101001111000 .
#93902000
0#
b01010100 %
#93912000
1#
b00000000000000000000101011001100 .
#93922000
0#
b01011111 %
#93932000
1#
b00000000000000000000101100101011 .
#93942000
0#
b00111110 %
#93952000
1#
b00000000000000000000101101101001 .
#93962000
0#
b01110110 %
#93972000
1#
b00000000000000000000101111011111 .
#93982000
0#
b01100001 %
0,
#93992000
1#
b00000000000000000000110001000000 .
#94002000
0#
b00110110 %
1,
#94012000
1#
b00000000000000000000110001110110 .
#94022000
0#
b01001000 %
#94032000
1#
b00000000000000000000110010111110 .
#94042000
0#
b00111001 %
#94052000
1#
b00000000000000000000110011110111 .
#94062000
0#
b01110011 %
#94072000
1#
b00000000000000000000110101101010 .
#94082000
0#
b01001101 %
#94092000
1#
b00000000000000000000110110110111 .
#94102000
0#
b01110111 %
#94112000
1#
b00000000000000000000111000101110 .
#94122000
0#
b01110001 %
0,
#94132000
1#
b00000000000000000000111010011111 .
#94142000
0#
b00110100 %
#94152000
1#
b00000000000000000000111011010011 .
#94162000
0#
b01001110 %
#94172000
1#
b00000000000000000000111100100001 .
#94182000
0#
b00111101 %
#94192000
1#
b00000000000000000000111101011110 .
#94202000
0#
b01100111 %
#94212000
1#
b00000000000000000000111111000101 .
#94222000
0#
b01010010 %
#94232000
1#
b00000000000000000001000000010111 .
#94242000
0#
b01000100 %
1,
#94252000
1#
b00000000000000000001000001011011 .
#94262000
0#
b00110001 %
#94272000
1#
b00000000000000000001000010001100 .
#94282000
0#
b01011100 %
#94292000
1#
b00000000000000000001000011101000 .
#94302000
0#
b00110111 %
0,
#94312000
1#
b00000000000000000001000100011111 .
#94322000
0#
b01000001 %
1&
#94332000
1#
0(
b100 -
b00000000000000000001000101100000 .
#94342000
0#
b01110001 %
0&
#94352000
1#
1+
#94362000
0#
0'
#94372000
1#
#94382000
0#
#94392000
1#
#94402000
0#
#94412000
1#
#94422000
0#
#94432000
1#
#94442000
0#
1,
#94452000
1#
b011 -
#94462000
0#
#94472000
1#
b010 -
#94482000
0#
#94492000
1#
b00010001 )
b001 -
#94502000
0#
#94512000
1#
b01100000 )
1*
b000 -
#94522000
0#
#94532000
1#
1(
b00000000 )
0*
0+
b111 -
b00000000000000000000000000000000 .
#94542000
0#
#94552000
1#
#94562000
0#
b01000100 %
1'
#94572000
1#
b00000000000000000000000001000100 .
#94582000
0#
b01110110 %
#94592000
1#
b00000000000000000000000010111010 .
#94602000
0#
b01001000 %
#94612000
1#
b00000000000000000000000100000010 .
#94622000
0#
0,
#94632000
1#
b00000000000000000000000101001010 .
#94642000
0#
b01111001 %
#94652000
1#
b00000000000000000000000111000011 .
#94662000
0#
b01100110 %
1,
#94672000
1#
b00000000000000000000001000101001 .
#94682000
0#
b01111001 %
#94692000
1#
b00000000000000000000001010100010 .
#94702000
0#
b01110110 %
#94712000
1#
b00000000000000000000001100011000 .
#94722000
0#
b01010110 %
#94732000
1#
b00000000000000000000001101101110 .
#94742000
0#
b00111101 %
#94752000
1#
b00000000000000000000001110101011 .
#94762000
0#
b01100000 %
#94772000
1#
b00000000000000000000010000001011 .
#94782000
0#
b01000000 %
#94792000
1#
b00000000000000000000010001001011 .
#94802000
0#
b01110011 %
#94812000
1#
b00000000000000000000010010111110 .
#94822000
0#
b01101111 %
#94832000
1#
b00000000000000000000010100101101 .
#94842000
0#
0'
0,
#94852000
1#
#94862000
0#
#94872000
1#
#94882000
0#
#94892000
1#
#94902000
0#
1,
#94912000
1#
#94922000
0#
#94932000
1#
#94942000
0#
0,
#94952000
1#
#94962000
0#
#94972000
1#
#94982000
0#
#94992000
1#
#95002000
0#
1,
#95012000
1#
#95022000
0#
b01100010 %
1'
#95032000
1#
b00000000000000000000010110001111 .
#95042000
0#
b01100000 %
#95052000
1#
b00000000000000000000010111101111 .
#95062000
0#
b01110100 %
0,
#95072000
1#
b00000000000000000000011001100011 .
#95082000
0#
b01001010 %
#95092000
1#
b00000000000000000000011010101101 .
#95102000
0#
b01011110 %
#95112000
1#
b00000000000000000000011100001011 .
#95122000
0#
b01010001 %
#95132000
1#
b00000000000000000000011101011100 .
#95142000
0#
b01001000 %
#95152000
1#
b00000000000000000000011110100100 .
#95162000
0#
b00110111 %
#95172000
1#
b00000000000000000000011111011011 .
#95182000
0#
b01000100 %
#95192000
1#
b00000000000000000000100000011111 .
#95202000
0#
0'
#95212000
1#
#95222000
0#
1,
#95232000
1#
#95242000
0#
#95252000
1#
#95262000
0#
#95272000
1#
#95282000
0#
#95292000
1#
#95302000
0#
#95312000
1#
#95322000
0#
#95332000
1#
#95342000
0#
#95352000
1#
#95362000
0#
#95372000
1#
#95382000
0#
b01001111 %
1'
#95392000
1#
b00000000000000000000100001101110 .
#95402000
0#
b01011101 %
#95412000
1#
b00000000000000000000100011001011 .
#95422000
0#
b01011111 %
#95432000
1#
b00000000000000000000100100101010 .
#95442000
0#
b00110010 %
#95452000
1#
b00000000000000000000100101011100 .
#95462000
0#
b01100011 %
#95472000
1#
b00000000000000000000100110111111 .
#95482000
0#
b01100010 %
#95492000
1#
b00000000000000000000101000100001 .
#95502000
0#
b01101111 %
#95512000
1#
b00000000000000000000101010010000 .
#95522000
0#
b01011011 %
#95532000
1#
b00000000000000000000101011101011 .
#95542000
0#
b01010010 %
#95552000
1#
b00000000000000000000101100111101 .
#95562000
0#
b01010101 %
#95572000
1#
b00000000000000000000101110010010 .
#95582000
0#
b01011001 %
#95592000
1#
b00000000000000000000101111101011 .
#95602000
0#
b01100001 %
#95612000
1#
b00000000000000000000110001001100 .
#95622000
0#
b01101001 %
#95632000
1#
b00000000000000000000110010110101 .
#95642000
0#
b01101010 %
#95652000
1#
b00000000000000000000110100011111 .
#95662000
0#
b00111001 %
#95672000
1#
b00000000000000000000110101011000 .
#95682000
0#
b01100011 %
0,
#95692000
1#
b00000000000000000000110110111011 .
#95702000
0#
b01011000 %
#95712000
1#
b00000000000000000000111000010011 .
#95722000
0#
b01110001 %
#95732000
1#
b00000000000000000000111010000100 .
#95742000
0#
b01101101 %
#95752000
1#
b00000000000000000000111011110001 .
#95762000
0#
b01110010 %
#95772000
1#
b00000000000000000000111101100011 .
#95782000
0#
b00110100 %
#95792000
1#
b00000000000000000000111110010111 .
#95802000
0#
b01010110 %
#95812000
1#
b00000000000000000000111111101101 .
#95822000
0#
b01110111 %
#95832000
1#
b00000000000000000001000001100100 .
#95842000
0#
b01100011 %
#95852000
1#
b00000000000000000001000011000111 .
#95862000
0#
b01001001 %
1,
#95872000
1#
b00000000000000000001000100010000 .
#95882000
0#
b00111001 %
#95892000
1#
b00000000000000000001000101001001 .
#95902000
0#
b00111000 %
1&
#95912000
1#
0(
b100 -
b00000000000000000001000110000001 .
#95922000
0#
b01100100 %
0&
#95932000
1#
1+
b011 -
#95942000
0#
0'
#95952000
1#
b010 -
#95962000
0#
#95972000
1#
b00010001 )
b001 -
#95982000
0#
#95992000
1#
b10000001 )
1*
b000 -
#96002000
0#
#96012000
1#
1(
b00000000 )
0*
0+
b111 -
b00000000000000000000000000000000 .
#96022000
0#
#96032000
1#
#96042000
0#
b01001101 %
1'
#96052000
1#
b00000000000000000000000001001101 .
#96062000
0#
b01111000 %
#96072000
1#
b00000000000000000000000011000101 .
#96082000
0#
b01010001 %
#96092000
1#
b00000000000000000000000100010110 .
#96102000
0#
b01011110 %
#96112000
1#
b00000000000000000000000101110100 .
#96122000
0#
b00110001 %
0,
#96132000
1#
b00000000000000000000000110100101 .
#96142000
0#
b01010001 %
#96152000
1#
b00000000000000000000000111110110 .
#96162000
0#
b01110000 %
#96172000
1#
b00000000000000000000001001100110 .
#96182000
0#
b01001110 %
#96192000
1#
b00000000000000000000001010110100 .
#96202000
0#
b01111001 %
#96212000
1#
b00000000000000000000001100101101 .
#96222000
0#
b01000001 %
#96232000
1#
b00000000000000000000001101101110 .
#96242000
0#
b01111001 %
#96252000
1#
b00000000000000000000001111100111 .
#96262000
0#
b00111000 %
1,
#96272000
1#
b00000000000000000000010000011111 .
#96282000
0#
b01011000 %
#96292000
1#
b00000000000000000000010001110111 .
#96302000
0#
b01000110 %
#96312000
1#
b00000000000000000000010010111101 .
#96322000
0#
b01110100 %
#96332000
1#
b00000000000000000000010100110001 .
#96342000
0#
b01000011 %
#96352000
1#
b00000000000000000000010101110100 .
#96362000
0#
b00111010 %
#96372000
1#
b00000000000000000000010110101110 .
#96382000
0#
b01110110 %
#96392000
1#
b00000000000000000000011000100100 .
#96402000
0#
b00111001 %
#96412000
1#
b00000000000000000000011001011101 .
#96422000
0#
b01100011 %
#96432000
1#
b00000000000000000000011011000000 .
#96442000
0#
b01000000 %
#96452000
1#
b00000000000000000000011100000000 .
#96462000
0#
b01111001 %
0,
#96472000
1#
b00000000000000000000011101111001 .
#96482000
0#
b01100100 %
#96492000
1#
b00000000000000000000011111011101 .
#96502000
0#
b01111010 %
1,
#96512000
1#
b00000000000000000000100001010111 .
#96522000
0#
b01011100 %
#96532000
1#
b00000000000000000000100010110011 .
#96542000
0#
b00110101 %
#96552000
1#
b00000000000000000000100011101000 .
#96562000
0#
b01111001 %
#96572000
1#
b00000000000000000000100101100001 .
#96582000
0#
b01001111 %
#96592000
1#
b00000000000000000000100110110000 .
#96602000
0#
b01000111 %
0,
#96612000
1#
b00000000000000000000100111110111 .
#96622000
0#
b01001001 %
#96632000
1#
b00000000000000000000101001000000 .
#96642000
0#
b01000111 %
1,
#96652000
1#
b00000000000000000000101010000111 .
#96662000
0#
b00110010 %
0,
#96672000
1#
b00000000000000000000101010111001 .
#96682000
0#
b01111001 %
#96692000
1#
b00000000000000000000101100110010 .
#96702000
0#
b01110011 %
#96712000
1#
b00000000000000000000101110100101 .
#96722000
0#
b01010010 %
#96732000
1#
b00000000000000000000101111110111 .
#96742000
0#
b01110110 %
#96752000
1#
b00000000000000000000110001101101 .
#96762000
0#
b01111010 %
#96772000
1#
b00000000000000000000110011100111 .
#96782000
0#
b00110111 %
1,
#96792000
1#
b00000000000000000000110100011110 .
#96802000
0#
b00111001 %
0,
#96812000
1#
b00000000000000000000110101010111 .
#96822000
0#
b01001100 %
#96832000
1#
b00000000000000000000110110100011 .
#96842000
0#
b01000011 %
#96852000
1#
b00000000000000000000110111100110 .
#96862000
0#
b01100011 %
#96872000
1#
b00000000000000000000111001001001 .
#96882000
0#
b01011001 %
#96892000
1#
b00000000000000000000111010100010 .
#96902000
0#
b01100110 %
#96912000
1#
b00000000000000000000111100001000 .
#96922000
0#
b00111000 %
#96932000
1#
b00000000000000000000111101000000 .
#96942000
0#
b00111001 %
1,
#96952000
1#
b00000000000000000000111101111001 .
#96962000
0#
b01010000 %
#96972000
1#
b00000000000000000000111111001001 .
#96982000
0#
b00110001 %
#96992000
1#
b00000000000000000000111111111010 .
#97002000
0#
b01110110 %
#97012000
1#
b00000000000000000001000001110000 .
#97022000
0#
b00111110 %
#97032000
1#
b00000000000000000001000010101110 .
#97042000
0#
b01011001 %
#97052000
1#
b00000000000000000001000100000111 .
#97062000
0#
b01110010 %
#97072000
1#
b00000000000000000001000101111001 .
#97082000
0#
b00111100 %
1&
0,
#97092000
1#
0(
b100 -
b00000000000000000001000110110101 .
#97102000
0#
b01101111 %
0&
#97112000
1#
1+
#97122000
0#
0'
#97132000
1#
#97142000
0#
#97152000
1#
#97162000
0#
#97172000
1#
#97182000
0#
#97192000
1#
#97202000
0#
#97212000
1#
#97222000
0#
#97232000
1#
#97242000
0#
#97252000
1#
#97262000
0#
#97272000
1#
#97282000
0#
#97292000
1#
#97302000
0#
1,
#97312000
1#
b011 -
#97322000
0#
#97332000
1#
b010 -
#97342000
0#
#97352000
1#
b00010001 )
b001 -
#97362000
0#
#97372000
1#
b10110101 )
1*
b000 -
#97382000
0#
#97392000
1#
1(
b00000000 )
0*
0+
b111 -
b00000000000000000000000000000000 .
#97402000
0#
#97412000
1#
#97422000
0#
b01101110 %
1'
#97432000
1#
b00000000000000000000000001101110 .
#97442000
0#
b01011010 %
0,
#97452000
1#
b00000000000000000000000011001000 .
#97462000
0#
b00110101 %
#97472000
1#
b00000000000000000000000011111101 .
#97482000
0#
b01110001 %
#97492000
1#
b00000000000000000000000101101110 .
#97502000
0#
b01101100 %
#97512000
1#
b00000000000000000000000111011010 .
#97522000
0#
b01110010 %
#97532000
1#
b00000000000000000000001001001100 .
#97542000
0#
b01101111 %
#97552000
1#
b00000000000000000000001010111011 .
#97562000
0#
b01011000 %
#97572000
1#
b00000000000000000000001100010011 .
#97582000
0#
b01101111 %
1,
#97592000
1#
b00000000000000000000001110000010 .
#97602000
0#
b01011011 %
#97612000
1#
b00000000000000000000001111011101 .
#97622000
0#
b01110101 %
#97632000
1#
b00000000000000000000010001010010 .
#97642000
0#
b01001100 %
#97652000
1#
b00000000000000000000010010011110 .
#97662000
0#
b00111101 %
#97672000
1#
b00000000000000000000010011011011 .
#97682000
0#
b00111011 %
#97692000
1#
b00000000000000000000010100010110 .
#97702000
0#
b01001011 %
#97712000
1#
b00000000000000000000010101100001 .
#97722000
0#
b00111101 %
0,
#97732000
1#
b00000000000000000000010110011110 .
#97742000
0#
b01000101 %
#97752000
1#
b00000000000000000000010111100011 .
#97762000
0#
b01110001 %
#97772000
1#
b00000000000000000000011001010100 .
#97782000
0#
b01111010 %
#97792000
1#
b00000000000000000000011011001110 .
#97802000
0#
b01001001 %
#97812000
1#
b00000000000000000000011100010111 .
#97822000
0#
b01000110 %
#97832000
1#
b00000000000000000000011101011101 .
#97842000
0#
b00110101 %
#97852000
1#
b00000000000000000000011110010010 .
#97862000
0#
b01010011 %
#97872000
1#
b00000000000000000000011111100101 .
#97882000
0#
b01110100 %
#97892000
1#
b00000000000000000000100001011001 .
#97902000
0#
b01001011 %
1,
#97912000
1#
b00000000000000000000100010100100 .
#97922000
0#
b01011110 %
#97932000
1#
b00000000000000000000100100000010 .
#97942000
0#
#97952000
1#
b00000000000000000000100101100000 .
#97962000
0#
b01100010 %
0,
#97972000
1#
b00000000000000000000100111000010 .
#97982000
0#
b01010001 %
1&
#97992000
1#
0(
b100 -
b00000000000000000000101000010011 .
#98002000
0#
b01110100 %
0&
#98012000
1#
1+
#98022000
0#
0'
1,
#98032000
1#
b011 -
#98042000
0#
#98052000
1#
b010 -
#98062000
0#
#98072000
1#
b00001010 )
b001 -
#98082000
0#
#98092000
1#
b00010011 )
1*
b000 -
#98102000
0#
#98112000
1#
1(
b00000000 )
0*
0+
b111 -
b00000000000000000000000000000000 .
#98122000
0#
#98132000
1#
#98142000
0#
b01010001 %
1'
#98152000
1#
b00000000000000000000000001010001 .
#98162000
0#
b01110111 %
#98172000
1#
b00000000000000000000000011001000 .
#98182000
0#
b01011010 %
#98192000
1#
b00000000000000000000000100100010 .
#98202000
0#
b01111010 %
#98212000
1#
b00000000000000000000000110011100 .
#98222000
0#
b01010110 %
#98232000
1#
b00000000000000000000000111110010 .
#98242000
0#
b00110001 %
#98252000
1#
b00000000000000000000001000100011 .
#98262000
0#
b01001010 %
#98272000
1#
b00000000000000000000001001101101 .
#98282000
0#
b01001101 %
#98292000
1#
b00000000000000000000001010111010 .
#98302000
0#
b00110001 %
#98312000
1#
b00000000000000000000001011101011 .
#98322000
0#
b01000100 %
0,
#98332000
1#
b00000000000000000000001100101111 .
#98342000
0#
b00111110 %
#98352000
1#
b00000000000000000000001101101101 .
#98362000
0#
b01001100 %
#98372000
1#
b00000000000000000000001110111001 .
#98382000
0#
b00110110 %
#98392000
1#
b00000000000000000000001111101111 .
#98402000
0#
b01101100 %
#98412000
1#
b00000000000000000000010001011011 .
#98422000
0#
b01100010 %
#98432000
1#
b00000000000000000000010010111101 .
#98442000
0#
b01110100 %
1,
#98452000
1#
b00000000000000000000010100110001 .
#98462000
0#
b01011111 %
#98472000
1#
b00000000000000000000010110010000 .
#98482000
0#
b00110001 %
#98492000
1#
b00000000000000000000010111000001 .
#98502000
0#
b01001110 %
#98512000
1#
b00000000000000000000011000001111 .
#98522000
0#
b01010000 %
#98532000
1#
b00000000000000000000011001011111 .
#98542000
0#
b01110111 %
1&
#98552000
1#
0(
b100 -
b00000000000000000000011011010110 .
#98562000
0#
b01100111 %
0&
#98572000
1#
1+
b011 -
#98582000
0#
0'
#98592000
1#
b010 -
#98602000
0#
#98612000
1#
b00000110 )
b001 -
#98622000
0#
#98632000
1#
b11010110 )
1*
b000 -
#98642000
0#
#98652000
1#
1(
b00000000 )
0*
0+
b111 -
b00000000000000000000000000000000 .
#98662000
0#
#98672000
1#
#98682000
0#
b01110011 %
1'
#98692000
1#
b00000000000000000000000001110011 .
#98702000
0#
b01010000 %
#98712000
1#
b00000000000000000000000011000011 .
#98722000
0#
0'
#98732000
1#
#98742000
0#
#98752000
1#
#98762000
0#
#98772000
1#
#98782000
0#
#98792000
1#
#98802000
0#
#98812000
1#
#98822000
0#
#98832000
1#
#98842000
0#
#98852000
1#
#98862000
0#
#98872000
1#
#98882000
0#
#98892000
1#
#98902000
0#
b01110110 %
1'
#98912000
1#
b00000000000000000000000100111001 .
#98922000
0#
b00110111 %
#98932000
1#
b00000000000000000000000101110000 .
#98942000
0#
b00111101 %
#98952000
1#
b00000000000000000000000110101101 .
#98962000
0#
b01100010 %
#98972000
1#
b00000000000000000000001000001111 .
#98982000
0#
b01100100 %
0,
#98992000
1#
b00000000000000000000001001110011 .
#99002000
0#
b01011110 %
#99012000
1#
b00000000000000000000001011010001 .
#99022000
0#
b01010111 %
#99032000
1#
b00000000000000000000001100101000 .
#99042000
0#
b01001011 %
#99052000
1#
b00000000000000000000001101110011 .
#99062000
0#
b01001001 %
#99072000
1#
b00000000000000000000001110111100 .
#99082000
0#
b01000110 %
1,
#99092000
1#
b00000000000000000000010000000010 .
#99102000
0#
b01100111 %
#99112000
1#
b00000000000000000000010001101001 .
#99122000
0#
b01100110 %
#99132000
1#
b00000000000000000000010011001111 .
#99142000
0#
b01110000 %
0,
#99152000
1#
b00000000000000000000010100111111 .
#99162000
0#
b01010111 %
#99172000
1#
b00000000000000000000010110010110 .
#99182000
0#
b01110011 %
#99192000
1#
b00000000000000000000011000001001 .
#99202000
0#
b01110111 %
1,
#99212000
1#
b00000000000000000000011010000000 .
#99222000
0#
b01011011 %
#99232000
1#
b00000000000000000000011011011011 .
#99242000
0#
b01011110 %
#99252000
1#
b00000000000000000000011100111001 .
#99262000
0#
b01001011 %
#99272000
1#
b00000000000000000000011110000100 .
#99282000
0#
b00110111 %
#99292000
1#
b00000000000000000000011110111011 .
#99302000
0#
b00110000 %
#99312000
1#
b00000000000000000000011111101011 .
#99322000
0#
b01101010 %
#99332000
1#
b00000000000000000000100001010101 .
#99342000
0#
b01001100 %
#99352000
1#
b00000000000000000000100010100001 .
#99362000
0#
b01111000 %
#99372000
1#
b00000000000000000000100100011001 .
#99382000
0#
b01000101 %
#99392000
1#
b00000000000000000000100101011110 .
#99402000
0#
b01000001 %
1&
#99412000
1#
0(
b100 -
b00000000000000000000100110011111 .
#99422000
0#
b01110101 %
0&
#99432000
1#
1+
b011 -
#99442000
0#
0'
0,
#99452000
1#
#99462000
0#
1,
#99472000
1#
b010 -
#99482000
0#
#99492000
1#
b00001001 )
b001 -
#99502000
0#
#99512000
1#
b10011111 )
1*
b000 -
#99522000
0#
0,
#99532000
1#
1(
b00000000 )
0*
0+
b00000000000000000000000000000000 .
#99542000
0#
1,
#99552000
1#
#99562000
0#
b01101110 %
1'
#99572000
1#
b00000000000000000000000001101110 .
#99582000
0#
b01010010 %
#99592000
1#
b00000000000000000000000011000000 .
#99602000
0#
b01110011 %
#99612000
1#
b00000000000000000000000100110011 .
#99622000
0#
b01011110 %
#99632000
1#
b00000000000000000000000110010001 .
#99642000
0#
b00110100 %
#99652000
1#
b00000000000000000000000111000101 .
#99662000
0#
b01000001 %
#99672000
1#
b00000000000000000000001000000110 .
#99682000
0#
b01000011 %
#99692000
1#
b00000000000000000000001001001001 .
#99702000
0#
b01011110 %
#99712000
1#
b00000000000000000000001010100111 .
#99722000
0#
b01000110 %
#99732000
1#
b00000000000000000000001011101101 .
#99742000
0#
b01101000 %
0,
#99752000
1#
b00000000000000000000001101010101 .
#99762000
0#
b01110111 %
#99772000
1#
b00000000000000000000001111001100 .
#99782000
0#
b01010101 %
#99792000
1#
b00000000000000000000010000100001 .
#99802000
0#
b00110110 %
#99812000
1#
b00000000000000000000010001010111 .
#99822000
0#
b01001101 %
#99832000
1#
b00000000000000000000010010100100 .
#99842000
0#
b01011110 %
1,
#99852000
1#
b00000000000000000000010100000010 .
#99862000
0#
b01110000 %
#99872000
1#
b00000000000000000000010101110010 .
#99882000
0#
b01010001 %
0,
#99892000
1#
b00000000000000000000010111000011 .
#99902000
0#
b01010000 %
1,
#99912000
1#
b00000000000000000000011000010011 .
#99922000
0#
b01001101 %
#99932000
1#
b00000000000000000000011001100000 .
#99942000
0#
b01001011 %
#99952000
1#
b00000000000000000000011010101011 .
#99962000
0#
b01110110 %
#99972000
1#
b00000000000000000000011100100001 .
#99982000
0#
b01010010 %
#99992000
1#
b00000000000000000000011101110011 .
#100002000
0#
b00110101 %
#100012000
1#
b00000000000000000000011110101000 .
#100022000
0#
b01110101 %
#100032000
1#
b00000000000000000000100000011101 .
#100042000
0#
b01101011 %
#100052000
1#
b00000000000000000000100010001000 .
#100062000
0#
b01101100 %
#100072000
1#
b00000000000000000000100011110100 .
#100082000
0#
b01101110 %
#100092000
1#
b00000000000000000000100101100010 .
#100102000
0#
b01111000 %
#100112000
1#
b00000000000000000000100111011010 .
#100122000
0#
#100132000
1#
b00000000000000000000101001010010 .
#100142000
0#
b01111001 %
#100152000
1#
b00000000000000000000101011001011 .
#100162000
0#
b00110100 %
#100172000
1#
b00000000000000000000101011111111 .
#100182000
0#
b00110101 %
#100192000
1#
b00000000000000000000101100110100 .
#100202000
0#
b01011010 %
#100212000
1#
b00000000000000000000101110001110 .
#100222000
0#
b00110100 %
#100232000
1#
b00000000000000000000101111000010 .
#100242000
0#
b01001111 %
#100252000
1#
b00000000000000000000110000010001 .
#100262000
0#
b01100101 %
#100272000
1#
b00000000000000000000110001110110 .
#100282000
0#
b01101001 %
#100292000
1#
b00000000000000000000110011011111 .
#100302000
0#
b01110110 %
#100312000
1#
b00000000000000000000110101010101 .
#100322000
0#
b01010111 %
#100332000
1#
b00000000000000000000110110101100 .
#100342000
0#
b01111000 %
#100352000
1#
b00000000000000000000111000100100 .
#100362000
0#
b01001101 %
#100372000
1#
b00000000000000000000111001110001 .
#100382000
0#
b01010110 %
#100392000
1#
b00000000000000000000111011000111 .
#100402000
0#
b01001110 %
#100412000
1#
b00000000000000000000111100010101 .
#100422000
0#
b01001011 %
#100432000
1#
b00000000000000000000111101100000 .
#100442000
0#
b01110110 %
#100452000
1#
b00000000000000000000111111010110 .
#100462000
0#
b01100111 %
#100472000
1#
b00000000000000000001000000111101 .
#100482000
0#
b01110101 %
#100492000
1#
b00000000000000000001000010110010 .
#100502000
0#
b01101010 %
#100512000
1#
b00000000000000000001000100011100 .
#100522000
0#
b01100110 %
#100532000
1#
b00000000000000000001000110000010 .
#100542000
0#
b01010110 %
1&
#100552000
1#
0(
b100 -
b00000000000000000001000111011000 .
#100562000
0#
0&
0'
#100572000
1#
1+
b011 -
#100582000
0#
0,
#100592000
1#
#100602000
0#
#100612000
1#
#100622000
0#
#100632000
1#
#100642000
0#
#100652000
1#
#100662000
0#
#100672000
1#
#100682000
0#
#100692000
1#
#100702000
0#
#100712000
1#
#100722000
0#
#100732000
1#
#100742000
0#
1,
#100752000
1#
b010 -
#100762000
0#
#100772000
1#
b00010001 )
b001 -
#100782000
0#
#100792000
1#
b11011000 )
1*
b000 -
#100802000
0#
#100812000
1#
1(
b00000000 )
0*
0+
b111 -
b00000000000000000000000000000000 .
#100822000
0#
#100832000
1#
#100842000
0#
#100852000
1#
#100862000
0#
0,
#100872000
1#
#100882000
0#
#100892000
1#
